year,company,company_alt_names,rank,CEO,CEO_alt_names,second_CEO,second_CEO_alt_names,third_CEO,third_CEO_alt_names,wiki_page_snapshot,wiki_page_live
2026,Amazon,Amazon.com,1,Andy Jassy,Andrew Jassy; Andrew R. Jassy,,,,,https://en.wikipedia.org/wiki/Amazon_(company),https://en.wikipedia.org/wiki/Amazon_(company)
2026,Walmart,,2,John Furner,,,,,,https://en.wikipedia.org/wiki/Walmart,https://en.wikipedia.org/wiki/Walmart
2026,UnitedHealth Group,,3,Stephen J. Hemsley,,,,,,https://en.wikipedia.org/wiki/UnitedHealth_Group,https://en.wikipedia.org/wiki/UnitedHealth_Group
2026,Apple,,4,Tim Cook,Timothy D. Cook,,,,,https://en.wikipedia.org/wiki/Apple_Inc.,https://en.wikipedia.org/wiki/Apple_Inc.
2026,Alphabet,,5,Sundar Pichai,,,,,,https://en.wikipedia.org/wiki/Alphabet_Inc.,https://en.wikipedia.org/wiki/Alphabet_Inc.
2026,CVS Health,,6,David Joyner,,,,,,https://en.wikipedia.org/wiki/CVS_Health,https://en.wikipedia.org/wiki/CVS_Health
2026,Berkshire Hathaway,,7,Greg Abel,,,,,,https://en.wikipedia.org/wiki/Berkshire_Hathaway,https://en.wikipedia.org/wiki/Berkshire_Hathaway
2026,McKesson,,8,Brian S. Tyler,Brian Tyler,,,,,https://en.wikipedia.org/wiki/McKesson_Corporation,https://en.wikipedia.org/wiki/McKesson_Corporation
2026,ExxonMobil Holdings,Exxon Mobil,9,Darren Woods,Darren W. Woods,,,,,https://en.wikipedia.org/wiki/ExxonMobil,https://en.wikipedia.org/wiki/ExxonMobil
2026,Cencora,AmerisourceBergen,10,Robert Mauch,,,,,,https://en.wikipedia.org/wiki/Cencora,https://en.wikipedia.org/wiki/Cencora
2026,Microsoft,,11,Satya Nadella,,,,,,https://en.wikipedia.org/wiki/Microsoft,https://en.wikipedia.org/wiki/Microsoft
2026,JPMorgan Chase,,12,Jamie Dimon,,,,,,https://en.wikipedia.org/wiki/JPMorgan_Chase,https://en.wikipedia.org/wiki/JPMorgan_Chase
2026,Costco Wholesale,,13,Ron Vachris,,,,,,https://en.wikipedia.org/wiki/Costco,https://en.wikipedia.org/wiki/Costco
2026,Cigna Group,,14,Brian Evanko,,,,,,https://en.wikipedia.org/wiki/The_Cigna_Group,https://en.wikipedia.org/wiki/The_Cigna_Group
2026,Cardinal Health,,15,Jason Hollar,,,,,,https://en.wikipedia.org/wiki/Cardinal_Health,https://en.wikipedia.org/wiki/Cardinal_Health
2026,Nvidia,,16,Jensen Huang,,,,,,https://en.wikipedia.org/wiki/Nvidia,https://en.wikipedia.org/wiki/Nvidia
2026,Meta Platforms,,17,Mark Zuckerberg,,,,,,https://en.wikipedia.org/wiki/Meta_Platforms,https://en.wikipedia.org/wiki/Meta_Platforms
2026,Elevance Health,,18,Gail Koziara Boudreaux,,,,,,https://en.wikipedia.org/wiki/Elevance_Health,https://en.wikipedia.org/wiki/Elevance_Health
2026,Centene,,19,Sarah London,Sarah M. London,,,,,https://en.wikipedia.org/wiki/Centene_Corporation,https://en.wikipedia.org/wiki/Centene_Corporation
2026,Bank of America,,20,Brian Moynihan,,,,,,https://en.wikipedia.org/wiki/Bank_of_America,https://en.wikipedia.org/wiki/Bank_of_America
2026,Chevron,,21,Mike Wirth,,,,,,https://en.wikipedia.org/wiki/Chevron_Corporation,https://en.wikipedia.org/wiki/Chevron_Corporation
2026,Ford Motor,,22,Jim Farley,,,,,,https://en.wikipedia.org/wiki/Ford_Motor_Company,https://en.wikipedia.org/wiki/Ford_Motor_Company
2026,General Motors,,23,Alfred P. Sloan,,,,,,https://en.wikipedia.org/wiki/General_Motors,https://en.wikipedia.org/wiki/General_Motors
2026,Citigroup,,24,Jane Fraser,,,,,,https://en.wikipedia.org/wiki/Citigroup,https://en.wikipedia.org/wiki/Citigroup
2026,Home Depot,,25,Ted Decker,,,,,,https://en.wikipedia.org/wiki/Home_Depot,https://en.wikipedia.org/wiki/Home_Depot
2026,Fannie Mae,,26,Peter Akwaboah,,,,,,https://en.wikipedia.org/wiki/Fannie_Mae,https://en.wikipedia.org/wiki/Fannie_Mae
2026,Kroger,,27,Greg Foran,,,,,,https://en.wikipedia.org/wiki/Kroger,https://en.wikipedia.org/wiki/Kroger
2026,Verizon Communications,,28,Dan Schulman,,,,,,https://en.wikipedia.org/wiki/Verizon,https://en.wikipedia.org/wiki/Verizon
2026,Phillips 66,,29,Mark Lashier,,,,,,https://en.wikipedia.org/wiki/Phillips_66,https://en.wikipedia.org/wiki/Phillips_66
2026,Marathon Petroleum,,30,Maryann Mannen,,,,,,https://en.wikipedia.org/wiki/Marathon_Petroleum,https://en.wikipedia.org/wiki/Marathon_Petroleum
2026,StoneX Group,,31,Sean M. O'Connor,Sean O'Connor,,,,,https://en.wikipedia.org/wiki/StoneX_Group_Inc.,https://en.wikipedia.org/wiki/StoneX_Group_Inc.
2026,State Farm Insurance,,32,Jon Farney,,,,,,https://en.wikipedia.org/wiki/State_Farm,https://en.wikipedia.org/wiki/State_Farm
2026,Freddie Mac,,33,Kenny M. Smith,,,,,,https://en.wikipedia.org/wiki/Freddie_Mac,https://en.wikipedia.org/wiki/Freddie_Mac
2026,Humana,,34,Jim Rechtin,,,,,,https://en.wikipedia.org/wiki/Humana,https://en.wikipedia.org/wiki/Humana
2026,AT&T,,35,John T. Stankey,John Stankey,,,,,https://en.wikipedia.org/wiki/AT%26T,https://en.wikipedia.org/wiki/AT%26T
2026,Goldman Sachs Group,,36,David M. Solomon,David Solomon,,,,,https://en.wikipedia.org/wiki/Goldman_Sachs,https://en.wikipedia.org/wiki/Goldman_Sachs
2026,Comcast,,37,Brian L. Roberts,Brian Roberts,Michael J. Cavanagh,Michael Cavanagh,,,https://en.wikipedia.org/wiki/Comcast,https://en.wikipedia.org/wiki/Comcast
2026,Wells Fargo,,38,Charles Scharf,Charles W. Scharf,,,,,https://en.wikipedia.org/wiki/Wells_Fargo,https://en.wikipedia.org/wiki/Wells_Fargo
2026,Morgan Stanley,,39,Ted Pick,,,,,,https://en.wikipedia.org/wiki/Morgan_Stanley,https://en.wikipedia.org/wiki/Morgan_Stanley
2026,Valero Energy,,40,Lane Riggs,,,,,,https://en.wikipedia.org/wiki/Valero_Energy,https://en.wikipedia.org/wiki/Valero_Energy
2026,Dell Technologies,,41,Michael Dell,Michael S. Dell,,,,,https://en.wikipedia.org/wiki/Dell_Technologies,https://en.wikipedia.org/wiki/Dell_Technologies
2026,Target,,42,Michael Fiddelke,,,,,,https://en.wikipedia.org/wiki/Target_Corporation,https://en.wikipedia.org/wiki/Target_Corporation
2026,Tesla,,43,Elon Musk,,,,,,"https://en.wikipedia.org/wiki/Tesla,_Inc.","https://en.wikipedia.org/wiki/Tesla,_Inc."
2026,Walt Disney,,44,Josh D'Amaro,,,,,,https://en.wikipedia.org/wiki/The_Walt_Disney_Company,https://en.wikipedia.org/wiki/The_Walt_Disney_Company
2026,Johnson & Johnson,,45,Joaquin Duato,,,,,,https://en.wikipedia.org/wiki/Johnson_%26_Johnson,https://en.wikipedia.org/wiki/Johnson_%26_Johnson
2026,PepsiCo,,46,Ramón Laguarta,,,,,,https://en.wikipedia.org/wiki/PepsiCo,https://en.wikipedia.org/wiki/PepsiCo
2026,Boeing,,47,Kelly Ortberg,,,,,,https://en.wikipedia.org/wiki/Boeing,https://en.wikipedia.org/wiki/Boeing
2026,UPS,United Parcel Service,48,Carol B. Tomé,,,,,,https://en.wikipedia.org/wiki/United_Parcel_Service,https://en.wikipedia.org/wiki/United_Parcel_Service
2026,RTX,Raytheon Technologies,49,Christopher T. Calio,,,,,,https://en.wikipedia.org/wiki/RTX_Corporation,https://en.wikipedia.org/wiki/RTX_Corporation
2026,FedEx,,50,Raj Subramaniam,,,,,,https://en.wikipedia.org/wiki/FedEx,https://en.wikipedia.org/wiki/FedEx
2026,Progressive,,51,Tricia Griffith,,,,,,https://en.wikipedia.org/wiki/Progressive_Corporation,https://en.wikipedia.org/wiki/Progressive_Corporation
2026,Lowe's,,52,Marvin Ellison,Marvin R. Ellison,,,,,https://en.wikipedia.org/wiki/Lowe%27s,https://en.wikipedia.org/wiki/Lowe%27s
2026,Energy Transfer,,53,Thomas E. Long,Thomas Long,Marshall S. McCrea III,Marshall McCrea III; Marshall McCrea,,,https://en.wikipedia.org/wiki/Energy_Transfer,https://en.wikipedia.org/wiki/Energy_Transfer
2026,Procter & Gamble,,54,Shailesh Jejurikar,,,,,,https://en.wikipedia.org/wiki/Procter_%26_Gamble,https://en.wikipedia.org/wiki/Procter_%26_Gamble
2026,Sysco,,55,Kevin Hourican,Kevin P. Hourican,,,,,https://en.wikipedia.org/wiki/Sysco,https://en.wikipedia.org/wiki/Sysco
2026,American Express,,56,Stephen J. Squeri,Stephen Squeri,,,,,https://en.wikipedia.org/wiki/American_Express,https://en.wikipedia.org/wiki/American_Express
2026,Albertsons,,57,Susan D. Morris,,,,,,https://en.wikipedia.org/wiki/Albertsons,https://en.wikipedia.org/wiki/Albertsons
2026,Archer Daniels Midland,,58,Juan Luciano,Juan R. Luciano,,,,,https://en.wikipedia.org/wiki/Archer_Daniels_Midland,https://en.wikipedia.org/wiki/Archer_Daniels_Midland
2026,MetLife,,59,Michel A. Khalaf,Michel Khalaf,,,,,https://en.wikipedia.org/wiki/MetLife,https://en.wikipedia.org/wiki/MetLife
2026,HCA Healthcare,,60,Samuel N. Hazen,Samuel Hazen; Sam Hazen,,,,,https://en.wikipedia.org/wiki/HCA_Healthcare,https://en.wikipedia.org/wiki/HCA_Healthcare
2026,Lockheed Martin,,61,James Taiclet,,,,,,https://en.wikipedia.org/wiki/Lockheed_Martin,https://en.wikipedia.org/wiki/Lockheed_Martin
2026,New York Life Insurance,,62,Craig DeSanto,,,,,,https://en.wikipedia.org/wiki/New_York_Life_Insurance_Company,https://en.wikipedia.org/wiki/New_York_Life_Insurance_Company
2026,Capital One Financial,,63,Richard Fairbank,Richard D. Fairbank,,,,,https://en.wikipedia.org/wiki/Capital_One,https://en.wikipedia.org/wiki/Capital_One
2026,Allstate,,64,Thomas J. Wilson,,,,,,https://en.wikipedia.org/wiki/Allstate,https://en.wikipedia.org/wiki/Allstate
2026,Caterpillar,,65,Joe Creed,,,,,,https://en.wikipedia.org/wiki/Caterpillar_Inc.,https://en.wikipedia.org/wiki/Caterpillar_Inc.
2026,IBM,International Business Machines,66,Arvind Krishna,,,,,,https://en.wikipedia.org/wiki/IBM,https://en.wikipedia.org/wiki/IBM
2026,Eli Lilly,,67,David A. Ricks,David Ricks,,,,,https://en.wikipedia.org/wiki/Eli_Lilly_and_Company,https://en.wikipedia.org/wiki/Eli_Lilly_and_Company
2026,Merck,,68,Robert M. Davis,,,,,,https://en.wikipedia.org/wiki/Merck_%26_Co.,https://en.wikipedia.org/wiki/Merck_%26_Co.
2026,Nationwide,,69,Kirt Walker,Kirt A. Walker,,,,,https://en.wikipedia.org/wiki/Nationwide_Mutual_Insurance_Company,https://en.wikipedia.org/wiki/Nationwide_Mutual_Insurance_Company
2026,Broadcom,,70,Hock Tan,Hock E. Tan,,,,,https://en.wikipedia.org/wiki/Broadcom,https://en.wikipedia.org/wiki/Broadcom
2026,Delta Air Lines,,71,Ed Bastian,,,,,,https://en.wikipedia.org/wiki/Delta_Air_Lines,https://en.wikipedia.org/wiki/Delta_Air_Lines
2026,Publix Super Markets,,72,Kevin Murphy,,,,,,https://en.wikipedia.org/wiki/Publix,https://en.wikipedia.org/wiki/Publix
2026,Pfizer,,73,Albert Bourla,,,,,,https://en.wikipedia.org/wiki/Pfizer,https://en.wikipedia.org/wiki/Pfizer
2026,TD Synnex,,74,Patrick Zammit,,,,,,https://en.wikipedia.org/wiki/TD_Synnex,https://en.wikipedia.org/wiki/TD_Synnex
2026,ConocoPhillips,,75,Ryan Lance,Ryan M. Lance,,,,,https://en.wikipedia.org/wiki/ConocoPhillips,https://en.wikipedia.org/wiki/ConocoPhillips
2026,Galaxy Digital,,76,Michael Novogratz,,,,,,https://en.wikipedia.org/wiki/Galaxy_Digital_(company),https://en.wikipedia.org/wiki/Galaxy_Digital_(company)
2026,AbbVie,,77,Robert Michael,,,,,,https://en.wikipedia.org/wiki/AbbVie,https://en.wikipedia.org/wiki/AbbVie
2026,Prudential Financial,,78,Andy Sullivan,,,,,,https://en.wikipedia.org/wiki/Prudential_Financial,https://en.wikipedia.org/wiki/Prudential_Financial
2026,TJX,,79,Ernie Herrman,Ernie L. Herrman,,,,,https://en.wikipedia.org/wiki/TJX,https://en.wikipedia.org/wiki/TJX
2026,Performance Food Group,,80,George L. Holm,George Holm,,,,,https://en.wikipedia.org/wiki/Performance_Food_Group,https://en.wikipedia.org/wiki/Performance_Food_Group
2026,United Airlines Holdings,,81,John Scott Kirby,Scott Kirby,,,,,https://en.wikipedia.org/wiki/United_Airlines,https://en.wikipedia.org/wiki/United_Airlines
2026,Oracle,,82,Clay Magouyrk,,,,,,https://en.wikipedia.org/wiki/Oracle_Corporation,https://en.wikipedia.org/wiki/Oracle_Corporation
2026,Cisco Systems,,83,Chuck Robbins,,,,,,https://en.wikipedia.org/wiki/Cisco,https://en.wikipedia.org/wiki/Cisco
2026,HP,,84,Bruce D. Broussard,Bruce Broussard,,,,,https://en.wikipedia.org/wiki/HP_Inc.,https://en.wikipedia.org/wiki/HP_Inc.
2026,Charter Communications,,85,Chris Winfrey,,,,,,https://en.wikipedia.org/wiki/Charter_Communications,https://en.wikipedia.org/wiki/Charter_Communications
2026,American Airlines Group,,86,Robert Isom,Robert D. Isom,,,,,https://en.wikipedia.org/wiki/American_Airlines_Group,https://en.wikipedia.org/wiki/American_Airlines_Group
2026,Tyson Foods,,87,Donnie King,Donnie D. King,,,,,https://en.wikipedia.org/wiki/Tyson_Foods,https://en.wikipedia.org/wiki/Tyson_Foods
2026,Intel,,88,LipBu Tan,,,,,,https://en.wikipedia.org/wiki/Intel,https://en.wikipedia.org/wiki/Intel
2026,Enterprise Products Partners,,89,W. Randall Fowler,,James Teague,A.J. Teague; Jim Teague,,,https://en.wikipedia.org/wiki/Enterprise_Products,https://en.wikipedia.org/wiki/Enterprise_Products
2026,Ingram Micro Holding,,90,Paul Bay,,,,,,https://en.wikipedia.org/wiki/Ingram_Micro,https://en.wikipedia.org/wiki/Ingram_Micro
2026,General Dynamics,,91,Phebe Novakovic,Phebe N. Novakovic,,,,,https://en.wikipedia.org/wiki/General_Dynamics,https://en.wikipedia.org/wiki/General_Dynamics
2026,Uber Technologies,,92,Dara Khosrowshahi,,,,,,https://en.wikipedia.org/wiki/Uber,https://en.wikipedia.org/wiki/Uber
2026,USAA,United Services Automobile Assn.,93,Juan Andrade,,,,,,https://en.wikipedia.org/wiki/USAA,https://en.wikipedia.org/wiki/USAA
2026,TIAA,,94,Thasunda Brown Duckett,Thasunda Duckett,,,,,https://en.wikipedia.org/wiki/TIAA,https://en.wikipedia.org/wiki/TIAA
2026,Liberty Mutual Insurance Group,,95,Timothy M. Sweeney,,,,,,https://en.wikipedia.org/wiki/Liberty_Mutual,https://en.wikipedia.org/wiki/Liberty_Mutual
2026,Travelers,,96,Alan D. Schnitzer,,,,,,https://en.wikipedia.org/wiki/The_Travelers_Companies,https://en.wikipedia.org/wiki/The_Travelers_Companies
2026,Bristol-Myers Squibb,,97,Chris Boerner,,,,,,https://en.wikipedia.org/wiki/Bristol_Myers_Squibb,https://en.wikipedia.org/wiki/Bristol_Myers_Squibb
2026,Coca-Cola,,98,Henrique Braun,,,,,,https://en.wikipedia.org/wiki/The_Coca-Cola_Company,https://en.wikipedia.org/wiki/The_Coca-Cola_Company
2026,Nike,,99,Elliott Hill,,,,,,"https://en.wikipedia.org/wiki/Nike,_Inc.","https://en.wikipedia.org/wiki/Nike,_Inc."
2026,Massachusetts Mutual Life,Massachusetts Mutual Life Insurance,100,Roger W. Crandall,Roger Crandall,,,,,https://en.wikipedia.org/wiki/MassMutual,https://en.wikipedia.org/wiki/MassMutual
2026,GE Aerospace,General Electric,101,H. Lawrence Culp Jr.,,,,,,https://en.wikipedia.org/wiki/GE_Aerospace,https://en.wikipedia.org/wiki/GE_Aerospace
2026,Deere,,102,John C. May,John May,,,,,https://en.wikipedia.org/wiki/John_Deere,https://en.wikipedia.org/wiki/John_Deere
2026,Plains GP Holdings,,103,Willie Chiang,,,,,,https://en.wikipedia.org/wiki/Plains_All_American_Pipeline,https://en.wikipedia.org/wiki/Plains_All_American_Pipeline
2026,Molina Healthcare,,104,Joseph Zubretsky,Joseph M. Zubretsky,,,,,https://en.wikipedia.org/wiki/Molina_Healthcare,https://en.wikipedia.org/wiki/Molina_Healthcare
2026,Netflix,,105,Ted Sarandos,,Greg Peters,,,,"https://en.wikipedia.org/wiki/Netflix,_Inc.","https://en.wikipedia.org/wiki/Netflix,_Inc."
2026,Thermo Fisher Scientific,,106,Marc N. Casper,Marc Casper,,,,,https://en.wikipedia.org/wiki/Thermo_Fisher_Scientific,https://en.wikipedia.org/wiki/Thermo_Fisher_Scientific
2026,Abbott Laboratories,,107,Robert B. Ford,Robert Ford,,,,,https://en.wikipedia.org/wiki/Abbott_Laboratories,https://en.wikipedia.org/wiki/Abbott_Laboratories
2026,Qualcomm,,108,Cristiano Amon,,,,,,https://en.wikipedia.org/wiki/Qualcomm,https://en.wikipedia.org/wiki/Qualcomm
2026,Northwestern Mutual,,109,Tim Gerend,,,,,,https://en.wikipedia.org/wiki/Northwestern_Mutual,https://en.wikipedia.org/wiki/Northwestern_Mutual
2026,U.S. Bancorp,,110,Gunjan Kedia,,,,,,https://en.wikipedia.org/wiki/U.S._Bancorp,https://en.wikipedia.org/wiki/U.S._Bancorp
2026,Dollar General,,111,Todd Vasos,,,,,,https://en.wikipedia.org/wiki/Dollar_General,https://en.wikipedia.org/wiki/Dollar_General
2026,Northrop Grumman,,112,Kathy J. Warden,,,,,,https://en.wikipedia.org/wiki/Northrop_Grumman,https://en.wikipedia.org/wiki/Northrop_Grumman
2026,Best Buy,,113,Corie Barry,Corie S. Barry,,,,,https://en.wikipedia.org/wiki/Best_Buy,https://en.wikipedia.org/wiki/Best_Buy
2026,Salesforce,,114,Marc Benioff,Marc R. Benioff,,,,,https://en.wikipedia.org/wiki/Salesforce,https://en.wikipedia.org/wiki/Salesforce
2026,Bank of New York (BNY),Bank of New York Mellon,115,Robin Vince,,,,,,https://en.wikipedia.org/wiki/BNY,https://en.wikipedia.org/wiki/BNY
2026,Honeywell International,,116,Vimal Kapur,,,,,,https://en.wikipedia.org/wiki/Honeywell,https://en.wikipedia.org/wiki/Honeywell
2026,Philip Morris International,,117,Jacek Olczak,,,,,,https://en.wikipedia.org/wiki/Philip_Morris_International,https://en.wikipedia.org/wiki/Philip_Morris_International
2026,CBRE Group,,118,Robert E. Sulentic,Robert Sulentic; Bob Sulentic,,,,,https://en.wikipedia.org/wiki/CBRE_Group,https://en.wikipedia.org/wiki/CBRE_Group
2026,Visa,,119,Ryan McInerney,,,,,,https://en.wikipedia.org/wiki/Visa_Inc.,https://en.wikipedia.org/wiki/Visa_Inc.
2026,Dow,,120,Karen S Carter,,,,,,https://en.wikipedia.org/wiki/Dow_Chemical_Company,https://en.wikipedia.org/wiki/Dow_Chemical_Company
2026,US Foods Holding,,121,David E. Flitman,,,,,,https://en.wikipedia.org/wiki/US_Foods,https://en.wikipedia.org/wiki/US_Foods
2026,Mondelez International,,122,Dirk Van de Put,,,,,,https://en.wikipedia.org/wiki/Mondelez_International,https://en.wikipedia.org/wiki/Mondelez_International
2026,Lithia Motors,,123,Bryan DeBoer,,,,,,https://en.wikipedia.org/wiki/Lithia_Motors,https://en.wikipedia.org/wiki/Lithia_Motors
2026,GE Vernova,,124,Scott Strazik,,,,,,https://en.wikipedia.org/wiki/GE_Vernova,https://en.wikipedia.org/wiki/GE_Vernova
2026,Micron Technology,,125,Sanjay Mehrotra,,,,,,https://en.wikipedia.org/wiki/Micron_Technology,https://en.wikipedia.org/wiki/Micron_Technology
2026,Warner Bros. Discovery,,126,David M. Zaslav,David Zaslav,,,,,https://en.wikipedia.org/wiki/Warner_Bros._Discovery,https://en.wikipedia.org/wiki/Warner_Bros._Discovery
2026,Starbucks,,127,Brian Niccol,Brian R. Niccol,,,,,https://en.wikipedia.org/wiki/Starbucks,https://en.wikipedia.org/wiki/Starbucks
2026,World Kinect,World Fuel Services,128,Michael J. Kasbar,Michael Kasbar,,,,,https://en.wikipedia.org/wiki/World_Kinect_Corporation,https://en.wikipedia.org/wiki/World_Kinect_Corporation
2026,Amgen,,129,Robert A. Bradway,Robert Bradway,,,,,https://en.wikipedia.org/wiki/Amgen,https://en.wikipedia.org/wiki/Amgen
2026,CHS,,130,Jay Debertin,Jay D. Debertin,,,,,https://en.wikipedia.org/wiki/CHS_Inc.,https://en.wikipedia.org/wiki/CHS_Inc.
2026,Advanced Micro Devices,,131,Lisa Su,Lisa T. Su,,,,,https://en.wikipedia.org/wiki/AMD,https://en.wikipedia.org/wiki/AMD
2026,Coupang,,132,Harold Rogers,,,,,,https://en.wikipedia.org/wiki/Coupang,https://en.wikipedia.org/wiki/Coupang
2026,Hewlett Packard Enterprise,,133,Antonio Neri,Antonio F. Neri,,,,,https://en.wikipedia.org/wiki/Hewlett_Packard_Enterprise,https://en.wikipedia.org/wiki/Hewlett_Packard_Enterprise
2026,D.R. Horton,,134,Paul J. Romanowski,,,,,,https://en.wikipedia.org/wiki/D._R._Horton,https://en.wikipedia.org/wiki/D._R._Horton
2026,Lennar,,135,Stuart Miller,,,,,,https://en.wikipedia.org/wiki/Lennar,https://en.wikipedia.org/wiki/Lennar
2026,PNC Financial Services Group,,136,William S. Demchak,William Demchak,,,,,https://en.wikipedia.org/wiki/PNC_Financial_Services,https://en.wikipedia.org/wiki/PNC_Financial_Services
2026,Cummins,,137,Jennifer Rumsey,,,,,,https://en.wikipedia.org/wiki/Cummins,https://en.wikipedia.org/wiki/Cummins
2026,Oneok,,138,Pierce Norton,,,,,,https://en.wikipedia.org/wiki/Oneok,https://en.wikipedia.org/wiki/Oneok
2026,PayPal Holdings,,139,Enrique Lores,Enrique J. Lores,,,,,https://en.wikipedia.org/wiki/PayPal,https://en.wikipedia.org/wiki/PayPal
2026,GuideWell Mutual Holding,,140,Brian Pieninck,,,,,,https://en.wikipedia.org/wiki/GuideWell,https://en.wikipedia.org/wiki/GuideWell
2026,Mastercard,,141,Michael Miebach,,,,,,https://en.wikipedia.org/wiki/Mastercard,https://en.wikipedia.org/wiki/Mastercard
2026,Nucor,,142,Leon Topalian,Leon J. Topalian,,,,,https://en.wikipedia.org/wiki/Nucor,https://en.wikipedia.org/wiki/Nucor
2026,Apollo Global Management,,143,Marc Rowan,,,,,,https://en.wikipedia.org/wiki/Apollo_Global_Management,https://en.wikipedia.org/wiki/Apollo_Global_Management
2026,Penske Automotive Group,,144,Roger Penske,Roger S. Penske,,,,,https://en.wikipedia.org/wiki/Penske_Automotive_Group,https://en.wikipedia.org/wiki/Penske_Automotive_Group
2026,Duke Energy,,145,Harry Sideris,,,,,,https://en.wikipedia.org/wiki/Duke_Energy,https://en.wikipedia.org/wiki/Duke_Energy
2026,United Natural Foods,,146,J. Alexander,,,,,,https://en.wikipedia.org/wiki/United_Natural_Foods,https://en.wikipedia.org/wiki/United_Natural_Foods
2026,Ferguson Enterprises,,147,Kevin Murphy,,,,,,https://en.wikipedia.org/wiki/Ferguson_Enterprises,https://en.wikipedia.org/wiki/Ferguson_Enterprises
2026,Arrow Electronics,,148,William F. Austen,William Austen,,,,,https://en.wikipedia.org/wiki/Arrow_Electronics,https://en.wikipedia.org/wiki/Arrow_Electronics
2026,NRG Energy,,149,Robert Gaudette,,,,,,https://en.wikipedia.org/wiki/NRG_Energy,https://en.wikipedia.org/wiki/NRG_Energy
2026,Truist Financial,,150,William H. Rogers Jr.,William Rogers Jr.,,,,,https://en.wikipedia.org/wiki/Truist,https://en.wikipedia.org/wiki/Truist
2026,Jabil,,151,Mike Dastoor,,,,,,https://en.wikipedia.org/wiki/Jabil,https://en.wikipedia.org/wiki/Jabil
2026,Southern,,152,Chris Womack,,,,,,https://en.wikipedia.org/wiki/Southern_Company,https://en.wikipedia.org/wiki/Southern_Company
2026,Gilead Sciences,,153,Daniel O'Day,Daniel P. O'Day,,,,,https://en.wikipedia.org/wiki/Gilead_Sciences,https://en.wikipedia.org/wiki/Gilead_Sciences
2026,PBF Energy,,154,Matthew C. Lucey,,,,,,https://en.wikipedia.org/wiki/PBF_Energy,https://en.wikipedia.org/wiki/PBF_Energy
2026,Paramount Skydance,Paramount Global,155,David Ellison,,,,,,https://en.wikipedia.org/wiki/Paramount_Skydance,https://en.wikipedia.org/wiki/Paramount_Skydance
2026,KKR,,156,Joseph Y. Bae,Joseph Bae,Scott Nuttall,,,,https://en.wikipedia.org/wiki/KKR_%26_Co.,https://en.wikipedia.org/wiki/KKR_%26_Co.
2026,Quanta Services,,157,Earl C. Austin,Earl Austin; Duke Austin; Earl C. Austin Jr.,,,,,https://en.wikipedia.org/wiki/Quanta_Services,https://en.wikipedia.org/wiki/Quanta_Services
2026,Paccar,,158,Preston Feight,,,,,,https://en.wikipedia.org/wiki/Paccar,https://en.wikipedia.org/wiki/Paccar
2026,Medline,,159,Jim Boyle,,,,,,https://en.wikipedia.org/wiki/Medline_Inc.,https://en.wikipedia.org/wiki/Medline_Inc.
2026,Applied Materials,,160,Gary E. Dickerson,Gary Dickerson,,,,,https://en.wikipedia.org/wiki/Applied_Materials,https://en.wikipedia.org/wiki/Applied_Materials
2026,Hartford Insurance Group,Hartford Financial Services Group,160,Christopher J. Swift,Christopher Swift,,,,,https://en.wikipedia.org/wiki/The_Hartford,https://en.wikipedia.org/wiki/The_Hartford
2026,CarMax,,162,Keith Barr,,,,,,https://en.wikipedia.org/wiki/CarMax,https://en.wikipedia.org/wiki/CarMax
2026,Southwest Airlines,,163,Robert E. Jordan,Robert Jordan; Bob Jordan,,,,,https://en.wikipedia.org/wiki/Southwest_Airlines,https://en.wikipedia.org/wiki/Southwest_Airlines
2026,Baker Hughes,,164,Lorenzo Simonelli,,,,,,https://en.wikipedia.org/wiki/Baker_Hughes,https://en.wikipedia.org/wiki/Baker_Hughes
2026,Charles Schwab,,165,Rick Wurster,,,,,,https://en.wikipedia.org/wiki/Charles_Schwab_Corporation,https://en.wikipedia.org/wiki/Charles_Schwab_Corporation
2026,AutoNation,,166,Mike Manley,Michael Manley,,,,,https://en.wikipedia.org/wiki/AutoNation,https://en.wikipedia.org/wiki/AutoNation
2026,NextEra Energy,,167,John W. Ketchum,John Ketchum,,,,,https://en.wikipedia.org/wiki/NextEra_Energy,https://en.wikipedia.org/wiki/NextEra_Energy
2026,Marsh & McLennan,,168,John Q. Doyle,John Doyle,,,,,https://en.wikipedia.org/wiki/Marsh_McLennan,https://en.wikipedia.org/wiki/Marsh_McLennan
2026,Booking Holdings,,169,Glenn D. Fogel,Glenn Fogel,,,,,https://en.wikipedia.org/wiki/Booking_Holdings,https://en.wikipedia.org/wiki/Booking_Holdings
2026,McDonald's,,170,Chris Kempczinski,,,,,,https://en.wikipedia.org/wiki/McDonald%27s,https://en.wikipedia.org/wiki/McDonald%27s
2026,HF Sinclair,,171,Tim Go,,,,,,https://en.wikipedia.org/wiki/HF_Sinclair,https://en.wikipedia.org/wiki/HF_Sinclair
2026,AIG,American International Group,172,Eric Andersen,,,,,,https://en.wikipedia.org/wiki/American_International_Group,https://en.wikipedia.org/wiki/American_International_Group
2026,Occidental Petroleum,,173,Vicki Hollub,,,,,,https://en.wikipedia.org/wiki/Occidental_Petroleum,https://en.wikipedia.org/wiki/Occidental_Petroleum
2026,Marriott International,,174,Anthony Capuano,Anthony G. Capuano,,,,,https://en.wikipedia.org/wiki/Marriott_International,https://en.wikipedia.org/wiki/Marriott_International
2026,Jones Lang LaSalle,,175,Christian Ulbrich,,,,,,https://en.wikipedia.org/wiki/JLL_(company),https://en.wikipedia.org/wiki/JLL_(company)
2026,International Paper,,176,Andrew Silvernail,,,,,,https://en.wikipedia.org/wiki/International_Paper,https://en.wikipedia.org/wiki/International_Paper
2026,Freeport-McMoRan,,177,Kathleen L. Quirk,,,,,,https://en.wikipedia.org/wiki/Freeport-McMoRan,https://en.wikipedia.org/wiki/Freeport-McMoRan
2026,Constellation Energy,,178,Joseph Dominguez,,,,,,https://en.wikipedia.org/wiki/Constellation_Energy,https://en.wikipedia.org/wiki/Constellation_Energy
2026,Waste Management,,179,James C. Fish Jr.,,,,,,"https://en.wikipedia.org/wiki/Waste_Management,_Inc.","https://en.wikipedia.org/wiki/Waste_Management,_Inc."
2026,Live Nation Entertainment,,180,Michael Rapino,,,,,,https://en.wikipedia.org/wiki/Live_Nation_Entertainment,https://en.wikipedia.org/wiki/Live_Nation_Entertainment
2026,Stryker,,181,Kevin A. Lobo,Kevin Lobo,,,,,https://en.wikipedia.org/wiki/Stryker_Corporation,https://en.wikipedia.org/wiki/Stryker_Corporation
2026,Dollar Tree,,182,Michael C. Creedon Jr.,,,,,,https://en.wikipedia.org/wiki/Dollar_Tree,https://en.wikipedia.org/wiki/Dollar_Tree
2026,3M,,183,William M. Brown,,,,,,https://en.wikipedia.org/wiki/3M,https://en.wikipedia.org/wiki/3M
2026,Kraft Heinz,,184,Steve Cahillane,,,,,,https://en.wikipedia.org/wiki/Kraft_Heinz,https://en.wikipedia.org/wiki/Kraft_Heinz
2026,PG&E,,185,Patti Poppe,,,,,,https://en.wikipedia.org/wiki/Pacific_Gas_and_Electric_Company,https://en.wikipedia.org/wiki/Pacific_Gas_and_Electric_Company
2026,Danaher,,186,Rainer Blair,Rainer M. Blair,,,,,https://en.wikipedia.org/wiki/Danaher_Corporation,https://en.wikipedia.org/wiki/Danaher_Corporation
2026,Union Pacific,,187,Jim Vena,,,,,,https://en.wikipedia.org/wiki/Union_Pacific_Corporation,https://en.wikipedia.org/wiki/Union_Pacific_Corporation
2026,Genuine Parts,,188,Will Stengel,,,,,,https://en.wikipedia.org/wiki/Genuine_Parts_Company,https://en.wikipedia.org/wiki/Genuine_Parts_Company
2026,Exelon,,189,Calvin Butler,Calvin G. Butler,,,,,https://en.wikipedia.org/wiki/Exelon,https://en.wikipedia.org/wiki/Exelon
2026,BlackRock,,190,Larry Fink,,,,,,https://en.wikipedia.org/wiki/BlackRock,https://en.wikipedia.org/wiki/BlackRock
2026,Block,,191,Jack Dorsey,,,,,,"https://en.wikipedia.org/wiki/Block,_Inc.","https://en.wikipedia.org/wiki/Block,_Inc."
2026,Adobe,,192,Shantanu Narayen,,,,,,https://en.wikipedia.org/wiki/Adobe_Inc.,https://en.wikipedia.org/wiki/Adobe_Inc.
2026,Reinsurance Group of America,,193,Tony Cheng,,,,,,https://en.wikipedia.org/wiki/Reinsurance_Group_of_America,https://en.wikipedia.org/wiki/Reinsurance_Group_of_America
2026,Sherwin-Williams,,194,Heidi G. Petz,,,,,,https://en.wikipedia.org/wiki/Sherwin-Williams,https://en.wikipedia.org/wiki/Sherwin-Williams
2026,WESCO International,,195,John Engel,John J. Engel,,,,,https://en.wikipedia.org/wiki/WESCO_International,https://en.wikipedia.org/wiki/WESCO_International
2026,Lear,,196,Raymond E. Scott,Raymond Scott,,,,,https://en.wikipedia.org/wiki/Lear_Corporation,https://en.wikipedia.org/wiki/Lear_Corporation
2026,Synchrony,Synchrony Financial,197,Brian Doubles,Brian D. Doubles,,,,,https://en.wikipedia.org/wiki/Synchrony_Financial,https://en.wikipedia.org/wiki/Synchrony_Financial
2026,Amphenol,,198,R. Adam Norwitt,,,,,,https://en.wikipedia.org/wiki/Amphenol,https://en.wikipedia.org/wiki/Amphenol
2026,Ross Stores,,199,James Conroy,,,,,,https://en.wikipedia.org/wiki/Ross_Stores,https://en.wikipedia.org/wiki/Ross_Stores
2026,Newmont,,200,Natascha Viljoen,,,,,,https://en.wikipedia.org/wiki/Newmont,https://en.wikipedia.org/wiki/Newmont
2026,EOG Resources,,201,Ezra Y. Yacob,,,,,,https://en.wikipedia.org/wiki/EOG_Resources,https://en.wikipedia.org/wiki/EOG_Resources
2026,State Street,,202,Ronald P. O’Hanley,,,,,,https://en.wikipedia.org/wiki/State_Street_Corporation,https://en.wikipedia.org/wiki/State_Street_Corporation
2026,Macy's,,203,Tony Spring,,,,,,https://en.wikipedia.org/wiki/Macy%27s,https://en.wikipedia.org/wiki/Macy%27s
2026,Group 1 Automotive,,204,Daryl Kenningham,,,,,,https://en.wikipedia.org/wiki/Group_1_Automotive,https://en.wikipedia.org/wiki/Group_1_Automotive
2026,CDW,,205,Christine Leahy,Christine A. Leahy,,,,,https://en.wikipedia.org/wiki/CDW,https://en.wikipedia.org/wiki/CDW
2026,Avnet,,206,Phil Gallagher,,,,,,https://en.wikipedia.org/wiki/Avnet,https://en.wikipedia.org/wiki/Avnet
2026,Halliburton,,207,Jeff Miller,,,,,,https://en.wikipedia.org/wiki/Halliburton,https://en.wikipedia.org/wiki/Halliburton
2026,Super Micro Computer,,208,Charles Liang,,,,,,https://en.wikipedia.org/wiki/Supermicro,https://en.wikipedia.org/wiki/Supermicro
2026,American Electric Power,,209,Bill Fehrman,,,,,,https://en.wikipedia.org/wiki/American_Electric_Power,https://en.wikipedia.org/wiki/American_Electric_Power
2026,L3Harris Technologies,,210,Christopher E. Kubasik,Christopher Kubasik; Chris Kubasik,,,,,https://en.wikipedia.org/wiki/L3Harris,https://en.wikipedia.org/wiki/L3Harris
2026,Becton Dickinson,,211,Tom Polen,,,,,,https://en.wikipedia.org/wiki/BD_(company),https://en.wikipedia.org/wiki/BD_(company)
2026,Carrier Global,,212,Dave Gitlin,,,,,,https://en.wikipedia.org/wiki/Carrier_Global,https://en.wikipedia.org/wiki/Carrier_Global
2026,BJ's Wholesale Club,,213,Bob Eddy,,,,,,https://en.wikipedia.org/wiki/BJ%27s_Wholesale_Club,https://en.wikipedia.org/wiki/BJ%27s_Wholesale_Club
2026,Tenet Healthcare,,214,Saum Sutaria,,,,,,https://en.wikipedia.org/wiki/Tenet_Healthcare,https://en.wikipedia.org/wiki/Tenet_Healthcare
2026,Fiserv,,215,Takis Georgakopoulos,,,,,,https://en.wikipedia.org/wiki/Fiserv,https://en.wikipedia.org/wiki/Fiserv
2026,Cognizant Technology Solutions,,216,Ravi Kumar Singisetti,,,,,,https://en.wikipedia.org/wiki/Cognizant,https://en.wikipedia.org/wiki/Cognizant
2026,GE HealthCare Technologies,,217,Peter Arduini,,,,,,https://en.wikipedia.org/wiki/GE_HealthCare,https://en.wikipedia.org/wiki/GE_HealthCare
2026,Automatic Data Processing,,218,Maria Black,,,,,,https://en.wikipedia.org/wiki/ADP_(company),https://en.wikipedia.org/wiki/ADP_(company)
2026,Colgate-Palmolive,,219,Noel Wallace,Noel R. Wallace,,,,,https://en.wikipedia.org/wiki/Colgate-Palmolive,https://en.wikipedia.org/wiki/Colgate-Palmolive
2026,Carvana,,220,Ernest Garcia III,,,,,,https://en.wikipedia.org/wiki/Carvana,https://en.wikipedia.org/wiki/Carvana
2026,Altria Group,,221,Billy Gifford,,,,,,https://en.wikipedia.org/wiki/Altria,https://en.wikipedia.org/wiki/Altria
2026,Boston Scientific,,222,Michael F. Mahoney,Michael Mahoney,,,,,https://en.wikipedia.org/wiki/Boston_Scientific,https://en.wikipedia.org/wiki/Boston_Scientific
2026,Cheniere Energy,,223,Jack Fusco,Jack A. Fusco,,,,,https://en.wikipedia.org/wiki/Cheniere_Energy,https://en.wikipedia.org/wiki/Cheniere_Energy
2026,Parker-Hannifin,,224,Jennifer A. Parmentier,Jennifer Parmentier,,,,,https://en.wikipedia.org/wiki/Parker_Hannifin,https://en.wikipedia.org/wiki/Parker_Hannifin
2026,Kimberly-Clark,,225,Michael D. Hsu,,,,,,https://en.wikipedia.org/wiki/Kimberly-Clark,https://en.wikipedia.org/wiki/Kimberly-Clark
2026,American Family Insurance Group,,226,Bill Westrate,,,,,,https://en.wikipedia.org/wiki/American_Family_Insurance,https://en.wikipedia.org/wiki/American_Family_Insurance
2026,General Mills,,227,Jeffrey Harmening,Jeffrey L. Harmening,,,,,https://en.wikipedia.org/wiki/General_Mills,https://en.wikipedia.org/wiki/General_Mills
2026,Edison International,,228,Pedro J. Pizarro,Pedro Pizarro,,,,,https://en.wikipedia.org/wiki/Edison_International,https://en.wikipedia.org/wiki/Edison_International
2026,AutoZone,,229,Philip B. Daniele,,,,,,https://en.wikipedia.org/wiki/AutoZone,https://en.wikipedia.org/wiki/AutoZone
2026,Ameriprise Financial,,230,James M. Cracchiolo,James Cracchiolo,,,,,https://en.wikipedia.org/wiki/Ameriprise_Financial,https://en.wikipedia.org/wiki/Ameriprise_Financial
2026,Intuit,,231,Sasan Goodarzi,Sasan K. Goodarzi,,,,,https://en.wikipedia.org/wiki/Intuit,https://en.wikipedia.org/wiki/Intuit
2026,Guardian Life Ins. Co. of America,,232,Andrew McMahon,,,,,,https://en.wikipedia.org/wiki/The_Guardian_Life_Insurance_Company_of_America,https://en.wikipedia.org/wiki/The_Guardian_Life_Insurance_Company_of_America
2026,Cleveland-Cliffs,,233,C. Lourenco Goncalves,,,,,,https://en.wikipedia.org/wiki/Cleveland-Cliffs,https://en.wikipedia.org/wiki/Cleveland-Cliffs
2026,Global Partners,,234,Eric Slifka,,,,,,https://en.wikipedia.org/wiki/Global_Partners,https://en.wikipedia.org/wiki/Global_Partners
2026,Aramark,,235,John Zillmer,John J. Zillmer,,,,,https://en.wikipedia.org/wiki/Aramark,https://en.wikipedia.org/wiki/Aramark
2026,Corebridge Financial,,236,Marc Costantini,,,,,,https://en.wikipedia.org/wiki/Corebridge_Financial,https://en.wikipedia.org/wiki/Corebridge_Financial
2026,Loews,,237,Ben Tisch,,,,,,https://en.wikipedia.org/wiki/Loews_Corporation,https://en.wikipedia.org/wiki/Loews_Corporation
2026,Lam Research,,238,Tim Archer,,,,,,https://en.wikipedia.org/wiki/Lam_Research,https://en.wikipedia.org/wiki/Lam_Research
2026,Goodyear Tire & Rubber,,239,Mark Stewart,,,,,,https://en.wikipedia.org/wiki/Goodyear_Tire_and_Rubber_Company,https://en.wikipedia.org/wiki/Goodyear_Tire_and_Rubber_Company
2026,Pacific Life,,240,Darryl Button,,,,,,https://en.wikipedia.org/wiki/Pacific_Life,https://en.wikipedia.org/wiki/Pacific_Life
2026,Auto-Owners Insurance,,241,Jamie Whisnant,,,,,,https://en.wikipedia.org/wiki/Auto-Owners_Insurance,https://en.wikipedia.org/wiki/Auto-Owners_Insurance
2026,Peter Kiewit Sons',,242,Rick Lanoha,,,,,,https://en.wikipedia.org/wiki/Kiewit_Corporation,https://en.wikipedia.org/wiki/Kiewit_Corporation
2026,Lincoln National,,243,Ellen Cooper,Ellen G. Cooper,,,,,https://en.wikipedia.org/wiki/Lincoln_National_Corporation,https://en.wikipedia.org/wiki/Lincoln_National_Corporation
2026,Steel Dynamics,,244,Mark D. Millett,Mark Millett,,,,,https://en.wikipedia.org/wiki/Steel_Dynamics,https://en.wikipedia.org/wiki/Steel_Dynamics
2026,Emerson Electric,,245,Lal Karsanbhai,Lal L. Karsanbhai,,,,,https://en.wikipedia.org/wiki/Emerson_Electric,https://en.wikipedia.org/wiki/Emerson_Electric
2026,Asbury Automotive Group,,246,David W Hult,,,,,,https://en.wikipedia.org/wiki/Asbury_Automotive_Group,https://en.wikipedia.org/wiki/Asbury_Automotive_Group
2026,ManpowerGroup,,247,Jonas Prising,,,,,,https://en.wikipedia.org/wiki/ManpowerGroup,https://en.wikipedia.org/wiki/ManpowerGroup
2026,W.W. Grainger,,248,D.G. Macpherson,,,,,,https://en.wikipedia.org/wiki/W._W._Grainger,https://en.wikipedia.org/wiki/W._W._Grainger
2026,Jones Financial (Edward Jones),,249,Penny Pennington,,,,,,https://en.wikipedia.org/wiki/Edward_Jones_Investments,https://en.wikipedia.org/wiki/Edward_Jones_Investments
2026,O'Reilly Automotive,,250,Brad Beckham,,,,,,https://en.wikipedia.org/wiki/O%27Reilly_Auto_Parts,https://en.wikipedia.org/wiki/O%27Reilly_Auto_Parts
2026,Vistra,,251,James A. Burke,James Burke; Jim Burke,,,,,https://en.wikipedia.org/wiki/Vistra_Corp.,https://en.wikipedia.org/wiki/Vistra_Corp.
2026,Texas Instruments,,252,Haviv Ilan,,,,,,https://en.wikipedia.org/wiki/Texas_Instruments,https://en.wikipedia.org/wiki/Texas_Instruments
2026,MGM Resorts International,,253,Bill Hornbuckle,,,,,,https://en.wikipedia.org/wiki/MGM_Resorts_International,https://en.wikipedia.org/wiki/MGM_Resorts_International
2026,Corteva,,254,Chuck Magro,,,,,,https://en.wikipedia.org/wiki/Corteva,https://en.wikipedia.org/wiki/Corteva
2026,Universal Health Services,,255,Marc D. Miller,Marc Miller,,,,,https://en.wikipedia.org/wiki/Universal_Health_Services,https://en.wikipedia.org/wiki/Universal_Health_Services
2026,PulteGroup,,256,Ryan R. Marshall,Ryan Marshall,,,,,https://en.wikipedia.org/wiki/PulteGroup,https://en.wikipedia.org/wiki/PulteGroup
2026,Omnicom Group,,257,John D. Wren,John Wren,,,,,https://en.wikipedia.org/wiki/Omnicom_Group,https://en.wikipedia.org/wiki/Omnicom_Group
2026,Dick's Sporting Goods,,258,Lauren Hobart,Lauren R. Hobart,,,,,https://en.wikipedia.org/wiki/Dick%27s_Sporting_Goods,https://en.wikipedia.org/wiki/Dick%27s_Sporting_Goods
2026,Devon Energy,,259,Clay Gaspar,,,,,,https://en.wikipedia.org/wiki/Devon_Energy,https://en.wikipedia.org/wiki/Devon_Energy
2026,Leidos Holdings,,260,Thomas Bell,Thomas A. Bell,,,,,https://en.wikipedia.org/wiki/Leidos,https://en.wikipedia.org/wiki/Leidos
2026,Aflac,,261,Dan Amos,,,,,,https://en.wikipedia.org/wiki/Aflac,https://en.wikipedia.org/wiki/Aflac
2026,Targa Resources,,262,Matthew J. Meloy,Matthew Meloy; Matt Meloy,,,,,https://en.wikipedia.org/wiki/Targa_Resources,https://en.wikipedia.org/wiki/Targa_Resources
2026,Murphy USA,,263,Mindy West,,,,,,https://en.wikipedia.org/wiki/Murphy_USA,https://en.wikipedia.org/wiki/Murphy_USA
2026,LPL Financial Holdings,,264,Rich Steinmeier,,,,,,https://en.wikipedia.org/wiki/LPL_Financial,https://en.wikipedia.org/wiki/LPL_Financial
2026,EMCOR Group,,265,Anthony J. Guzzi,,,,,,https://en.wikipedia.org/wiki/Emcor,https://en.wikipedia.org/wiki/Emcor
2026,Kinder Morgan,,266,Kimberly A. Dang,,,,,,https://en.wikipedia.org/wiki/Kinder_Morgan,https://en.wikipedia.org/wiki/Kinder_Morgan
2026,Consolidated Edison,,267,Tim Cawley,,,,,,https://en.wikipedia.org/wiki/Consolidated_Edison,https://en.wikipedia.org/wiki/Consolidated_Edison
2026,Keurig Dr Pepper,,268,Timothy Cofer,,,,,,https://en.wikipedia.org/wiki/Keurig_Dr_Pepper,https://en.wikipedia.org/wiki/Keurig_Dr_Pepper
2026,Republic Services,,269,Jon Vander Ark,,,,,,https://en.wikipedia.org/wiki/Republic_Services,https://en.wikipedia.org/wiki/Republic_Services
2026,Markel Group,Markel,270,Thomas S. Gayner,Thomas Gayner,,,,,https://en.wikipedia.org/wiki/Markel_Group,https://en.wikipedia.org/wiki/Markel_Group
2026,Farmers Insurance Exchange,,271,Raul Vargas,,,,,,https://en.wikipedia.org/wiki/Farmers_Insurance_Group,https://en.wikipedia.org/wiki/Farmers_Insurance_Group
2026,Dominion Energy,,272,Robert Blue,Robert M. Blue,,,,,https://en.wikipedia.org/wiki/Dominion_Energy,https://en.wikipedia.org/wiki/Dominion_Energy
2026,Land O'Lakes,,273,Beth Ford,Beth E. Ford,,,,,https://en.wikipedia.org/wiki/Land_O%27Lakes,https://en.wikipedia.org/wiki/Land_O%27Lakes
2026,IQVIA Holdings,,274,Ari Bousbib,,,,,,https://en.wikipedia.org/wiki/IQVIA,https://en.wikipedia.org/wiki/IQVIA
2026,Fox,,275,Lachlan Murdoch,Lachlan K. Murdoch,,,,,https://en.wikipedia.org/wiki/Fox_Corporation,https://en.wikipedia.org/wiki/Fox_Corporation
2026,AECOM,,276,W. Troy Rudd,Troy Rudd,,,,,https://en.wikipedia.org/wiki/AECOM,https://en.wikipedia.org/wiki/AECOM
2026,C.H. Robinson Worldwide,,277,David Bozeman,Dave Bozeman,,,,,https://en.wikipedia.org/wiki/C._H._Robinson,https://en.wikipedia.org/wiki/C._H._Robinson
2026,Bitgo Holdings,,278,Mike Belshe,,,,,,https://en.wikipedia.org/wiki/BitGo,https://en.wikipedia.org/wiki/BitGo
2026,United Rentals,,279,Matthew Flannery,Matthew J. Flannery,,,,,https://en.wikipedia.org/wiki/United_Rentals,https://en.wikipedia.org/wiki/United_Rentals
2026,Ecolab,,280,Christophe Beck,,,,,,https://en.wikipedia.org/wiki/Ecolab,https://en.wikipedia.org/wiki/Ecolab
2026,Illinois Tool Works,,281,Christopher A. O'Herlihy,,,,,,https://en.wikipedia.org/wiki/Illinois_Tool_Works,https://en.wikipedia.org/wiki/Illinois_Tool_Works
2026,Casey's General Stores,,282,Darren Rebelez,,,,,,https://en.wikipedia.org/wiki/Casey%27s,https://en.wikipedia.org/wiki/Casey%27s
2026,Raymond James Financial,,283,Paul Reilly,Paul C. Reilly,,,,,https://en.wikipedia.org/wiki/Raymond_James_Financial,https://en.wikipedia.org/wiki/Raymond_James_Financial
2026,PPG Industries,,284,Tim Knavish,,,,,,https://en.wikipedia.org/wiki/PPG_Industries,https://en.wikipedia.org/wiki/PPG_Industries
2026,DTE Energy,,285,Joi Harris,,,,,,https://en.wikipedia.org/wiki/DTE_Energy,https://en.wikipedia.org/wiki/DTE_Energy
2026,Corning,,286,Wendell P. Weeks,Wendell Weeks,,,,,https://en.wikipedia.org/wiki/Corning_Inc.,https://en.wikipedia.org/wiki/Corning_Inc.
2026,Principal Financial,,287,Deanna Strable-Soethout,Deanna Strable,,,,,https://en.wikipedia.org/wiki/Principal_Financial_Group,https://en.wikipedia.org/wiki/Principal_Financial_Group
2026,Mutual of Omaha,Mutual of Omaha Insurance,288,James Blackledge,James T. Blackledge,,,,,https://en.wikipedia.org/wiki/Mutual_of_Omaha,https://en.wikipedia.org/wiki/Mutual_of_Omaha
2026,Kohl's,,289,Michael Bender,,,,,,https://en.wikipedia.org/wiki/Kohl%27s,https://en.wikipedia.org/wiki/Kohl%27s
2026,Tractor Supply,,290,Hal Lawton,,,,,,https://en.wikipedia.org/wiki/Tractor_Supply_Company,https://en.wikipedia.org/wiki/Tractor_Supply_Company
2026,Whirlpool,,291,Marc Bitzer,Marc R. Bitzer,,,,,https://en.wikipedia.org/wiki/Whirlpool_Corporation,https://en.wikipedia.org/wiki/Whirlpool_Corporation
2026,Fluor,,292,Jim Breuer,,,,,,https://en.wikipedia.org/wiki/Fluor_Corporation,https://en.wikipedia.org/wiki/Fluor_Corporation
2026,Gap,,293,Richard Dickson,,,,,,https://en.wikipedia.org/wiki/Gap_Inc.,https://en.wikipedia.org/wiki/Gap_Inc.
2026,S&P Global,,294,Martina Cheung,,,,,,https://en.wikipedia.org/wiki/S%26P_Global,https://en.wikipedia.org/wiki/S%26P_Global
2026,Ally Financial,,295,Michael G. Rhodes,,,,,,https://en.wikipedia.org/wiki/Ally_Financial,https://en.wikipedia.org/wiki/Ally_Financial
2026,Builders FirstSource,,296,Peter Jackson,,,,,,https://en.wikipedia.org/wiki/Builders_FirstSource,https://en.wikipedia.org/wiki/Builders_FirstSource
2026,Sonic Automotive,,297,David Smith,,,,,,https://en.wikipedia.org/wiki/Sonic_Automotive,https://en.wikipedia.org/wiki/Sonic_Automotive
2026,Stanley Black & Decker,,298,Donald Allan Jr.,Donald Allan; Don Allan,,,,,https://en.wikipedia.org/wiki/Stanley_Black_%26_Decker,https://en.wikipedia.org/wiki/Stanley_Black_%26_Decker
2026,Kenvue,,299,Kirk Perry,,,,,,https://en.wikipedia.org/wiki/Kenvue,https://en.wikipedia.org/wiki/Kenvue
2026,Kyndryl Holdings,,300,Martin Schroeter,Martin J. Schroeter,,,,,https://en.wikipedia.org/wiki/Kyndryl,https://en.wikipedia.org/wiki/Kyndryl
2026,Diamondback Energy,,301,Kaes Van't Hof,,,,,,https://en.wikipedia.org/wiki/Diamondback_Energy,https://en.wikipedia.org/wiki/Diamondback_Energy
2026,EchoStar,,302,Hamid Akhavan,,,,,,https://en.wikipedia.org/wiki/EchoStar,https://en.wikipedia.org/wiki/EchoStar
2026,Textron,,303,Lisa Atherton,,,,,,https://en.wikipedia.org/wiki/Textron,https://en.wikipedia.org/wiki/Textron
2026,Expedia Group,,304,Ariane Gorin,,,,,,https://en.wikipedia.org/wiki/Expedia_Group,https://en.wikipedia.org/wiki/Expedia_Group
2026,W.R. Berkley,,305,W. Robert Berkley Jr.,Robert Berkley,,,,,https://en.wikipedia.org/wiki/W._R._Berkley_Corporation,https://en.wikipedia.org/wiki/W._R._Berkley_Corporation
2026,Xcel Energy,,306,Robert C. Frenzel,Robert Frenzel; Bob Frenzel,,,,,https://en.wikipedia.org/wiki/Xcel_Energy,https://en.wikipedia.org/wiki/Xcel_Energy
2026,FirstEnergy,,307,Brian X. Tierney,Brian Tierney,,,,,https://en.wikipedia.org/wiki/FirstEnergy,https://en.wikipedia.org/wiki/FirstEnergy
2026,Erie Insurance Group,,308,Timothy G. NeCastro,,,,,,https://en.wikipedia.org/wiki/Erie_Insurance_Group,https://en.wikipedia.org/wiki/Erie_Insurance_Group
2026,First Citizens BancShares,,309,Frank B. Holding Jr.,,,,,,https://en.wikipedia.org/wiki/First_Citizens_BancShares,https://en.wikipedia.org/wiki/First_Citizens_BancShares
2026,Blackstone,,310,Stephen Schwarzman,Stephen A. Schwarzman,,,,,https://en.wikipedia.org/wiki/Blackstone_Inc.,https://en.wikipedia.org/wiki/Blackstone_Inc.
2026,Fidelity National Financial,,311,Mike Nolan,,,,,,https://en.wikipedia.org/wiki/Fidelity_National_Financial,https://en.wikipedia.org/wiki/Fidelity_National_Financial
2026,Otis Worldwide,,312,Judy Marks,,,,,,https://en.wikipedia.org/wiki/Otis_Worldwide,https://en.wikipedia.org/wiki/Otis_Worldwide
2026,Amentum Holdings,,313,John Heller,,,,,,https://en.wikipedia.org/wiki/Amentum_Holdings,https://en.wikipedia.org/wiki/Amentum_Holdings
2026,Regeneron Pharmaceuticals,,314,Leonard Schleifer,Leonard S. Schleifer,,,,,https://en.wikipedia.org/wiki/Regeneron_Pharmaceuticals,https://en.wikipedia.org/wiki/Regeneron_Pharmaceuticals
2026,Estée Lauder,,315,Stéphane de La Faverie,,,,,,https://en.wikipedia.org/wiki/Est%C3%A9e_Lauder_Companies,https://en.wikipedia.org/wiki/Est%C3%A9e_Lauder_Companies
2026,BorgWarner,,316,Joseph F. Fadool,Joe F. Fadool; Joe Fadool,,,,,https://en.wikipedia.org/wiki/BorgWarner,https://en.wikipedia.org/wiki/BorgWarner
2026,Northern Trust,,317,Michael G. O'Grady,Michael O'Grady,,,,,https://en.wikipedia.org/wiki/Northern_Trust,https://en.wikipedia.org/wiki/Northern_Trust
2026,Viatris,,318,Scott A. Smith,Scott Smith,,,,,https://en.wikipedia.org/wiki/Viatris,https://en.wikipedia.org/wiki/Viatris
2026,MasTec,,319,Jose Mas,Jose R. Mas,,,,,https://en.wikipedia.org/wiki/MasTec,https://en.wikipedia.org/wiki/MasTec
2026,Reliance,Reliance Steel & Aluminum,320,Karla R. Lewis,Karla Lewis,,,,,"https://en.wikipedia.org/wiki/Reliance,_Inc.","https://en.wikipedia.org/wiki/Reliance,_Inc."
2026,Western & Southern Financial Group,,321,John F. Barrett,John Barrett,,,,,https://en.wikipedia.org/wiki/Western_%26_Southern_Financial_Group,https://en.wikipedia.org/wiki/Western_%26_Southern_Financial_Group
2026,Alaska Air Group,,322,Ben Minicucci,,,,,,https://en.wikipedia.org/wiki/Alaska_Air_Group,https://en.wikipedia.org/wiki/Alaska_Air_Group
2026,BrightSpring Health Services,,323,Jon B. Rousseau,Jon Rousseau,,,,,,
2026,CSX,,324,Steve Angel,,,,,,https://en.wikipedia.org/wiki/CSX_Transportation,https://en.wikipedia.org/wiki/CSX_Transportation
2026,LKQ,,325,Justin Jude,,,,,,https://en.wikipedia.org/wiki/LKQ_Corporation,https://en.wikipedia.org/wiki/LKQ_Corporation
2026,Labcorp Holdings,Laboratory Corp. of America,326,Adam H. Schechter,Adam Schechter,,,,,https://en.wikipedia.org/wiki/Labcorp,https://en.wikipedia.org/wiki/Labcorp
2026,Arthur J. Gallagher,,327,J. Patrick Gallagher Jr.,,,,,,https://en.wikipedia.org/wiki/Arthur_J._Gallagher_%26_Co.,https://en.wikipedia.org/wiki/Arthur_J._Gallagher_%26_Co.
2026,Venture Global,,328,Michael A. Sabel,Michael Sabel,,,,,,
2026,DoorDash,,329,Tony Xu,,,,,,https://en.wikipedia.org/wiki/DoorDash,https://en.wikipedia.org/wiki/DoorDash
2026,Sempra,,330,Jeffrey W. Martin,,,,,,https://en.wikipedia.org/wiki/Sempra,https://en.wikipedia.org/wiki/Sempra
2026,DaVita,,331,Javier J. Rodriguez,Javier Rodriguez,,,,,https://en.wikipedia.org/wiki/DaVita,https://en.wikipedia.org/wiki/DaVita
2026,Eversource Energy,,332,Joseph R. Nolan,Joseph Nolan,,,,,https://en.wikipedia.org/wiki/Eversource_Energy,https://en.wikipedia.org/wiki/Eversource_Energy
2026,ServiceNow,,333,Bill McDermott,,,,,,https://en.wikipedia.org/wiki/ServiceNow,https://en.wikipedia.org/wiki/ServiceNow
2026,M&T Bank,,334,René F. Jones,René Jones,,,,,https://en.wikipedia.org/wiki/M%26T_Bank,https://en.wikipedia.org/wiki/M%26T_Bank
2026,Henry Schein,,335,Frederick M. Lowery,,,,,,https://en.wikipedia.org/wiki/Henry_Schein,https://en.wikipedia.org/wiki/Henry_Schein
2026,GXO Logistics,,336,Patrick Kelleher,,,,,,https://en.wikipedia.org/wiki/GXO_Logistics,https://en.wikipedia.org/wiki/GXO_Logistics
2026,Ball,,337,Ronald J. Lewis,,,,,,https://en.wikipedia.org/wiki/Ball_Corporation,https://en.wikipedia.org/wiki/Ball_Corporation
2026,Unum Group,,338,Rick McKenney,,,,,,https://en.wikipedia.org/wiki/Unum,https://en.wikipedia.org/wiki/Unum
2026,Las Vegas Sands,,339,Patrick Dumont,,,,,,https://en.wikipedia.org/wiki/Las_Vegas_Sands,https://en.wikipedia.org/wiki/Las_Vegas_Sands
2026,Entergy,,340,Andrew S. Marsh,Andrew Marsh,,,,,https://en.wikipedia.org/wiki/Entergy,https://en.wikipedia.org/wiki/Entergy
2026,Fifth Third Bancorp,,341,Timothy N. Spence,Tim Spence,,,,,https://en.wikipedia.org/wiki/Fifth_Third_Bank,https://en.wikipedia.org/wiki/Fifth_Third_Bank
2026,Graybar Electric,,342,Kathleen Mazzarella,Kathleen M. Mazzarella,,,,,https://en.wikipedia.org/wiki/Graybar,https://en.wikipedia.org/wiki/Graybar
2026,DXC Technology,,343,Raul Fernandez,,,,,,https://en.wikipedia.org/wiki/DXC_Technology,https://en.wikipedia.org/wiki/DXC_Technology
2026,Alcoa,,344,William F. Oplinger,,,,,,https://en.wikipedia.org/wiki/Alcoa,https://en.wikipedia.org/wiki/Alcoa
2026,Assurant,,345,Keith W. Demmings,Keith Demmings,,,,,https://en.wikipedia.org/wiki/Assurant,https://en.wikipedia.org/wiki/Assurant
2026,Ryder System,,346,John Diez,,,,,,https://en.wikipedia.org/wiki/Ryder,https://en.wikipedia.org/wiki/Ryder
2026,Intercontinental Exchange,,347,Jeffrey Sprecher,Jeffrey C. Sprecher,,,,,https://en.wikipedia.org/wiki/Intercontinental_Exchange,https://en.wikipedia.org/wiki/Intercontinental_Exchange
2026,Cincinnati Financial,,348,Stephen M. Spray,,,,,,https://en.wikipedia.org/wiki/Cincinnati_Financial,https://en.wikipedia.org/wiki/Cincinnati_Financial
2026,Chewy,,349,Sumit Singh,,,,,,https://en.wikipedia.org/wiki/Chewy_(company),https://en.wikipedia.org/wiki/Chewy_(company)
2026,Community Health Systems,,350,Tim Hingtgen,,,,,,https://en.wikipedia.org/wiki/Community_Health_Systems,https://en.wikipedia.org/wiki/Community_Health_Systems
2026,Huntington Bancshares,,350,Stephen D. Steinour,Stephen Steinour,,,,,https://en.wikipedia.org/wiki/Huntington_Bancshares,https://en.wikipedia.org/wiki/Huntington_Bancshares
2026,Huntington Ingalls Industries,,352,Christopher D. Kastner,Christopher Kastner,,,,,https://en.wikipedia.org/wiki/Huntington_Ingalls_Industries,https://en.wikipedia.org/wiki/Huntington_Ingalls_Industries
2026,Wayfair,,353,Niraj Shah,Niraj S. Shah,,,,,https://en.wikipedia.org/wiki/Wayfair,https://en.wikipedia.org/wiki/Wayfair
2026,Lumen Technologies,,354,Kate Johnson,,,,,,https://en.wikipedia.org/wiki/Lumen_Technologies,https://en.wikipedia.org/wiki/Lumen_Technologies
2026,Ulta Beauty,,355,Kecia Steelman,,,,,,https://en.wikipedia.org/wiki/Ulta_Beauty,https://en.wikipedia.org/wiki/Ulta_Beauty
2026,Crown Holdings,,356,Timothy J. Donahue,Timothy Donahue,,,,,https://en.wikipedia.org/wiki/Crown_Holdings,https://en.wikipedia.org/wiki/Crown_Holdings
2026,Airbnb,,357,Brian Chesky,,,,,,https://en.wikipedia.org/wiki/Airbnb,https://en.wikipedia.org/wiki/Airbnb
2026,AES,,358,Andres Gluski,Andres R. Gluski,,,,,https://en.wikipedia.org/wiki/AES_Corporation,https://en.wikipedia.org/wiki/AES_Corporation
2026,Norfolk Southern,,359,Mark R. George,Mark George,,,,,https://en.wikipedia.org/wiki/Norfolk_Southern_Railway,https://en.wikipedia.org/wiki/Norfolk_Southern_Railway
2026,Public Service Enterprise Group,,360,Ralph LaRossa,,,,,,https://en.wikipedia.org/wiki/Public_Service_Enterprise_Group,https://en.wikipedia.org/wiki/Public_Service_Enterprise_Group
2026,KLA,,361,Richard P. Wallace,,,,,,https://en.wikipedia.org/wiki/KLA_Corporation,https://en.wikipedia.org/wiki/KLA_Corporation
2026,Expand Energy,Chesapeake Energy,362,Michael Wichterich,,,,,,https://en.wikipedia.org/wiki/Expand_Energy,https://en.wikipedia.org/wiki/Expand_Energy
2026,Hormel Foods,,363,Jeff Ettinger,,,,,,https://en.wikipedia.org/wiki/Hormel_Foods,https://en.wikipedia.org/wiki/Hormel_Foods
2026,Darden Restaurants,,364,Rick Cardenas,,,,,,https://en.wikipedia.org/wiki/Darden_Restaurants,https://en.wikipedia.org/wiki/Darden_Restaurants
2026,Citizens Financial Group,,365,Bruce Van Saun,Bruce W. Van Saun,,,,,https://en.wikipedia.org/wiki/Citizens_Financial_Group,https://en.wikipedia.org/wiki/Citizens_Financial_Group
2026,Mosaic,,366,Bruce Bodine,,,,,,https://en.wikipedia.org/wiki/The_Mosaic_Company,https://en.wikipedia.org/wiki/The_Mosaic_Company
2026,Hilton Worldwide Holdings,,367,Christopher J. Nassetta,Christopher Nassetta,,,,,https://en.wikipedia.org/wiki/Hilton_Worldwide,https://en.wikipedia.org/wiki/Hilton_Worldwide
2026,Air Products & Chemicals,,368,Eduardo F. Menezes,,,,,,https://en.wikipedia.org/wiki/Air_Products,https://en.wikipedia.org/wiki/Air_Products
2026,Jacobs Solutions,,369,Bob Pragada,,,,,,https://en.wikipedia.org/wiki/Jacobs_Solutions,https://en.wikipedia.org/wiki/Jacobs_Solutions
2026,Vertex Pharmaceuticals,,370,Reshma Kewalramani,,,,,,https://en.wikipedia.org/wiki/Vertex_Pharmaceuticals,https://en.wikipedia.org/wiki/Vertex_Pharmaceuticals
2026,J.B. Hunt Transport Services,,371,Shelley Simpson,,,,,,https://en.wikipedia.org/wiki/J._B._Hunt,https://en.wikipedia.org/wiki/J._B._Hunt
2026,Booz Allen Hamilton Holding,,372,Horacio D. Rozanski,Horacio Rozanski,,,,,https://en.wikipedia.org/wiki/Booz_Allen_Hamilton,https://en.wikipedia.org/wiki/Booz_Allen_Hamilton
2026,Williams,,373,Chad Zamarin,,,,,,https://en.wikipedia.org/wiki/Williams_Companies,https://en.wikipedia.org/wiki/Williams_Companies
2026,Chipotle Mexican Grill,,374,Scott Boatwright,,,,,,https://en.wikipedia.org/wiki/Chipotle_Mexican_Grill,https://en.wikipedia.org/wiki/Chipotle_Mexican_Grill
2026,Yum China Holdings,,375,Joey Wat,,,,,,https://en.wikipedia.org/wiki/Yum_China,https://en.wikipedia.org/wiki/Yum_China
2026,Oscar Health,,376,Mark Bertolini,,,,,,https://en.wikipedia.org/wiki/Oscar_Health,https://en.wikipedia.org/wiki/Oscar_Health
2026,Hershey,,377,Kirk Tanner,,,,,,https://en.wikipedia.org/wiki/The_Hershey_Company,https://en.wikipedia.org/wiki/The_Hershey_Company
2026,Motorola Solutions,,378,Greg Brown,,,,,,https://en.wikipedia.org/wiki/Motorola_Solutions,https://en.wikipedia.org/wiki/Motorola_Solutions
2026,Equitable Holdings,,379,Mark Pearson,,,,,,https://en.wikipedia.org/wiki/Equitable_Holdings,https://en.wikipedia.org/wiki/Equitable_Holdings
2026,Avis Budget Group,,380,Brian Choi,,,,,,https://en.wikipedia.org/wiki/Avis_Budget_Group,https://en.wikipedia.org/wiki/Avis_Budget_Group
2026,Conagra Brands,,381,Sean Connolly,Sean M. Connolly,,,,,https://en.wikipedia.org/wiki/Conagra_Brands,https://en.wikipedia.org/wiki/Conagra_Brands
2026,Baxter International,,382,Andrew Hider,,,,,,https://en.wikipedia.org/wiki/Baxter_International,https://en.wikipedia.org/wiki/Baxter_International
2026,Burlington Stores,,383,Michael O'Sullivan,,,,,,https://en.wikipedia.org/wiki/Burlington_(department_store),https://en.wikipedia.org/wiki/Burlington_(department_store)
2026,Caesars Entertainment,,384,Thomas Reeg,Thomas R. Reeg,,,,,https://en.wikipedia.org/wiki/Caesars_Entertainment,https://en.wikipedia.org/wiki/Caesars_Entertainment
2026,Owens Corning,,385,Brian Chambers,Brian D. Chambers,,,,,https://en.wikipedia.org/wiki/Owens_Corning,https://en.wikipedia.org/wiki/Owens_Corning
2026,KeyCorp,,386,Chris Gorman,,,,,,https://en.wikipedia.org/wiki/KeyBank,https://en.wikipedia.org/wiki/KeyBank
2026,Thrivent Financial,Thrivent Financial for Lutherans,387,Teresa J. Rasmussen,Teresa Rasmussen,,,,,https://en.wikipedia.org/wiki/Thrivent,https://en.wikipedia.org/wiki/Thrivent
2026,Westlake,,388,JeanMarc Gilson,,,,,,https://en.wikipedia.org/wiki/Westlake_Corporation,https://en.wikipedia.org/wiki/Westlake_Corporation
2026,Westinghouse Air Brake,Westinghouse Air Brake Technologies,389,Rafael O. Santana,Rafael Santana,,,,,https://en.wikipedia.org/wiki/Westinghouse_Air_Brake_Company,https://en.wikipedia.org/wiki/Westinghouse_Air_Brake_Company
2026,Molson Coors Beverage,,390,Rahul Goyal,,,,,,https://en.wikipedia.org/wiki/Molson_Coors,https://en.wikipedia.org/wiki/Molson_Coors
2026,Lululemon athletica,,391,Calvin McDonald,,,,,,https://en.wikipedia.org/wiki/Lululemon,https://en.wikipedia.org/wiki/Lululemon
2026,FM,,392,Malcolm C. Roberts,Malcolm Roberts,,,,,https://en.wikipedia.org/wiki/FM_(insurance),https://en.wikipedia.org/wiki/FM_(insurance)
2026,Ebay,,393,Jamie Iannone,,,,,,https://en.wikipedia.org/wiki/EBay,https://en.wikipedia.org/wiki/EBay
2026,Expeditors Intl. of Washington,Expeditors International of Washington,394,Dan Wall,,,,,,https://en.wikipedia.org/wiki/Expeditors_International,https://en.wikipedia.org/wiki/Expeditors_International
2026,Quest Diagnostics,,395,Jim Davis,,,,,,https://en.wikipedia.org/wiki/Quest_Diagnostics,https://en.wikipedia.org/wiki/Quest_Diagnostics
2026,Analog Devices,,396,Vincent T. Roche,Vincent Roche,,,,,https://en.wikipedia.org/wiki/Analog_Devices,https://en.wikipedia.org/wiki/Analog_Devices
2026,Andersons,,397,Patrick E. Bowe,Patrick Bowe,,,,,https://en.wikipedia.org/wiki/The_Andersons,https://en.wikipedia.org/wiki/The_Andersons
2026,Gold.com,A-Mark Precious Metals,398,Gregory Roberts,Gregory N. Roberts,,,,,https://en.wikipedia.org/wiki/A-Mark_Precious_Metals,https://en.wikipedia.org/wiki/A-Mark_Precious_Metals
2026,Toll Brothers,,399,Karl Mistry,,,,,,https://en.wikipedia.org/wiki/Toll_Brothers,https://en.wikipedia.org/wiki/Toll_Brothers
2026,International Flavors & Fragrances,,400,Erik Fyrwald,,,,,,https://en.wikipedia.org/wiki/International_Flavors_%26_Fragrances,https://en.wikipedia.org/wiki/International_Flavors_%26_Fragrances
2026,Welltower,,401,Shankh Mitra,,,,,,https://en.wikipedia.org/wiki/Welltower,https://en.wikipedia.org/wiki/Welltower
2026,Jefferies Financial Group,,402,Richard B. Handler,,,,,,https://en.wikipedia.org/wiki/Jefferies_Financial_Group,https://en.wikipedia.org/wiki/Jefferies_Financial_Group
2026,Autoliv,,403,Jan Carlson,,,,,,https://en.wikipedia.org/wiki/Autoliv,https://en.wikipedia.org/wiki/Autoliv
2026,Mohawk Industries,,404,Jeffrey Lorberbaum,Jeffrey S. Lorberbaum,,,,,https://en.wikipedia.org/wiki/Mohawk_Industries,https://en.wikipedia.org/wiki/Mohawk_Industries
2026,Delek US Holdings,,405,Avigal Soreq,,,,,,https://en.wikipedia.org/wiki/Delek_US,https://en.wikipedia.org/wiki/Delek_US
2026,Fidelity National Information (FIS),Fidelity National Information Services,406,Stephanie Ferris,,,,,,https://en.wikipedia.org/wiki/FIS_(company),https://en.wikipedia.org/wiki/FIS_(company)
2026,Accendra Health,,407,Edward A. Pesicka,,,,,,https://en.wikipedia.org/wiki/Accendra_Health,https://en.wikipedia.org/wiki/Accendra_Health
2026,American Tower,,408,Steven Vondran,,,,,,https://en.wikipedia.org/wiki/American_Tower,https://en.wikipedia.org/wiki/American_Tower
2026,NVR,,409,Eugene J. Bredow,Eugene Bredow,,,,,"https://en.wikipedia.org/wiki/NVR,_Inc.","https://en.wikipedia.org/wiki/NVR,_Inc."
2026,Interactive Brokers Group,,410,Milan Galik,,,,,,https://en.wikipedia.org/wiki/Interactive_Brokers,https://en.wikipedia.org/wiki/Interactive_Brokers
2026,Oshkosh,,411,John Pfeifer,John C. Pfeifer,,,,,https://en.wikipedia.org/wiki/Oshkosh_Corporation,https://en.wikipedia.org/wiki/Oshkosh_Corporation
2026,Cintas,,412,Todd Schneider,Todd M. Schneider,,,,,https://en.wikipedia.org/wiki/Cintas,https://en.wikipedia.org/wiki/Cintas
2026,Campbell's,Campbell Soup,413,Mick Beekhuizen,,,,,,https://en.wikipedia.org/wiki/Campbell%27s,https://en.wikipedia.org/wiki/Campbell%27s
2026,Vertiv Holdings,,414,Giordano Albertazzi,,,,,,https://en.wikipedia.org/wiki/Vertiv,https://en.wikipedia.org/wiki/Vertiv
2026,Global Payments,,415,Cameron M. Bready,,,,,,https://en.wikipedia.org/wiki/Global_Payments,https://en.wikipedia.org/wiki/Global_Payments
2026,Constellation Brands,,416,Bill Newlands,,,,,,https://en.wikipedia.org/wiki/Constellation_Brands,https://en.wikipedia.org/wiki/Constellation_Brands
2026,AGCO,,417,Eric Hansotia,Eric P. Hansotia,,,,,https://en.wikipedia.org/wiki/AGCO,https://en.wikipedia.org/wiki/AGCO
2026,Intuitive Surgical,,418,Dave Rosa,,,,,,https://en.wikipedia.org/wiki/Intuitive_Surgical,https://en.wikipedia.org/wiki/Intuitive_Surgical
2026,Ace Hardware,,419,John Venhuizen,,,,,,https://en.wikipedia.org/wiki/Ace_Hardware,https://en.wikipedia.org/wiki/Ace_Hardware
2026,Dana,,420,R. Bruce McDonald,,,,,,https://en.wikipedia.org/wiki/Dana_Incorporated,https://en.wikipedia.org/wiki/Dana_Incorporated
2026,Biogen,,421,Chris Viehbacher,,,,,,https://en.wikipedia.org/wiki/Biogen,https://en.wikipedia.org/wiki/Biogen
2026,News Corp.,,422,Robert James Thomson,,,,,,https://en.wikipedia.org/wiki/News_Corp,https://en.wikipedia.org/wiki/News_Corp
2026,Concentrix,,423,Christopher Caldwell,,,,,,https://en.wikipedia.org/wiki/Concentrix,https://en.wikipedia.org/wiki/Concentrix
2026,WEC Energy Group,,424,Scott Lauber,Scott J. Lauber,,,,,https://en.wikipedia.org/wiki/WEC_Energy_Group,https://en.wikipedia.org/wiki/WEC_Energy_Group
2026,VF,,425,Bracken Darrell,,,,,,https://en.wikipedia.org/wiki/VF_Corporation,https://en.wikipedia.org/wiki/VF_Corporation
2026,Seaboard,,426,Robert L. Steer,Robert Steer,,,,,https://en.wikipedia.org/wiki/Seaboard_Corporation,https://en.wikipedia.org/wiki/Seaboard_Corporation
2026,Icahn Enterprises,,427,Andrew Teno,,,,,,https://en.wikipedia.org/wiki/Icahn_Enterprises,https://en.wikipedia.org/wiki/Icahn_Enterprises
2026,Regions Financial,,428,John M. Turner Jr.,,,,,,https://en.wikipedia.org/wiki/Regions_Financial_Corporation,https://en.wikipedia.org/wiki/Regions_Financial_Corporation
2026,Thor Industries,,429,Bob Martin,,,,,,https://en.wikipedia.org/wiki/Thor_Industries,https://en.wikipedia.org/wiki/Thor_Industries
2026,Workday,,430,Aneel Bhusri,,,,,,"https://en.wikipedia.org/wiki/Workday,_Inc.","https://en.wikipedia.org/wiki/Workday,_Inc."
2026,Celanese,,431,Scott Richardson,,,,,,https://en.wikipedia.org/wiki/Celanese,https://en.wikipedia.org/wiki/Celanese
2026,Western Digital,,432,Irving Tan,,,,,,https://en.wikipedia.org/wiki/Western_Digital,https://en.wikipedia.org/wiki/Western_Digital
2026,QVC Group,Qurate Retail,433,David Rawlinson II,,,,,,https://en.wikipedia.org/wiki/QVC_Group,https://en.wikipedia.org/wiki/QVC_Group
2026,Zoetis,,434,Kristin Peck,Kristin C. Peck,,,,,https://en.wikipedia.org/wiki/Zoetis,https://en.wikipedia.org/wiki/Zoetis
2026,CenterPoint Energy,,435,Jason P. Wells,,,,,,https://en.wikipedia.org/wiki/CenterPoint_Energy,https://en.wikipedia.org/wiki/CenterPoint_Energy
2026,Equinix,,436,Adaire FoxMartin,,,,,,https://en.wikipedia.org/wiki/Equinix,https://en.wikipedia.org/wiki/Equinix
2026,Palo Alto Networks,,437,Nikesh Arora,,,,,,https://en.wikipedia.org/wiki/Palo_Alto_Networks,https://en.wikipedia.org/wiki/Palo_Alto_Networks
2026,APA,,438,John J. Christmann IV,,,,,,https://en.wikipedia.org/wiki/APA_Corporation,https://en.wikipedia.org/wiki/APA_Corporation
2026,Old Republic International,,439,Craig R. Smiddy,Craig Smiddy,,,,,https://en.wikipedia.org/wiki/Old_Republic_International,https://en.wikipedia.org/wiki/Old_Republic_International
2026,Comfort Systems USA,,440,Franklin Myers,,,,,,https://en.wikipedia.org/wiki/Comfort_Systems_USA,https://en.wikipedia.org/wiki/Comfort_Systems_USA
2026,JetBlue Airways,,441,Joanna Geraghty,,,,,,https://en.wikipedia.org/wiki/JetBlue,https://en.wikipedia.org/wiki/JetBlue
2026,PPL,,442,Vincent Sorgi,,,,,,https://en.wikipedia.org/wiki/PPL_Corporation,https://en.wikipedia.org/wiki/PPL_Corporation
2026,Xylem,,443,Matthew Pine,,,,,,https://en.wikipedia.org/wiki/Xylem_Inc.,https://en.wikipedia.org/wiki/Xylem_Inc.
2026,Arista Networks,,444,Jayshree Ullal,,,,,,https://en.wikipedia.org/wiki/Arista_Networks,https://en.wikipedia.org/wiki/Arista_Networks
2026,Packaging Corp. of America,,445,Mark W. Kowlzan,Mark Kowlzan,,,,,https://en.wikipedia.org/wiki/Packaging_Corporation_of_America,https://en.wikipedia.org/wiki/Packaging_Corporation_of_America
2026,PVH,,446,Stefan Larsson,,,,,,https://en.wikipedia.org/wiki/PVH_Corp.,https://en.wikipedia.org/wiki/PVH_Corp.
2026,Ovintiv,,447,Brendan McCracken,,,,,,https://en.wikipedia.org/wiki/Ovintiv,https://en.wikipedia.org/wiki/Ovintiv
2026,Avery Dennison,,448,Deon Stander,,,,,,https://en.wikipedia.org/wiki/Avery_Dennison,https://en.wikipedia.org/wiki/Avery_Dennison
2026,TransDigm Group,,449,Mike Lisman,,,,,,https://en.wikipedia.org/wiki/TransDigm_Group,https://en.wikipedia.org/wiki/TransDigm_Group
2026,Sprouts Farmers Market,,450,Jack Sinclair,,,,,,https://en.wikipedia.org/wiki/Sprouts_Farmers_Market,https://en.wikipedia.org/wiki/Sprouts_Farmers_Market
2026,Prologis,,451,Hamid Moghadam,,,,,,https://en.wikipedia.org/wiki/Prologis,https://en.wikipedia.org/wiki/Prologis
2026,Franklin Resources,,452,Jennifer M. Johnson,,,,,,https://en.wikipedia.org/wiki/Franklin_Templeton,https://en.wikipedia.org/wiki/Franklin_Templeton
2026,Eastman Chemical,,453,Mark J. Costa,,,,,,https://en.wikipedia.org/wiki/Eastman_Chemical_Company,https://en.wikipedia.org/wiki/Eastman_Chemical_Company
2026,ABM Industries,,454,Scott Salmirs,Scott B. Salmirs,,,,,https://en.wikipedia.org/wiki/ABM_Industries,https://en.wikipedia.org/wiki/ABM_Industries
2026,NOV,,455,Jose Bayardo,,,,,,https://en.wikipedia.org/wiki/NOV_Inc.,https://en.wikipedia.org/wiki/NOV_Inc.
2026,J.M. Smucker,,456,Mark T. Smucker,Mark Smucker,,,,,https://en.wikipedia.org/wiki/The_J.M._Smucker_Company,https://en.wikipedia.org/wiki/The_J.M._Smucker_Company
2026,Securian Financial Group,,457,Christopher M. Hilger,,,,,,https://en.wikipedia.org/wiki/Securian_Financial_Group,https://en.wikipedia.org/wiki/Securian_Financial_Group
2026,EQT,,458,Toby Rice,Toby Z. Rice,,,,,https://en.wikipedia.org/wiki/EQT_Corporation,https://en.wikipedia.org/wiki/EQT_Corporation
2026,CACI International,,459,John Mengucci,,,,,,https://en.wikipedia.org/wiki/CACI,https://en.wikipedia.org/wiki/CACI
2026,Graphic Packaging Holding,,460,Robbert Rietbroek,,,,,,https://en.wikipedia.org/wiki/Graphic_Packaging,https://en.wikipedia.org/wiki/Graphic_Packaging
2026,Advance Auto Parts,,461,Shane O'Kelly,,,,,,https://en.wikipedia.org/wiki/Advance_Auto_Parts,https://en.wikipedia.org/wiki/Advance_Auto_Parts
2026,Optimum Communications,Altice USA,462,Dennis Mathew,,,,,,https://en.wikipedia.org/wiki/Optimum_Communications,https://en.wikipedia.org/wiki/Optimum_Communications
2026,Sirius XM Holdings,,463,Jennifer Witz,,,,,,https://en.wikipedia.org/wiki/SiriusXM,https://en.wikipedia.org/wiki/SiriusXM
2026,CMS Energy,,464,Garrick Rochow,Garrick J. Rochow,,,,,https://en.wikipedia.org/wiki/CMS_Energy,https://en.wikipedia.org/wiki/CMS_Energy
2026,Hertz Global Holdings,,465,Gil West,,,,,,https://en.wikipedia.org/wiki/Hertz_Global_Holdings,https://en.wikipedia.org/wiki/Hertz_Global_Holdings
2026,Ameren,,466,Martin J. Lyons Jr.,,,,,,https://en.wikipedia.org/wiki/Ameren,https://en.wikipedia.org/wiki/Ameren
2026,Rockwell Automation,,467,Blake Moret,Blake D. Moret,,,,,https://en.wikipedia.org/wiki/Rockwell_Automation,https://en.wikipedia.org/wiki/Rockwell_Automation
2026,Solventum,,468,Bryan Hanson,,,,,,https://en.wikipedia.org/wiki/Solventum,https://en.wikipedia.org/wiki/Solventum
2026,Monster Beverage,,469,Rodney Sacks,,,,,,https://en.wikipedia.org/wiki/Monster_Beverage,https://en.wikipedia.org/wiki/Monster_Beverage
2026,Nasdaq,,470,Adena Friedman,,,,,,"https://en.wikipedia.org/wiki/Nasdaq,_Inc.","https://en.wikipedia.org/wiki/Nasdaq,_Inc."
2026,Howmet Aerospace,,471,John C. Plant,,,,,,https://en.wikipedia.org/wiki/Howmet_Aerospace,https://en.wikipedia.org/wiki/Howmet_Aerospace
2026,Insight Enterprises,,472,Jack Azagury,,,,,,https://en.wikipedia.org/wiki/Insight_Enterprises,https://en.wikipedia.org/wiki/Insight_Enterprises
2026,Zimmer Biomet Holdings,,473,Ivan Tornos,,,,,,https://en.wikipedia.org/wiki/Zimmer_Biomet,https://en.wikipedia.org/wiki/Zimmer_Biomet
2026,Yum Brands,,474,Chris Turner,,,,,,https://en.wikipedia.org/wiki/Yum!_Brands,https://en.wikipedia.org/wiki/Yum!_Brands
2026,Fastenal,,475,Daniel L. Florness,,,,,,https://en.wikipedia.org/wiki/Fastenal,https://en.wikipedia.org/wiki/Fastenal
2026,Marvell Technology,,476,Matthew Murphy,,,,,,https://en.wikipedia.org/wiki/Marvell_Technology,https://en.wikipedia.org/wiki/Marvell_Technology
2026,Voya Financial,,477,Heather Lavallee,,,,,,https://en.wikipedia.org/wiki/Voya_Financial,https://en.wikipedia.org/wiki/Voya_Financial
2026,American Financial Group,,478,S. Craig Lindner,,Carl H. Lindner III,,,,https://en.wikipedia.org/wiki/American_Financial_Group,https://en.wikipedia.org/wiki/American_Financial_Group
2026,Post Holdings,,479,Rob Vitale,,,,,,https://en.wikipedia.org/wiki/Post_Holdings,https://en.wikipedia.org/wiki/Post_Holdings
2026,XPO,,480,Mario Harik,Mario A. Harik,,,,,"https://en.wikipedia.org/wiki/XPO,_Inc.","https://en.wikipedia.org/wiki/XPO,_Inc."
2026,DuPont,,481,Lori Koch,,,,,,https://en.wikipedia.org/wiki/DuPont,https://en.wikipedia.org/wiki/DuPont
2026,Sanmina,,482,Jure Sola,,,,,,https://en.wikipedia.org/wiki/Sanmina_Corporation,https://en.wikipedia.org/wiki/Sanmina_Corporation
2026,Taylor Morrison Home,,483,Sheryl D. Palmer,Sheryl Palmer,,,,,https://en.wikipedia.org/wiki/Taylor_Morrison,https://en.wikipedia.org/wiki/Taylor_Morrison
2026,Dover,,484,Richard J. Tobin,Richard Tobin,,,,,https://en.wikipedia.org/wiki/Dover_Corporation,https://en.wikipedia.org/wiki/Dover_Corporation
2026,Vulcan Materials,,485,J. Thomas Hill,,,,,,https://en.wikipedia.org/wiki/Vulcan_Materials_Company,https://en.wikipedia.org/wiki/Vulcan_Materials_Company
2026,APi Group,,486,Russell A. Becker,Russell Becker,,,,,,
2026,Roper Technologies,,487,Neil Hunn,,,,,,https://en.wikipedia.org/wiki/Roper_Technologies,https://en.wikipedia.org/wiki/Roper_Technologies
2026,KBR,,488,Stuart Bradie,,,,,,"https://en.wikipedia.org/wiki/KBR,_Inc.","https://en.wikipedia.org/wiki/KBR,_Inc."
2026,Sonoco Products,,489,Howard Coker,,,,,,https://en.wikipedia.org/wiki/Sonoco,https://en.wikipedia.org/wiki/Sonoco
2026,Williams-Sonoma,,490,Laura Alber,Laura J. Alber,,,,,"https://en.wikipedia.org/wiki/Williams-Sonoma,_Inc.","https://en.wikipedia.org/wiki/Williams-Sonoma,_Inc."
2026,Commercial Metals,,491,Peter R. Matt,,,,,,https://en.wikipedia.org/wiki/Commercial_Metals_Company,https://en.wikipedia.org/wiki/Commercial_Metals_Company
2026,Moody's,,492,Rob Fauber,,,,,,https://en.wikipedia.org/wiki/Moody%27s_Corporation,https://en.wikipedia.org/wiki/Moody%27s_Corporation
2026,Continental Resources,,493,Doug Lawler,,,,,,https://en.wikipedia.org/wiki/Continental_Resources,https://en.wikipedia.org/wiki/Continental_Resources
2026,Ingersoll Rand,,494,Vicente Reynal,,,,,,https://en.wikipedia.org/wiki/Ingersoll_Rand,https://en.wikipedia.org/wiki/Ingersoll_Rand
2026,Core & Main,,495,Steve LeClair,,,,,,https://en.wikipedia.org/wiki/Core_%26_Main,https://en.wikipedia.org/wiki/Core_%26_Main
2026,Coterra Energy,,496,Thomas E. Jorden,Thomas Jorden,,,,,https://en.wikipedia.org/wiki/Coterra,https://en.wikipedia.org/wiki/Coterra
2026,Primoris Services,,497,Koti Vadlamudi,,,,,,https://en.wikipedia.org/wiki/Primoris_Services_Corporation,https://en.wikipedia.org/wiki/Primoris_Services_Corporation
2026,Masco,,498,Keith J. Allman,Keith Allman,,,,,https://en.wikipedia.org/wiki/Masco,https://en.wikipedia.org/wiki/Masco
2026,Somnigroup International,,499,Scott L. Thompson,,,,,,https://en.wikipedia.org/wiki/Somnigroup_International,https://en.wikipedia.org/wiki/Somnigroup_International
2026,Resideo Technologies,,500,Jay Geldmacher,,,,,,https://en.wikipedia.org/wiki/Resideo,https://en.wikipedia.org/wiki/Resideo
2025,Walmart,,1,Doug McMillon,Douglas McMillon,,,,,https://en.wikipedia.org/w/index.php?title=Walmart&oldid=1299843474,https://en.wikipedia.org/wiki/Walmart
2025,Amazon,Amazon.com,2,Andy Jassy,Andrew Jassy; Andrew R. Jassy,,,,,https://en.wikipedia.org/w/index.php?title=Amazon_(company)&oldid=1300977066,https://en.wikipedia.org/wiki/Amazon_(company)
2025,UnitedHealth Group,,3,Stephen J. Hemsley,,,,,,https://en.wikipedia.org/w/index.php?title=UnitedHealth_Group&oldid=1300241872,https://en.wikipedia.org/wiki/UnitedHealth_Group
2025,Apple,,4,Tim Cook,Timothy D. Cook,,,,,https://en.wikipedia.org/w/index.php?title=Apple_Inc.&oldid=1316476658,https://en.wikipedia.org/wiki/Apple_Inc.
2025,CVS Health,,5,David Joyner,,,,,,https://en.wikipedia.org/w/index.php?title=CVS_Health&oldid=1300727937,https://en.wikipedia.org/wiki/CVS_Health
2025,Berkshire Hathaway,,6,Warren Buffett,Warren E. Buffett,,,,,https://en.wikipedia.org/w/index.php?title=Berkshire_Hathaway&oldid=1299445948,https://en.wikipedia.org/wiki/Berkshire_Hathaway
2025,Alphabet,,7,Sundar Pichai,,,,,,https://en.wikipedia.org/w/index.php?title=Alphabet_Inc.&oldid=1300210973,https://en.wikipedia.org/wiki/Alphabet_Inc.
2025,ExxonMobil Holdings,Exxon Mobil,8,Darren Woods,Darren W. Woods,,,,,https://en.wikipedia.org/w/index.php?title=ExxonMobil&oldid=1300683746,https://en.wikipedia.org/wiki/ExxonMobil
2025,McKesson,,9,Brian S. Tyler,Brian Tyler,,,,,https://en.wikipedia.org/w/index.php?title=McKesson_Corporation&oldid=1298571254,https://en.wikipedia.org/wiki/McKesson_Corporation
2025,Cencora,AmerisourceBergen,10,Robert Mauch,,,,,,https://en.wikipedia.org/w/index.php?title=Cencora&oldid=1301265701,https://en.wikipedia.org/wiki/Cencora
2025,JPMorgan Chase,,11,Jamie Dimon,,,,,,https://en.wikipedia.org/w/index.php?title=JPMorgan_Chase&oldid=1300563182,https://en.wikipedia.org/wiki/JPMorgan_Chase
2025,Costco Wholesale,,12,Ron Vachris,,,,,,https://en.wikipedia.org/w/index.php?title=Costco&oldid=1300157982,https://en.wikipedia.org/wiki/Costco
2025,Cigna Group,,13,David Cordani,David M. Cordani,,,,,https://en.wikipedia.org/w/index.php?title=The_Cigna_Group&oldid=1300172639,https://en.wikipedia.org/wiki/The_Cigna_Group
2025,Microsoft,,14,Satya Nadella,,,,,,https://en.wikipedia.org/w/index.php?title=Microsoft&oldid=1300690903,https://en.wikipedia.org/wiki/Microsoft
2025,Cardinal Health,,15,Jason Hollar,,,,,,https://en.wikipedia.org/w/index.php?title=Cardinal_Health&oldid=1304399436,https://en.wikipedia.org/wiki/Cardinal_Health
2025,Chevron,,16,Mike Wirth,,,,,,https://en.wikipedia.org/w/index.php?title=Chevron_Corporation&oldid=1302252658,https://en.wikipedia.org/wiki/Chevron_Corporation
2025,Bank of America,,17,Brian Moynihan,,,,,,https://en.wikipedia.org/w/index.php?title=Bank_of_America&oldid=1301134208,https://en.wikipedia.org/wiki/Bank_of_America
2025,General Motors,,18,Alfred P. Sloan,,,,,,https://en.wikipedia.org/w/index.php?title=General_Motors&oldid=1302521806,https://en.wikipedia.org/wiki/General_Motors
2025,Ford Motor,,19,Jim Farley,,,,,,https://en.wikipedia.org/w/index.php?title=Ford_Motor_Company&oldid=1298334806,https://en.wikipedia.org/wiki/Ford_Motor_Company
2025,Elevance Health,,20,Gail Koziara Boudreaux,,,,,,https://en.wikipedia.org/w/index.php?title=Elevance_Health&oldid=1297586048,https://en.wikipedia.org/wiki/Elevance_Health
2025,Citigroup,,21,Jane Fraser,,,,,,https://en.wikipedia.org/w/index.php?title=Citigroup&oldid=1301681802,https://en.wikipedia.org/wiki/Citigroup
2025,Meta Platforms,,22,Mark Zuckerberg,,,,,,https://en.wikipedia.org/w/index.php?title=Meta_Platforms&oldid=1300673807,https://en.wikipedia.org/wiki/Meta_Platforms
2025,Centene,,23,Sarah London,Sarah M. London,,,,,https://en.wikipedia.org/w/index.php?title=Centene_Corporation&oldid=1298640993,https://en.wikipedia.org/wiki/Centene_Corporation
2025,Home Depot,,24,Ted Decker,,,,,,https://en.wikipedia.org/w/index.php?title=Home_Depot&oldid=1301695303,https://en.wikipedia.org/wiki/Home_Depot
2025,Fannie Mae,,25,Priscilla Almodovar,,,,,,https://en.wikipedia.org/w/index.php?title=Fannie_Mae&oldid=1303085381,https://en.wikipedia.org/wiki/Fannie_Mae
2025,Walgreens Boots Alliance,,26,Tim Wentworth,,,,,,https://en.wikipedia.org/w/index.php?title=Walgreens_Boots_Alliance&oldid=1302601262,https://en.wikipedia.org/wiki/Walgreens_Boots_Alliance
2025,Kroger,,27,Ron Sargent,,,,,,https://en.wikipedia.org/w/index.php?title=Kroger&oldid=1298957926,https://en.wikipedia.org/wiki/Kroger
2025,Phillips 66,,28,Mark Lashier,,,,,,https://en.wikipedia.org/w/index.php?title=Phillips_66&oldid=1304872461,https://en.wikipedia.org/wiki/Phillips_66
2025,Marathon Petroleum,,29,Maryann Mannen,,,,,,https://en.wikipedia.org/w/index.php?title=Marathon_Petroleum&oldid=1301266689,https://en.wikipedia.org/wiki/Marathon_Petroleum
2025,Verizon Communications,,30,Hans Vestberg,Hans E. Vestberg,,,,,https://en.wikipedia.org/w/index.php?title=Verizon&oldid=1301162036,https://en.wikipedia.org/wiki/Verizon
2025,Nvidia,,31,Jensen Huang,,,,,,https://en.wikipedia.org/w/index.php?title=Nvidia&oldid=1300872000,https://en.wikipedia.org/wiki/Nvidia
2025,Goldman Sachs Group,,32,David M. Solomon,David Solomon,,,,,https://en.wikipedia.org/w/index.php?title=Goldman_Sachs&oldid=1304577026,https://en.wikipedia.org/wiki/Goldman_Sachs
2025,Wells Fargo,,33,Charles Scharf,Charles W. Scharf,,,,,https://en.wikipedia.org/w/index.php?title=Wells_Fargo&oldid=1302187201,https://en.wikipedia.org/wiki/Wells_Fargo
2025,Valero Energy,,34,Lane Riggs,,,,,,https://en.wikipedia.org/w/index.php?title=Valero_Energy&oldid=1305295126,https://en.wikipedia.org/wiki/Valero_Energy
2025,Comcast,,35,Brian L. Roberts,Brian Roberts,,,,,https://en.wikipedia.org/w/index.php?title=Comcast&oldid=1300807957,https://en.wikipedia.org/wiki/Comcast
2025,State Farm Insurance,,36,Jon Farney,,,,,,https://en.wikipedia.org/w/index.php?title=State_Farm&oldid=1299468141,https://en.wikipedia.org/wiki/State_Farm
2025,AT&T,,37,John T. Stankey,John Stankey,,,,,https://en.wikipedia.org/w/index.php?title=AT%26T&oldid=1301156321,https://en.wikipedia.org/wiki/AT%26T
2025,Freddie Mac,,38,Michael Hutchins,,,,,,https://en.wikipedia.org/w/index.php?title=Freddie_Mac&oldid=1305095574,https://en.wikipedia.org/wiki/Freddie_Mac
2025,Humana,,39,Jim Rechtin,,,,,,https://en.wikipedia.org/w/index.php?title=Humana&oldid=1300715335,https://en.wikipedia.org/wiki/Humana
2025,Morgan Stanley,,40,Ted Pick,,,,,,https://en.wikipedia.org/w/index.php?title=Morgan_Stanley&oldid=1300530838,https://en.wikipedia.org/wiki/Morgan_Stanley
2025,Target,,41,Brian C. Cornell,Brian Cornell,,,,,https://en.wikipedia.org/w/index.php?title=Target_Corporation&oldid=1300885811,https://en.wikipedia.org/wiki/Target_Corporation
2025,StoneX Group,,42,Sean M. O'Connor,Sean O'Connor,,,,,https://en.wikipedia.org/w/index.php?title=StoneX_Group_Inc.&oldid=1298161002,https://en.wikipedia.org/wiki/StoneX_Group_Inc.
2025,Tesla,,43,Elon Musk,,,,,,"https://en.wikipedia.org/w/index.php?title=Tesla,_Inc.&oldid=1300645984","https://en.wikipedia.org/wiki/Tesla,_Inc."
2025,Dell Technologies,,44,Michael Dell,Michael S. Dell,,,,,https://en.wikipedia.org/w/index.php?title=Dell_Technologies&oldid=1299920166,https://en.wikipedia.org/wiki/Dell_Technologies
2025,PepsiCo,,45,Ramon Laguarta,Ramon L. Laguarta,,,,,https://en.wikipedia.org/w/index.php?title=PepsiCo&oldid=1300548198,https://en.wikipedia.org/wiki/PepsiCo
2025,Walt Disney,,46,Bob Iger,,,,,,https://en.wikipedia.org/w/index.php?title=The_Walt_Disney_Company&oldid=1300392496,https://en.wikipedia.org/wiki/The_Walt_Disney_Company
2025,UPS,United Parcel Service,47,Carol B. Tomé,,,,,,https://en.wikipedia.org/w/index.php?title=United_Parcel_Service&oldid=1300650566,https://en.wikipedia.org/wiki/United_Parcel_Service
2025,Johnson & Johnson,,48,Joaquin Duato,,,,,,https://en.wikipedia.org/w/index.php?title=Johnson_%26_Johnson&oldid=1301093019,https://en.wikipedia.org/wiki/Johnson_%26_Johnson
2025,FedEx,,49,Raj Subramaniam,,,,,,https://en.wikipedia.org/w/index.php?title=FedEx&oldid=1302011591,https://en.wikipedia.org/wiki/FedEx
2025,Archer Daniels Midland,,50,Juan Luciano,Juan R. Luciano,,,,,https://en.wikipedia.org/w/index.php?title=Archer_Daniels_Midland&oldid=1305324233,https://en.wikipedia.org/wiki/Archer_Daniels_Midland
2025,Procter & Gamble,,51,Jon R. Moeller,Jon Moeller,,,,,https://en.wikipedia.org/w/index.php?title=Procter_%26_Gamble&oldid=1300042690,https://en.wikipedia.org/wiki/Procter_&_Gamble
2025,Lowe's,,52,Marvin Ellison,Marvin R. Ellison,,,,,https://en.wikipedia.org/w/index.php?title=Lowe's&oldid=1300415313,https://en.wikipedia.org/wiki/Lowe's
2025,Energy Transfer,,53,Thomas E. Long,Thomas Long,Marshall S. McCrea III,Marshall McCrea III; Marshall McCrea,,,https://en.wikipedia.org/w/index.php?title=Energy_Transfer&oldid=1299882183,https://en.wikipedia.org/wiki/Energy_Transfer
2025,RTX,Raytheon Technologies,54,Christopher T. Calio,,,,,,https://en.wikipedia.org/w/index.php?title=RTX_Corporation&oldid=1301369191,https://en.wikipedia.org/wiki/RTX_Corporation
2025,Albertsons,,55,Susan Morris,,,,,,https://en.wikipedia.org/w/index.php?title=Albertsons&oldid=1299943792,https://en.wikipedia.org/wiki/Albertsons
2025,Sysco,,56,Kevin Hourican,Kevin P. Hourican,,,,,https://en.wikipedia.org/w/index.php?title=Sysco&oldid=1298587979,https://en.wikipedia.org/wiki/Sysco
2025,Progressive,,57,Tricia Griffith,,,,,,https://en.wikipedia.org/w/index.php?title=Progressive_Corporation&oldid=1303397740,https://en.wikipedia.org/wiki/Progressive_Corporation
2025,American Express,,58,Stephen J. Squeri,Stephen Squeri,,,,,https://en.wikipedia.org/w/index.php?title=American_Express&oldid=1301815628,https://en.wikipedia.org/wiki/American_Express
2025,Lockheed Martin,,59,Richard D. Cisneros,,,,,,https://en.wikipedia.org/w/index.php?title=Lockheed_Martin&oldid=1300618761,https://en.wikipedia.org/wiki/Lockheed_Martin
2025,MetLife,,60,Michel A. Khalaf,Michel Khalaf,,,,,https://en.wikipedia.org/w/index.php?title=MetLife&oldid=1301134780,https://en.wikipedia.org/wiki/MetLife
2025,HCA Healthcare,,61,Samuel N. Hazen,Samuel Hazen; Sam Hazen,,,,,https://en.wikipedia.org/w/index.php?title=HCA_Healthcare&oldid=1299456982,https://en.wikipedia.org/wiki/HCA_Healthcare
2025,Prudential Financial,,62,Andy Sullivan,,,,,,https://en.wikipedia.org/w/index.php?title=Prudential_Financial&oldid=1300519216,https://en.wikipedia.org/wiki/Prudential_Financial
2025,Boeing,,63,Kelly Ortberg,,,,,,https://en.wikipedia.org/w/index.php?title=Boeing&oldid=1298485348,https://en.wikipedia.org/wiki/Boeing
2025,Caterpillar,,64,Joe Creed,,,,,,https://en.wikipedia.org/w/index.php?title=Caterpillar_Inc.&oldid=1300818187,https://en.wikipedia.org/wiki/Caterpillar_Inc.
2025,Merck,,65,Robert M. Davis,,,,,,https://en.wikipedia.org/w/index.php?title=Merck_%26_Co.&oldid=1300586736,https://en.wikipedia.org/wiki/Merck_&_Co.
2025,Allstate,,66,Thomas J. Wilson,,,,,,https://en.wikipedia.org/w/index.php?title=Allstate&oldid=1300522723,https://en.wikipedia.org/wiki/Allstate
2025,Pfizer,,67,Albert Bourla,,,,,,https://en.wikipedia.org/w/index.php?title=Pfizer&oldid=1300685962,https://en.wikipedia.org/wiki/Pfizer
2025,IBM,International Business Machines,68,Arvind Krishna,,,,,,https://en.wikipedia.org/w/index.php?title=IBM&oldid=1300614336,https://en.wikipedia.org/wiki/IBM
2025,New York Life Insurance,,69,Craig DeSanto,,,,,,https://en.wikipedia.org/w/index.php?title=New_York_Life_Insurance_Company&oldid=1303249150,https://en.wikipedia.org/wiki/New_York_Life_Insurance_Company
2025,Delta Air Lines,,70,Ed Bastian,,,,,,https://en.wikipedia.org/w/index.php?title=Delta_Air_Lines&oldid=1300203753,https://en.wikipedia.org/wiki/Delta_Air_Lines
2025,Publix Super Markets,,71,Kevin Murphy,,,,,,https://en.wikipedia.org/w/index.php?title=Publix&oldid=1300085561,https://en.wikipedia.org/wiki/Publix
2025,Nationwide,,72,Kirt Walker,Kirt A. Walker,,,,,https://en.wikipedia.org/w/index.php?title=Nationwide_Mutual_Insurance_Company&oldid=1300719687,https://en.wikipedia.org/wiki/Nationwide_Mutual_Insurance_Company
2025,TD Synnex,,73,Patrick Zammit,,,,,,https://en.wikipedia.org/w/index.php?title=TD_Synnex&oldid=1304567706,https://en.wikipedia.org/wiki/TD_Synnex
2025,United Airlines Holdings,,74,John Scott Kirby,Scott Kirby,,,,,https://en.wikipedia.org/w/index.php?title=United_Airlines&oldid=1300809479,https://en.wikipedia.org/wiki/United_Airlines
2025,ConocoPhillips,,75,Ryan Lance,Ryan M. Lance,,,,,https://en.wikipedia.org/w/index.php?title=ConocoPhillips&oldid=1305137992,https://en.wikipedia.org/wiki/ConocoPhillips
2025,TJX,,76,Ernie Herrman,Ernie L. Herrman,,,,,https://en.wikipedia.org/w/index.php?title=TJX&oldid=1298649829,https://en.wikipedia.org/wiki/TJX
2025,AbbVie,,77,Robert Michael,,,,,,https://en.wikipedia.org/w/index.php?title=AbbVie&oldid=1300755163,https://en.wikipedia.org/wiki/AbbVie
2025,Enterprise Products Partners,,78,W. Randall Fowler,,James Teague,A.J. Teague; Jim Teague,,,https://en.wikipedia.org/w/index.php?title=Enterprise_Products&oldid=1298753964,https://en.wikipedia.org/wiki/Enterprise_Products
2025,Charter Communications,,79,Chris Winfrey,,,,,,https://en.wikipedia.org/w/index.php?title=Charter_Communications&oldid=1302132853,https://en.wikipedia.org/wiki/Charter_Communications
2025,Performance Food Group,,80,George L. Holm,George Holm,,,,,https://en.wikipedia.org/w/index.php?title=Performance_Food_Group&oldid=1303167675,https://en.wikipedia.org/wiki/Performance_Food_Group
2025,American Airlines Group,,81,Robert Isom,Robert D. Isom,,,,,https://en.wikipedia.org/w/index.php?title=American_Airlines_Group&oldid=1292188313,https://en.wikipedia.org/wiki/American_Airlines_Group
2025,Capital One Financial,,82,Richard Fairbank,Richard D. Fairbank,,,,,https://en.wikipedia.org/w/index.php?title=Capital_One&oldid=1301241494,https://en.wikipedia.org/wiki/Capital_One
2025,Cisco Systems,,83,Chuck Robbins,,,,,,https://en.wikipedia.org/w/index.php?title=Cisco&oldid=1301432880,https://en.wikipedia.org/wiki/Cisco
2025,HP,,84,Enrique Lores,Enrique J. Lores,,,,,https://en.wikipedia.org/w/index.php?title=HP_Inc.&oldid=1300698092,https://en.wikipedia.org/wiki/HP_Inc.
2025,Tyson Foods,,85,Donnie King,Donnie D. King,,,,,https://en.wikipedia.org/w/index.php?title=Tyson_Foods&oldid=1303572871,https://en.wikipedia.org/wiki/Tyson_Foods
2025,Intel,,86,LipBu Tan,,,,,,https://en.wikipedia.org/w/index.php?title=Intel&oldid=1300842759,https://en.wikipedia.org/wiki/Intel
2025,Oracle,,87,Safra Catz,Safra A. Catz,,,,,https://en.wikipedia.org/w/index.php?title=Oracle_Corporation&oldid=1300870205,https://en.wikipedia.org/wiki/Oracle_Corporation
2025,Broadcom,,88,Hock Tan,Hock E. Tan,,,,,https://en.wikipedia.org/w/index.php?title=Broadcom&oldid=1301510592,https://en.wikipedia.org/wiki/Broadcom
2025,Deere,,89,John C. May,John May,,,,,https://en.wikipedia.org/w/index.php?title=John_Deere&oldid=1299359430,https://en.wikipedia.org/wiki/John_Deere
2025,Nike,,90,Elliott Hill,,,,,,"https://en.wikipedia.org/w/index.php?title=Nike,_Inc.&oldid=1302449130","https://en.wikipedia.org/wiki/Nike,_Inc."
2025,Liberty Mutual Insurance Group,,91,Timothy M. Sweeney,,,,,,https://en.wikipedia.org/w/index.php?title=Liberty_Mutual&oldid=1303134543,https://en.wikipedia.org/wiki/Liberty_Mutual
2025,Plains GP Holdings,,92,Willie Chiang,,,,,,https://en.wikipedia.org/w/index.php?title=Plains_All_American_Pipeline&oldid=1299008534,https://en.wikipedia.org/wiki/Plains_All_American_Pipeline
2025,USAA,United Services Automobile Assn.,93,Juan Andrade,,,,,,https://en.wikipedia.org/w/index.php?title=USAA&oldid=1305622643,https://en.wikipedia.org/wiki/USAA
2025,Bristol-Myers Squibb,,94,Chris Boerner,,,,,,https://en.wikipedia.org/w/index.php?title=Bristol_Myers_Squibb&oldid=1300694609,https://en.wikipedia.org/wiki/Bristol_Myers_Squibb
2025,Ingram Micro Holding,,95,Paul Bay,,,,,,https://en.wikipedia.org/w/index.php?title=Ingram_Micro&oldid=1299288920,https://en.wikipedia.org/wiki/Ingram_Micro
2025,General Dynamics,,96,Phebe Novakovic,Phebe N. Novakovic,,,,,https://en.wikipedia.org/w/index.php?title=General_Dynamics&oldid=1301010592,https://en.wikipedia.org/wiki/General_Dynamics
2025,Coca-Cola,,97,James Quincey,James R. Quincey,,,,,https://en.wikipedia.org/w/index.php?title=The_Coca-Cola_Company&oldid=1300827070,https://en.wikipedia.org/wiki/The_Coca-Cola_Company
2025,TIAA,,98,Thasunda Brown Duckett,Thasunda Duckett,,,,,https://en.wikipedia.org/w/index.php?title=TIAA&oldid=1303515060,https://en.wikipedia.org/wiki/TIAA
2025,Travelers,,99,Alan D. Schnitzer,,,,,,https://en.wikipedia.org/w/index.php?title=The_Travelers_Companies&oldid=1300134596,https://en.wikipedia.org/wiki/The_Travelers_Companies
2025,Eli Lilly,,100,David A. Ricks,David Ricks,,,,,https://en.wikipedia.org/w/index.php?title=Eli_Lilly_and_Company&oldid=1299759608,https://en.wikipedia.org/wiki/Eli_Lilly_and_Company
2025,Uber Technologies,,101,Dara Khosrowshahi,,,,,,https://en.wikipedia.org/w/index.php?title=Uber&oldid=1300676121,https://en.wikipedia.org/wiki/Uber
2025,Massachusetts Mutual Life,Massachusetts Mutual Life Insurance,102,Roger W. Crandall,Roger Crandall,,,,,https://en.wikipedia.org/w/index.php?title=MassMutual&oldid=1302452800,https://en.wikipedia.org/wiki/MassMutual
2025,Dow,,103,Jim Fitterling,,,,,,https://en.wikipedia.org/w/index.php?title=Dow_Chemical_Company&oldid=1301012562,https://en.wikipedia.org/wiki/Dow_Chemical_Company
2025,Thermo Fisher Scientific,,104,Marc N. Casper,Marc Casper,,,,,https://en.wikipedia.org/w/index.php?title=Thermo_Fisher_Scientific&oldid=1300696326,https://en.wikipedia.org/wiki/Thermo_Fisher_Scientific
2025,U.S. Bancorp,,105,Gunjan Kedia,,,,,,https://en.wikipedia.org/w/index.php?title=U.S._Bancorp&oldid=1306882175,https://en.wikipedia.org/wiki/U.S._Bancorp
2025,World Kinect,World Fuel Services,106,Michael J. Kasbar,,,,,,https://en.wikipedia.org/w/index.php?title=World_Kinect_Corporation&oldid=1285619872,https://en.wikipedia.org/wiki/World_Kinect_Corporation
2025,Abbott Laboratories,,107,Robert B. Ford,Robert Ford,,,,,https://en.wikipedia.org/w/index.php?title=Abbott_Laboratories&oldid=1297602817,https://en.wikipedia.org/wiki/Abbott_Laboratories
2025,Best Buy,,108,Corie Barry,Corie S. Barry,,,,,https://en.wikipedia.org/w/index.php?title=Best_Buy&oldid=1306692301,https://en.wikipedia.org/wiki/Best_Buy
2025,Northwestern Mutual,,109,Tim Gerend,,,,,,https://en.wikipedia.org/w/index.php?title=Northwestern_Mutual&oldid=1294397869,https://en.wikipedia.org/wiki/Northwestern_Mutual
2025,Northrop Grumman,,110,Kathy J. Warden,,,,,,https://en.wikipedia.org/w/index.php?title=Northrop_Grumman&oldid=1302035404,https://en.wikipedia.org/wiki/Northrop_Grumman
2025,Molina Healthcare,,111,Joseph Zubretsky,Joseph M. Zubretsky,,,,,https://en.wikipedia.org/w/index.php?title=Molina_Healthcare&oldid=1300319648,https://en.wikipedia.org/wiki/Molina_Healthcare
2025,Dollar General,,112,Todd Vasos,,,,,,https://en.wikipedia.org/w/index.php?title=Dollar_General&oldid=1299362069,https://en.wikipedia.org/wiki/Dollar_General
2025,Bank of New York (BNY),Bank of New York Mellon,113,Robin Vince,,,,,,https://en.wikipedia.org/w/index.php?title=BNY&oldid=1301257369,https://en.wikipedia.org/wiki/BNY
2025,Warner Bros. Discovery,,114,David M. Zaslav,David Zaslav,,,,,https://en.wikipedia.org/w/index.php?title=Warner_Bros._Discovery&oldid=1325920061,https://en.wikipedia.org/wiki/Warner_Bros._Discovery
2025,CHS,,115,Jay Debertin,Jay D. Debertin,,,,,https://en.wikipedia.org/w/index.php?title=CHS_Inc.&oldid=1301478124,https://en.wikipedia.org/wiki/CHS_Inc.
2025,Netflix,,116,Ted Sarandos,,Greg Peters,,,,"https://en.wikipedia.org/w/index.php?title=Netflix,_Inc.&oldid=1300944488","https://en.wikipedia.org/wiki/Netflix,_Inc."
2025,Qualcomm,,117,Cristiano Amon,,,,,,https://en.wikipedia.org/w/index.php?title=Qualcomm&oldid=1300783346,https://en.wikipedia.org/wiki/Qualcomm
2025,GE Aerospace,General Electric,118,H. Lawrence Culp Jr.,,,,,,https://en.wikipedia.org/w/index.php?title=GE_Aerospace&oldid=1301520814,https://en.wikipedia.org/wiki/GE_Aerospace
2025,Honeywell International,,119,Vimal Kapur,,,,,,https://en.wikipedia.org/w/index.php?title=Honeywell&oldid=1300795275,https://en.wikipedia.org/wiki/Honeywell
2025,Salesforce,,120,Marc Benioff,Marc R. Benioff,,,,,https://en.wikipedia.org/w/index.php?title=Salesforce&oldid=1299975055,https://en.wikipedia.org/wiki/Salesforce
2025,Philip Morris International,,121,Jacek Olczak,,,,,,https://en.wikipedia.org/w/index.php?title=Philip_Morris_International&oldid=1300602808,https://en.wikipedia.org/wiki/Philip_Morris_International
2025,US Foods Holding,,122,Dave Flitman,,,,,,https://en.wikipedia.org/w/index.php?title=US_Foods&oldid=1301726841,https://en.wikipedia.org/wiki/US_Foods
2025,D.R. Horton,,123,Paul J. Romanowski,,,,,,https://en.wikipedia.org/w/index.php?title=D._R._Horton&oldid=1313505892,https://en.wikipedia.org/wiki/D._R._Horton
2025,Lithia Motors,,124,Bryan DeBoer,,,,,,https://en.wikipedia.org/w/index.php?title=Lithia_Motors&oldid=1312132256,https://en.wikipedia.org/wiki/Lithia_Motors
2025,Mondelez International,,125,Dirk Van de Put,,,,,,https://en.wikipedia.org/w/index.php?title=Mondelez_International&oldid=1300593544,https://en.wikipedia.org/wiki/Mondelez_International
2025,Starbucks,,126,Brian Niccol,Brian R. Niccol,,,,,https://en.wikipedia.org/w/index.php?title=Starbucks&oldid=1300656388,https://en.wikipedia.org/wiki/Starbucks
2025,Visa,,127,Ryan McInerney,,,,,,https://en.wikipedia.org/w/index.php?title=Visa_Inc.&oldid=1301406723,https://en.wikipedia.org/wiki/Visa_Inc.
2025,CBRE Group,,128,Robert E. Sulentic,Robert Sulentic; Bob Sulentic,,,,,https://en.wikipedia.org/w/index.php?title=CBRE_Group&oldid=1299450227,https://en.wikipedia.org/wiki/CBRE_Group
2025,Lennar,,129,Stuart Miller,,Jon Jaffe,,,,https://en.wikipedia.org/w/index.php?title=Lennar&oldid=1305825590,https://en.wikipedia.org/wiki/Lennar
2025,GE Vernova,,130,Scott Strazik,,,,,,https://en.wikipedia.org/w/index.php?title=GE_Vernova&oldid=1301520678,https://en.wikipedia.org/wiki/GE_Vernova
2025,PNC Financial Services Group,,131,William S. Demchak,William Demchak,,,,,https://en.wikipedia.org/w/index.php?title=PNC_Financial_Services&oldid=1301198819,https://en.wikipedia.org/wiki/PNC_Financial_Services
2025,Cummins,,132,Jennifer Rumsey,,,,,,https://en.wikipedia.org/w/index.php?title=Cummins&oldid=1300700241,https://en.wikipedia.org/wiki/Cummins
2025,Paccar,,133,Preston Feight,,,,,,https://en.wikipedia.org/w/index.php?title=Paccar&oldid=1301429953,https://en.wikipedia.org/wiki/Paccar
2025,Amgen,,134,Robert A. Bradway,Robert Bradway,,,,,https://en.wikipedia.org/w/index.php?title=Amgen&oldid=1300862776,https://en.wikipedia.org/wiki/Amgen
2025,PBF Energy,,135,Matthew C. Lucey,,,,,,https://en.wikipedia.org/w/index.php?title=PBF_Energy&oldid=1303391662,https://en.wikipedia.org/wiki/PBF_Energy
2025,GuideWell Mutual Holding,,136,Patrick J. Geraghty,,,,,,https://en.wikipedia.org/w/index.php?title=GuideWell&oldid=1283754708,https://en.wikipedia.org/wiki/GuideWell
2025,PayPal Holdings,,137,Alex Chriss,,,,,,https://en.wikipedia.org/w/index.php?title=PayPal&oldid=1299631977,https://en.wikipedia.org/wiki/PayPal
2025,United Natural Foods,,138,J. Alexander,,,,,,https://en.wikipedia.org/w/index.php?title=United_Natural_Foods&oldid=1295253835,https://en.wikipedia.org/wiki/United_Natural_Foods
2025,Dollar Tree,,139,Michael C. Creedon Jr.,,,,,,https://en.wikipedia.org/w/index.php?title=Dollar_Tree&oldid=1299923243,https://en.wikipedia.org/wiki/Dollar_Tree
2025,Nucor,,140,Leon Topalian,Leon J. Topalian,,,,,https://en.wikipedia.org/w/index.php?title=Nucor&oldid=1303734571,https://en.wikipedia.org/wiki/Nucor
2025,Penske Automotive Group,,141,Roger Penske,Roger S. Penske,,,,,https://en.wikipedia.org/w/index.php?title=Penske_Automotive_Group&oldid=1304571864,https://en.wikipedia.org/wiki/Penske_Automotive_Group
2025,Coupang,,142,Bom Kim,,,,,,https://en.wikipedia.org/w/index.php?title=Coupang&oldid=1297597790,https://en.wikipedia.org/wiki/Coupang
2025,Hewlett Packard Enterprise,,143,Antonio Neri,Antonio F. Neri,,,,,https://en.wikipedia.org/w/index.php?title=Hewlett_Packard_Enterprise&oldid=1302574060,https://en.wikipedia.org/wiki/Hewlett_Packard_Enterprise
2025,Duke Energy,,144,Harry Sideris,,,,,,https://en.wikipedia.org/w/index.php?title=Duke_Energy&oldid=1297972880,https://en.wikipedia.org/wiki/Duke_Energy
2025,KKR,,145,Joseph Y. Bae,Joseph Bae,Scott Nuttall,,,,https://en.wikipedia.org/w/index.php?title=KKR_%26_Co.&oldid=1300814577,https://en.wikipedia.org/wiki/KKR_&_Co.
2025,Ferguson Enterprises,,146,Kevin Murphy,,,,,,https://en.wikipedia.org/w/index.php?title=Ferguson_Enterprises&oldid=1305488861,https://en.wikipedia.org/wiki/Ferguson_Enterprises
2025,Paramount Skydance,Paramount Global,147,David Ellison,,,,,,https://en.wikipedia.org/w/index.php?title=Paramount_Skydance&oldid=1319957796,https://en.wikipedia.org/wiki/Paramount_Skydance
2025,Jabil,,148,Mike Dastoor,,,,,,https://en.wikipedia.org/w/index.php?title=Jabil&oldid=1301700557,https://en.wikipedia.org/wiki/Jabil
2025,Gilead Sciences,,149,Daniel O'Day,Daniel P. O'Day,,,,,https://en.wikipedia.org/w/index.php?title=Gilead_Sciences&oldid=1301011749,https://en.wikipedia.org/wiki/Gilead_Sciences
2025,HF Sinclair,,150,Tim Go,,,,,,https://en.wikipedia.org/w/index.php?title=HF_Sinclair&oldid=1284116566,https://en.wikipedia.org/wiki/HF_Sinclair
2025,CarMax,,151,William D. Nash,William Nash; Bill Nash,,,,,https://en.wikipedia.org/w/index.php?title=CarMax&oldid=1303154919,https://en.wikipedia.org/wiki/CarMax
2025,Mastercard,,152,Michael Miebach,,,,,,https://en.wikipedia.org/w/index.php?title=Mastercard&oldid=1300827220,https://en.wikipedia.org/wiki/Mastercard
2025,NRG Energy,,153,Larry Coben,,,,,,https://en.wikipedia.org/w/index.php?title=NRG_Energy&oldid=1301443339,https://en.wikipedia.org/wiki/NRG_Energy
2025,Arrow Electronics,,154,Sean Kerins,Sean J. Kerins,,,,,https://en.wikipedia.org/w/index.php?title=Arrow_Electronics&oldid=1299864655,https://en.wikipedia.org/wiki/Arrow_Electronics
2025,Baker Hughes,,155,Lorenzo Simonelli,,,,,,https://en.wikipedia.org/w/index.php?title=Baker_Hughes&oldid=1302733357,https://en.wikipedia.org/wiki/Baker_Hughes
2025,Southwest Airlines,,156,Robert E. Jordan,Robert Jordan; Bob Jordan,,,,,https://en.wikipedia.org/w/index.php?title=Southwest_Airlines&oldid=1300819593,https://en.wikipedia.org/wiki/Southwest_Airlines
2025,AIG,American International Group,157,Peter Zaffino,Peter S. Zaffino,,,,,https://en.wikipedia.org/w/index.php?title=American_International_Group&oldid=1300822726,https://en.wikipedia.org/wiki/American_International_Group
2025,Applied Materials,,158,Gary E. Dickerson,Gary Dickerson,,,,,https://en.wikipedia.org/w/index.php?title=Applied_Materials&oldid=1296434307,https://en.wikipedia.org/wiki/Applied_Materials
2025,Occidental Petroleum,,159,Vicki Hollub,,,,,,https://en.wikipedia.org/w/index.php?title=Occidental_Petroleum&oldid=1294976948,https://en.wikipedia.org/wiki/Occidental_Petroleum
2025,AutoNation,,160,Mike Manley,Michael Manley,,,,,https://en.wikipedia.org/w/index.php?title=AutoNation&oldid=1306142579,https://en.wikipedia.org/wiki/AutoNation
2025,Southern,,161,Chris Womack,,,,,,https://en.wikipedia.org/w/index.php?title=Southern_Company&oldid=1305295274,https://en.wikipedia.org/wiki/Southern_Company
2025,Hartford Insurance Group,Hartford Financial Services Group,162,Christopher J. Swift,Christopher Swift,,,,,https://en.wikipedia.org/w/index.php?title=The_Hartford&oldid=1303560308,https://en.wikipedia.org/wiki/The_Hartford
2025,Apollo Global Management,,163,Marc Rowan,,,,,,https://en.wikipedia.org/w/index.php?title=Apollo_Global_Management&oldid=1300026520,https://en.wikipedia.org/wiki/Apollo_Global_Management
2025,Charles Schwab,,164,Rick Wurster,,,,,,https://en.wikipedia.org/w/index.php?title=Charles_Schwab_Corporation&oldid=1303519852,https://en.wikipedia.org/wiki/Charles_Schwab_Corporation
2025,McDonald's,,165,Chris Kempczinski,,,,,,https://en.wikipedia.org/w/index.php?title=McDonald's&oldid=1300802172,https://en.wikipedia.org/wiki/McDonald's
2025,Kraft Heinz,,166,Carlos AbramsRivera,,,,,,https://en.wikipedia.org/w/index.php?title=Kraft_Heinz&oldid=1300120076,https://en.wikipedia.org/wiki/Kraft_Heinz
2025,Advanced Micro Devices,,167,Lisa Su,Lisa T. Su,,,,,https://en.wikipedia.org/w/index.php?title=AMD&oldid=1300588280,https://en.wikipedia.org/wiki/AMD
2025,Truist Financial,,168,William H. Rogers Jr.,,,,,,https://en.wikipedia.org/w/index.php?title=Truist&oldid=1292935739,https://en.wikipedia.org/wiki/Truist
2025,Freeport-McMoRan,,169,Kathleen L. Quirk,,,,,,https://en.wikipedia.org/w/index.php?title=Freeport-McMoRan&oldid=1301247687,https://en.wikipedia.org/wiki/Freeport-McMoRan
2025,Micron Technology,,170,Sanjay Mehrotra,,,,,,https://en.wikipedia.org/w/index.php?title=Micron_Technology&oldid=1301509721,https://en.wikipedia.org/wiki/Micron_Technology
2025,Marriott International,,171,Anthony Capuano,Anthony G. Capuano,,,,,https://en.wikipedia.org/w/index.php?title=Marriott_International&oldid=1301306136,https://en.wikipedia.org/wiki/Marriott_International
2025,Carrier Global,,172,Dave Gitlin,,,,,,https://en.wikipedia.org/w/index.php?title=Carrier_Global&oldid=1298791173,https://en.wikipedia.org/wiki/Carrier_Global
2025,NextEra Energy,,173,John W. Ketchum,John Ketchum,,,,,https://en.wikipedia.org/w/index.php?title=NextEra_Energy&oldid=1300765671,https://en.wikipedia.org/wiki/NextEra_Energy
2025,3M,,174,William M. Brown,,,,,,https://en.wikipedia.org/w/index.php?title=3M&oldid=1300449302,https://en.wikipedia.org/wiki/3M
2025,Marsh & McLennan,,175,John Q. Doyle,John Doyle,,,,,https://en.wikipedia.org/w/index.php?title=Marsh_McLennan&oldid=1292408853,https://en.wikipedia.org/wiki/Marsh_McLennan
2025,PG&E,,176,Patti Poppe,,,,,,https://en.wikipedia.org/w/index.php?title=Pacific_Gas_and_Electric_Company&oldid=1300240896,https://en.wikipedia.org/wiki/Pacific_Gas_and_Electric_Company
2025,Union Pacific,,177,Jim Vena,,,,,,https://en.wikipedia.org/w/index.php?title=Union_Pacific_Corporation&oldid=1305116413,https://en.wikipedia.org/wiki/Union_Pacific_Corporation
2025,Synchrony,Synchrony Financial,178,Brian Doubles,Brian D. Doubles,,,,,https://en.wikipedia.org/w/index.php?title=Synchrony_Financial&oldid=1295974452,https://en.wikipedia.org/wiki/Synchrony_Financial
2025,Block,,179,Jack Dorsey,,,,,,"https://en.wikipedia.org/w/index.php?title=Block,_Inc.&oldid=1302177698","https://en.wikipedia.org/wiki/Block,_Inc."
2025,Danaher,,180,Rainer Blair,Rainer M. Blair,,,,,https://en.wikipedia.org/w/index.php?title=Danaher_Corporation&oldid=1298669880,https://en.wikipedia.org/wiki/Danaher_Corporation
2025,Avnet,,181,Phil Gallagher,,,,,,,
2025,Booking Holdings,,182,Glenn D. Fogel,Glenn Fogel,,,,,https://en.wikipedia.org/w/index.php?title=Booking_Holdings&oldid=1301456823,https://en.wikipedia.org/wiki/Booking_Holdings
2025,EOG Resources,,183,Ezra Y. Yacob,,,,,,https://en.wikipedia.org/w/index.php?title=EOG_Resources&oldid=1291738933,https://en.wikipedia.org/wiki/EOG_Resources
2025,Quanta Services,,184,Earl C. Austin,Earl Austin; Duke Austin; Earl C. Austin Jr.,,,,,https://en.wikipedia.org/w/index.php?title=Quanta_Services&oldid=1302666011,https://en.wikipedia.org/wiki/Quanta_Services
2025,Discover,Discover Financial Services,185,Michael Rhodes,,,,,,https://en.wikipedia.org/w/index.php?title=Discover_Financial&oldid=1302524677,https://en.wikipedia.org/wiki/Discover_Financial
2025,Constellation Energy,,186,Joseph Dominguez,,,,,,https://en.wikipedia.org/w/index.php?title=Constellation_Energy&oldid=1307439038,https://en.wikipedia.org/wiki/Constellation_Energy
2025,Genuine Parts,,187,Will Stengel,,,,,,https://en.wikipedia.org/w/index.php?title=Genuine_Parts_Company&oldid=1282150479,https://en.wikipedia.org/wiki/Genuine_Parts_Company
2025,Jones Lang LaSalle,,188,Christian Ulbrich,,,,,,https://en.wikipedia.org/w/index.php?title=JLL_(company)&oldid=1298590186,https://en.wikipedia.org/wiki/JLL_(company)
2025,Lear,,189,Ray Scott,,,,,,https://en.wikipedia.org/w/index.php?title=Lear_Corporation&oldid=1305301528,https://en.wikipedia.org/wiki/Lear_Corporation
2025,Live Nation Entertainment,,190,Michael Rapino,,,,,,https://en.wikipedia.org/w/index.php?title=Live_Nation_Entertainment&oldid=1299368782,https://en.wikipedia.org/wiki/Live_Nation_Entertainment
2025,Sherwin-Williams,,191,Heidi G. Petz,,,,,,https://en.wikipedia.org/w/index.php?title=Sherwin-Williams&oldid=1305137930,https://en.wikipedia.org/wiki/Sherwin-Williams
2025,Exelon,,192,Calvin Butler,Calvin G. Butler,,,,,https://en.wikipedia.org/w/index.php?title=Exelon&oldid=1293103326,https://en.wikipedia.org/wiki/Exelon
2025,Macy's,,193,Tony Spring,,,,,,https://en.wikipedia.org/w/index.php?title=Macy's&oldid=1301352262,https://en.wikipedia.org/wiki/Macy's
2025,Halliburton,,194,Jeff Miller,,,,,,https://en.wikipedia.org/w/index.php?title=Halliburton&oldid=1303028679,https://en.wikipedia.org/wiki/Halliburton
2025,Stryker,,195,Kevin A. Lobo,Kevin Lobo,,,,,https://en.wikipedia.org/w/index.php?title=Stryker_Corporation&oldid=1297323881,https://en.wikipedia.org/wiki/Stryker_Corporation
2025,Reinsurance Group of America,,196,Tony Cheng,,,,,,https://en.wikipedia.org/w/index.php?title=Reinsurance_Group_of_America&oldid=1274355709,https://en.wikipedia.org/wiki/Reinsurance_Group_of_America
2025,Waste Management,,197,James C. Fish Jr.,,,,,,"https://en.wikipedia.org/w/index.php?title=Waste_Management,_Inc.&oldid=1300897274","https://en.wikipedia.org/wiki/Waste_Management,_Inc."
2025,State Street,,198,Ronald P. O’Hanley,,,,,,https://en.wikipedia.org/w/index.php?title=State_Street_Corporation&oldid=1300809087,https://en.wikipedia.org/wiki/State_Street_Corporation
2025,WESCO International,,199,John Engel,John J. Engel,,,,,https://en.wikipedia.org/w/index.php?title=WESCO_International&oldid=1301152885,https://en.wikipedia.org/wiki/WESCO_International
2025,Oneok,,200,Pierce Norton,,,,,,https://en.wikipedia.org/w/index.php?title=Oneok&oldid=1299842208,https://en.wikipedia.org/wiki/Oneok
2025,Adobe,,201,Shantanu Narayen,,,,,,https://en.wikipedia.org/w/index.php?title=Adobe_Inc.&oldid=1300522659,https://en.wikipedia.org/wiki/Adobe_Inc.
2025,American Family Insurance Group,,202,Bill Westrate,,,,,,https://en.wikipedia.org/w/index.php?title=American_Family_Insurance&oldid=1295115352,https://en.wikipedia.org/wiki/American_Family_Insurance
2025,L3Harris Technologies,,203,Christopher E. Kubasik,Christopher Kubasik; Chris Kubasik,,,,,https://en.wikipedia.org/w/index.php?title=L3Harris&oldid=1300623729,https://en.wikipedia.org/wiki/L3Harris
2025,Ross Stores,,204,James Conroy,,,,,,https://en.wikipedia.org/w/index.php?title=Ross_Stores&oldid=1306902842,https://en.wikipedia.org/wiki/Ross_Stores
2025,CDW,,205,Christine Leahy,Christine A. Leahy,,,,,https://en.wikipedia.org/w/index.php?title=CDW&oldid=1296072601,https://en.wikipedia.org/wiki/CDW
2025,Tenet Healthcare,,206,Saum Sutaria,,,,,,https://en.wikipedia.org/w/index.php?title=Tenet_Healthcare&oldid=1300708690,https://en.wikipedia.org/wiki/Tenet_Healthcare
2025,BJ's Wholesale Club,,207,Bob Eddy,,,,,,https://en.wikipedia.org/w/index.php?title=BJ's_Wholesale_Club&oldid=1299685205,https://en.wikipedia.org/wiki/BJ's_Wholesale_Club
2025,Fiserv,,208,Mike Lyons,,,,,,https://en.wikipedia.org/w/index.php?title=Fiserv&oldid=1298283210,https://en.wikipedia.org/wiki/Fiserv
2025,Altria Group,,209,Billy Gifford,,,,,,https://en.wikipedia.org/w/index.php?title=Altria&oldid=1300009017,https://en.wikipedia.org/wiki/Altria
2025,BlackRock,,210,Larry Fink,,,,,,https://en.wikipedia.org/w/index.php?title=BlackRock&oldid=1300707036,https://en.wikipedia.org/wiki/BlackRock
2025,Becton Dickinson,,211,Tom Polen,,,,,,https://en.wikipedia.org/w/index.php?title=BD_(company)&oldid=1296511718,https://en.wikipedia.org/wiki/BD_(company)
2025,Colgate-Palmolive,,212,Noel Wallace,Noel R. Wallace,,,,,https://en.wikipedia.org/w/index.php?title=Colgate-Palmolive&oldid=1301419224,https://en.wikipedia.org/wiki/Colgate-Palmolive
2025,Kimberly-Clark,,213,Michael D. Hsu,,,,,,https://en.wikipedia.org/w/index.php?title=Kimberly-Clark&oldid=1302223261,https://en.wikipedia.org/wiki/Kimberly-Clark
2025,Group 1 Automotive,,214,Daryl Kenningham,,,,,,https://en.wikipedia.org/w/index.php?title=Group_1_Automotive&oldid=1318706197,https://en.wikipedia.org/wiki/Group_1_Automotive
2025,Parker-Hannifin,,215,Jennifer A. Parmentier,Jennifer Parmentier,,,,,https://en.wikipedia.org/w/index.php?title=Parker_Hannifin&oldid=1296390469,https://en.wikipedia.org/wiki/Parker_Hannifin
2025,General Mills,,216,Jeffrey Harmening,Jeffrey L. Harmening,,,,,https://en.wikipedia.org/w/index.php?title=General_Mills&oldid=1300669099,https://en.wikipedia.org/wiki/General_Mills
2025,Cognizant Technology Solutions,,217,Ravi Kumar Singisetti,,,,,,https://en.wikipedia.org/w/index.php?title=Cognizant&oldid=1302203357,https://en.wikipedia.org/wiki/Cognizant
2025,American Electric Power,,218,Bill Fehrman,,,,,,https://en.wikipedia.org/w/index.php?title=American_Electric_Power&oldid=1305358866,https://en.wikipedia.org/wiki/American_Electric_Power
2025,GE HealthCare Technologies,,219,Peter Arduini,,,,,,https://en.wikipedia.org/w/index.php?title=GE_HealthCare&oldid=1301064142,https://en.wikipedia.org/wiki/GE_HealthCare
2025,Automatic Data Processing,,220,Maria Black,,,,,,https://en.wikipedia.org/w/index.php?title=ADP_(company)&oldid=1301344677,https://en.wikipedia.org/wiki/ADP_(company)
2025,Cleveland-Cliffs,,221,C. Lourenco Goncalves,,,,,,https://en.wikipedia.org/w/index.php?title=Cleveland-Cliffs&oldid=1301767673,https://en.wikipedia.org/wiki/Cleveland-Cliffs
2025,Aflac,,222,Dan Amos,,,,,,https://en.wikipedia.org/w/index.php?title=Aflac&oldid=1297093053,https://en.wikipedia.org/wiki/Aflac
2025,Goodyear Tire & Rubber,,223,Mark Stewart,,,,,,https://en.wikipedia.org/w/index.php?title=Goodyear_Tire_and_Rubber_Company&oldid=1300680542,https://en.wikipedia.org/wiki/Goodyear_Tire_and_Rubber_Company
2025,Corebridge Financial,,224,Kevin T. Hogan,Kevin Hogan,,,,,https://en.wikipedia.org/w/index.php?title=Corebridge_Financial&oldid=1300266720,https://en.wikipedia.org/wiki/Corebridge_Financial
2025,Newmont,,225,Thomas R. Palmer,Thomas Palmer,,,,,https://en.wikipedia.org/w/index.php?title=Newmont&oldid=1292436486,https://en.wikipedia.org/wiki/Newmont
2025,International Paper,,226,Andrew Silvernail,,,,,,https://en.wikipedia.org/w/index.php?title=International_Paper&oldid=1301686487,https://en.wikipedia.org/wiki/International_Paper
2025,AutoZone,,227,Phil Daniele,,,,,,https://en.wikipedia.org/w/index.php?title=AutoZone&oldid=1299394146,https://en.wikipedia.org/wiki/AutoZone
2025,Lincoln National,,228,Ellen Cooper,Ellen G. Cooper,,,,,https://en.wikipedia.org/w/index.php?title=Lincoln_National_Corporation&oldid=1301459477,https://en.wikipedia.org/wiki/Lincoln_National_Corporation
2025,PulteGroup,,229,Ryan R. Marshall,,,,,,https://en.wikipedia.org/w/index.php?title=PulteGroup&oldid=1296578325,https://en.wikipedia.org/wiki/PulteGroup
2025,Ameriprise Financial,,230,James M. Cracchiolo,James Cracchiolo,,,,,https://en.wikipedia.org/w/index.php?title=Ameriprise_Financial&oldid=1302955293,https://en.wikipedia.org/wiki/Ameriprise_Financial
2025,Murphy USA,,231,R. Andrew Clyde,,,,,,https://en.wikipedia.org/w/index.php?title=Murphy_USA&oldid=1304135362,https://en.wikipedia.org/wiki/Murphy_USA
2025,ManpowerGroup,,232,Jonas Prising,,,,,,https://en.wikipedia.org/w/index.php?title=ManpowerGroup&oldid=1303384107,https://en.wikipedia.org/wiki/ManpowerGroup
2025,C.H. Robinson Worldwide,,233,David Bozeman,Dave Bozeman,,,,,https://en.wikipedia.org/w/index.php?title=C._H._Robinson&oldid=1316632788,https://en.wikipedia.org/wiki/C._H._Robinson
2025,PPG Industries,,234,Tim Knavish,,,,,,https://en.wikipedia.org/w/index.php?title=PPG_Industries&oldid=1300067409,https://en.wikipedia.org/wiki/PPG_Industries
2025,Edison International,,235,Pedro J. Pizarro,Pedro Pizarro,,,,,https://en.wikipedia.org/w/index.php?title=Edison_International&oldid=1328039366,https://en.wikipedia.org/wiki/Edison_International
2025,Steel Dynamics,,236,Mark D. Millett,Mark Millett,,,,,https://en.wikipedia.org/w/index.php?title=Steel_Dynamics&oldid=1297086562,https://en.wikipedia.org/wiki/Steel_Dynamics
2025,Loews,,237,Ben Tisch,,,,,,https://en.wikipedia.org/w/index.php?title=Loews_Corporation&oldid=1298189050,https://en.wikipedia.org/wiki/Loews_Corporation
2025,Emerson Electric,,238,Lal Karsanbhai,Lal L. Karsanbhai,,,,,https://en.wikipedia.org/w/index.php?title=Emerson_Electric&oldid=1298914619,https://en.wikipedia.org/wiki/Emerson_Electric
2025,Aramark,,239,John Zillmer,John J. Zillmer,,,,,https://en.wikipedia.org/w/index.php?title=Aramark&oldid=1298296780,https://en.wikipedia.org/wiki/Aramark
2025,MGM Resorts International,,240,Bill Hornbuckle,,,,,,https://en.wikipedia.org/w/index.php?title=MGM_Resorts_International&oldid=1300400589,https://en.wikipedia.org/wiki/MGM_Resorts_International
2025,Vistra,,241,James A. Burke,James Burke; Jim Burke,,,,,https://en.wikipedia.org/w/index.php?title=Vistra_Corp.&oldid=1301531714,https://en.wikipedia.org/wiki/Vistra_Corp.
2025,Asbury Automotive Group,,242,David W Hult,,,,,,https://en.wikipedia.org/w/index.php?title=Asbury_Automotive_Group&oldid=1294900111,https://en.wikipedia.org/wiki/Asbury_Automotive_Group
2025,W.W. Grainger,,243,D.G. Macpherson,,,,,,https://en.wikipedia.org/w/index.php?title=W._W._Grainger&oldid=1300927738,https://en.wikipedia.org/wiki/W._W._Grainger
2025,Global Partners,,244,Eric Slifka,,,,,,,
2025,Jacobs Solutions,,245,Bob Pragada,,,,,,https://en.wikipedia.org/w/index.php?title=Jacobs_Solutions&oldid=1302387303,https://en.wikipedia.org/wiki/Jacobs_Solutions
2025,Corteva,,246,Chuck Magro,,,,,,https://en.wikipedia.org/w/index.php?title=Corteva&oldid=1300530149,https://en.wikipedia.org/wiki/Corteva
2025,Peter Kiewit Sons',,247,Rick Lanoha,,,,,,https://en.wikipedia.org/w/index.php?title=Kiewit_Corporation&oldid=1300711730,https://en.wikipedia.org/wiki/Kiewit_Corporation
2025,Boston Scientific,,248,Michael F. Mahoney,Michael Mahoney,,,,,https://en.wikipedia.org/w/index.php?title=Boston_Scientific&oldid=1300671485,https://en.wikipedia.org/wiki/Boston_Scientific
2025,O'Reilly Automotive,,249,Brad Beckham,,,,,,https://en.wikipedia.org/w/index.php?title=O%27Reilly_Auto_Parts&oldid=1303966044,https://en.wikipedia.org/wiki/O'Reilly_Auto_Parts
2025,Leidos Holdings,,250,Thomas Bell,Thomas A. Bell,,,,,https://en.wikipedia.org/w/index.php?title=Leidos&oldid=1298618951,https://en.wikipedia.org/wiki/Leidos
2025,Markel Group,Markel,251,Thomas S. Gayner,,,,,,https://en.wikipedia.org/w/index.php?title=Markel_Group&oldid=1297932598,https://en.wikipedia.org/wiki/Markel_Group
2025,Whirlpool,,252,Marc Bitzer,Marc R. Bitzer,,,,,https://en.wikipedia.org/w/index.php?title=Whirlpool_Corporation&oldid=1300926441,https://en.wikipedia.org/wiki/Whirlpool_Corporation
2025,Guardian Life Ins. Co. of America,,253,Andrew McMahon,,,,,,https://en.wikipedia.org/w/index.php?title=The_Guardian_Life_Insurance_Company_of_America&oldid=1279889012,https://en.wikipedia.org/wiki/The_Guardian_Life_Insurance_Company_of_America
2025,Builders FirstSource,,254,Peter Jackson,,,,,,https://en.wikipedia.org/w/index.php?title=Builders_FirstSource&oldid=1309701399,https://en.wikipedia.org/wiki/Builders_FirstSource
2025,Ally Financial,,255,Michael G. Rhodes,,,,,,https://en.wikipedia.org/w/index.php?title=Ally_Financial&oldid=1300449892,https://en.wikipedia.org/wiki/Ally_Financial
2025,Targa Resources,,256,Matthew J. Meloy,Matthew Meloy; Matt Meloy,,,,,https://en.wikipedia.org/w/index.php?title=Targa_Resources&oldid=1303704835,https://en.wikipedia.org/wiki/Targa_Resources
2025,Fluor,,257,Jim Breuer,,,,,,https://en.wikipedia.org/w/index.php?title=Fluor_Corporation&oldid=1299628505,https://en.wikipedia.org/wiki/Fluor_Corporation
2025,Intuit,,258,Sasan Goodarzi,Sasan K. Goodarzi,,,,,https://en.wikipedia.org/w/index.php?title=Intuit&oldid=1301571462,https://en.wikipedia.org/wiki/Intuit
2025,AECOM,,259,W. Troy Rudd,Troy Rudd,,,,,https://en.wikipedia.org/w/index.php?title=AECOM&oldid=1302662363,https://en.wikipedia.org/wiki/AECOM
2025,Jones Financial (Edward Jones),,260,Penny Pennington,,,,,,https://en.wikipedia.org/w/index.php?title=Edward_Jones_Investments&oldid=1299229258,https://en.wikipedia.org/wiki/Edward_Jones_Investments
2025,Kohl's,,261,Michael Bender,,,,,,https://en.wikipedia.org/w/index.php?title=Kohl's&oldid=1300048671,https://en.wikipedia.org/wiki/Kohl's
2025,Land O'Lakes,,262,Beth Ford,Beth E. Ford,,,,,https://en.wikipedia.org/w/index.php?title=Land_O'Lakes&oldid=1299106884,https://en.wikipedia.org/wiki/Land_O'Lakes
2025,Principal Financial,,263,Deanna Strable-Soethout,Deanna Strable,,,,,https://en.wikipedia.org/w/index.php?title=Principal_Financial_Group&oldid=1300524744,https://en.wikipedia.org/wiki/Principal_Financial_Group
2025,Dominion Energy,,264,Robert Blue,Robert M. Blue,,,,,https://en.wikipedia.org/w/index.php?title=Dominion_Energy&oldid=1298999352,https://en.wikipedia.org/wiki/Dominion_Energy
2025,Kyndryl Holdings,,265,Martin Schroeter,Martin J. Schroeter,,,,,https://en.wikipedia.org/w/index.php?title=Kyndryl&oldid=1296143323,https://en.wikipedia.org/wiki/Kyndryl
2025,Republic Services,,266,Jon Vander Ark,,,,,,https://en.wikipedia.org/w/index.php?title=Republic_Services&oldid=1304258470,https://en.wikipedia.org/wiki/Republic_Services
2025,Devon Energy,,267,Clay Gaspar,,,,,,https://en.wikipedia.org/w/index.php?title=Devon_Energy&oldid=1296323178,https://en.wikipedia.org/wiki/Devon_Energy
2025,Illinois Tool Works,,268,Christopher A. O'Herlihy,,,,,,https://en.wikipedia.org/w/index.php?title=Illinois_Tool_Works&oldid=1285631795,https://en.wikipedia.org/wiki/Illinois_Tool_Works
2025,Northern Trust,,269,Michael G. O'Grady,Michael O'Grady,,,,,https://en.wikipedia.org/w/index.php?title=Northern_Trust&oldid=1292556943,https://en.wikipedia.org/wiki/Northern_Trust
2025,Auto-Owners Insurance,,270,Jamie Whisnant,,,,,,https://en.wikipedia.org/w/index.php?title=Auto-Owners_Insurance&oldid=1307936415,https://en.wikipedia.org/wiki/Auto-Owners_Insurance
2025,Universal Health Services,,271,Marc D. Miller,Marc Miller,,,,,https://en.wikipedia.org/w/index.php?title=Universal_Health_Services&oldid=1302454424,https://en.wikipedia.org/wiki/Universal_Health_Services
2025,Pacific Life,,272,Darryl Button,,,,,,https://en.wikipedia.org/w/index.php?title=Pacific_Life&oldid=1301591685,https://en.wikipedia.org/wiki/Pacific_Life
2025,EchoStar,,273,Hamid Akhavan,,,,,,https://en.wikipedia.org/w/index.php?title=EchoStar&oldid=1300189869,https://en.wikipedia.org/wiki/EchoStar
2025,Ecolab,,274,Christophe Beck,,,,,,https://en.wikipedia.org/w/index.php?title=Ecolab&oldid=1302131302,https://en.wikipedia.org/wiki/Ecolab
2025,Cheniere Energy,,275,Jack Fusco,Jack A. Fusco,,,,,https://en.wikipedia.org/w/index.php?title=Cheniere_Energy&oldid=1299938983,https://en.wikipedia.org/wiki/Cheniere_Energy
2025,Omnicom Group,,276,John D. Wren,John Wren,,,,,https://en.wikipedia.org/w/index.php?title=Omnicom_Group&oldid=1297737814,https://en.wikipedia.org/wiki/Omnicom_Group
2025,Texas Instruments,,277,Haviv Ilan,,,,,,https://en.wikipedia.org/w/index.php?title=Texas_Instruments&oldid=1301510221,https://en.wikipedia.org/wiki/Texas_Instruments
2025,United States Steel,,278,David Burritt,David B. Burritt,,,,,https://en.wikipedia.org/w/index.php?title=U.S._Steel&oldid=1300987274,https://en.wikipedia.org/wiki/U.S._Steel
2025,Estée Lauder,,279,Stéphane de La Faverie,,,,,,https://en.wikipedia.org/w/index.php?title=Est%C3%A9e_Lauder_Companies&oldid=1303488966,https://en.wikipedia.org/wiki/Est%C3%A9e_Lauder_Companies
2025,Farmers Insurance Exchange,,280,Raul Vargas,,,,,,https://en.wikipedia.org/w/index.php?title=Farmers_Insurance_Group&oldid=1313602210,https://en.wikipedia.org/wiki/Farmers_Insurance_Group
2025,Kenvue,,281,Kirk Perry,,,,,,https://en.wikipedia.org/w/index.php?title=Kenvue&oldid=1300512344,https://en.wikipedia.org/wiki/Kenvue
2025,IQVIA Holdings,,282,Ari Bousbib,,,,,,https://en.wikipedia.org/w/index.php?title=IQVIA&oldid=1297635353,https://en.wikipedia.org/wiki/IQVIA
2025,Stanley Black & Decker,,283,Donald Allan Jr.,Donald Allan; Don Allan,,,,,https://en.wikipedia.org/w/index.php?title=Stanley_Black_%26_Decker&oldid=1298182513,https://en.wikipedia.org/wiki/Stanley_Black_%26_Decker
2025,Keurig Dr Pepper,,284,Tim Cofer,,,,,,https://en.wikipedia.org/w/index.php?title=Keurig_Dr_Pepper&oldid=1298841485,https://en.wikipedia.org/wiki/Keurig_Dr_Pepper
2025,United Rentals,,285,Matthew Flannery,Matthew J. Flannery,,,,,https://en.wikipedia.org/w/index.php?title=United_Rentals&oldid=1299934544,https://en.wikipedia.org/wiki/United_Rentals
2025,Consolidated Edison,,286,Tim Cawley,,,,,,https://en.wikipedia.org/w/index.php?title=Consolidated_Edison&oldid=1301581026,https://en.wikipedia.org/wiki/Consolidated_Edison
2025,Amphenol,,287,R. Adam Norwitt,Adam Norwitt,,,,,https://en.wikipedia.org/w/index.php?title=Amphenol&oldid=1300811410,https://en.wikipedia.org/wiki/Amphenol
2025,Baxter International,,288,José E. Almeida,,,,,,https://en.wikipedia.org/w/index.php?title=Baxter_International&oldid=1300471692,https://en.wikipedia.org/wiki/Baxter_International
2025,Kinder Morgan,,289,Kimberly A. Dang,,,,,,https://en.wikipedia.org/w/index.php?title=Kinder_Morgan&oldid=1301099518,https://en.wikipedia.org/wiki/Kinder_Morgan
2025,Gap,,290,Richard Dickson,,,,,,https://en.wikipedia.org/w/index.php?title=Gap_Inc.&oldid=1301425330,https://en.wikipedia.org/wiki/Gap_Inc.
2025,Nordstrom,,291,Erik Nordstrom,Erik B. Nordstrom,,,,,https://en.wikipedia.org/w/index.php?title=Nordstrom&oldid=1302036222,https://en.wikipedia.org/wiki/Nordstrom
2025,Super Micro Computer,,292,Charles Liang,,,,,,https://en.wikipedia.org/w/index.php?title=Supermicro&oldid=1300540363,https://en.wikipedia.org/wiki/Supermicro
2025,First Citizens BancShares,,293,Frank B. Holding Jr.,,,,,,https://en.wikipedia.org/w/index.php?title=First_Citizens_BancShares&oldid=1296325651,https://en.wikipedia.org/wiki/First_Citizens_BancShares
2025,Raymond James Financial,,294,Paul Reilly,Paul C. Reilly,,,,,https://en.wikipedia.org/w/index.php?title=Raymond_James_Financial&oldid=1299686656,https://en.wikipedia.org/wiki/Raymond_James_Financial
2025,Lam Research,,295,Tim Archer,,,,,,https://en.wikipedia.org/w/index.php?title=Lam_Research&oldid=1305465545,https://en.wikipedia.org/wiki/Lam_Research
2025,Tractor Supply,,296,Hal Lawton,,,,,,https://en.wikipedia.org/w/index.php?title=Tractor_Supply_Company&oldid=1307828751,https://en.wikipedia.org/wiki/Tractor_Supply_Company
2025,Casey's General Stores,,297,Darren Rebelez,,,,,,https://en.wikipedia.org/w/index.php?title=Casey%27s&oldid=1300027862,https://en.wikipedia.org/wiki/Casey's
2025,Viatris,,298,Scott A. Smith,Scott Smith,,,,,https://en.wikipedia.org/w/index.php?title=Viatris&oldid=1303764839,https://en.wikipedia.org/wiki/Viatris
2025,Mutual of Omaha,Mutual of Omaha Insurance,299,James Blackledge,James T. Blackledge,,,,,https://en.wikipedia.org/w/index.php?title=Mutual_of_Omaha&oldid=1300858529,https://en.wikipedia.org/wiki/Mutual_of_Omaha
2025,EMCOR Group,,300,Anthony J. Guzzi,,,,,,https://en.wikipedia.org/w/index.php?title=Emcor&oldid=1304037188,https://en.wikipedia.org/wiki/Emcor
2025,CSX,,301,Steve Angel,,,,,,https://en.wikipedia.org/w/index.php?title=CSX_Transportation&oldid=1300411495,https://en.wikipedia.org/wiki/CSX_Transportation
2025,LKQ,,302,Justin Jude,,,,,,https://en.wikipedia.org/w/index.php?title=LKQ_Corporation&oldid=1301247520,https://en.wikipedia.org/wiki/LKQ_Corporation
2025,Otis Worldwide,,303,Judy Marks,,,,,,https://en.wikipedia.org/w/index.php?title=Otis_Worldwide&oldid=1297071310,https://en.wikipedia.org/wiki/Otis_Worldwide
2025,Sonic Automotive,,304,David Smith,,,,,,https://en.wikipedia.org/w/index.php?title=Sonic_Automotive&oldid=1305828576,https://en.wikipedia.org/wiki/Sonic_Automotive
2025,S&P Global,,305,Martina Cheung,,,,,,https://en.wikipedia.org/w/index.php?title=S%26P_Global&oldid=1300610607,https://en.wikipedia.org/wiki/S
2025,Regeneron Pharmaceuticals,,306,Leonard Schleifer,Leonard S. Schleifer,,,,,https://en.wikipedia.org/w/index.php?title=Regeneron_Pharmaceuticals&oldid=1299487083,https://en.wikipedia.org/wiki/Regeneron_Pharmaceuticals
2025,BorgWarner,,307,Frédéric Lissalde,,,,,,https://en.wikipedia.org/w/index.php?title=BorgWarner&oldid=1300698507,https://en.wikipedia.org/wiki/BorgWarner
2025,Fox,,308,Lachlan Murdoch,Lachlan K. Murdoch,,,,,https://en.wikipedia.org/w/index.php?title=Fox_Corporation&oldid=1301101345,https://en.wikipedia.org/wiki/Fox_Corporation
2025,Reliance,Reliance Steel & Aluminum,309,Karla R. Lewis,Karla Lewis,,,,,"https://en.wikipedia.org/w/index.php?title=Reliance,_Inc.&oldid=1309470527","https://en.wikipedia.org/wiki/Reliance,_Inc."
2025,Western & Southern Financial Group,,310,John F. Barrett,John Barrett,,,,,https://en.wikipedia.org/w/index.php?title=Western_%26_Southern_Financial_Group&oldid=1294399085,https://en.wikipedia.org/wiki/Western_
2025,Textron,,311,Scott C. Donnelly,Scott Donnelly,,,,,https://en.wikipedia.org/w/index.php?title=Textron&oldid=1308799181,https://en.wikipedia.org/wiki/Textron
2025,Expedia Group,,312,Ariane Gorin,,,,,,https://en.wikipedia.org/w/index.php?title=Expedia_Group&oldid=1300930746,https://en.wikipedia.org/wiki/Expedia_Group
2025,Fidelity National Financial,,313,Mike Nolan,,,,,,https://en.wikipedia.org/w/index.php?title=Fidelity_National_Financial&oldid=1290068348,https://en.wikipedia.org/wiki/Fidelity_National_Financial
2025,Carvana,,314,Ernest Garcia III,,,,,,https://en.wikipedia.org/w/index.php?title=Carvana&oldid=1299051791,https://en.wikipedia.org/wiki/Carvana
2025,DXC Technology,,315,Raul Fernandez,,,,,,https://en.wikipedia.org/w/index.php?title=DXC_Technology&oldid=1304137753,https://en.wikipedia.org/wiki/DXC_Technology
2025,W.R. Berkley,,316,W. Robert Berkley Jr.,Robert Berkley,,,,,https://en.wikipedia.org/w/index.php?title=W._R._Berkley_Corporation&oldid=1310426521,https://en.wikipedia.org/wiki/W._R._Berkley_Corporation
2025,M&T Bank,,317,René F. Jones,René Jones,,,,,https://en.wikipedia.org/w/index.php?title=M%26T_Bank&oldid=1300842605,https://en.wikipedia.org/wiki/M
2025,Dick's Sporting Goods,,318,Lauren Hobart,Lauren R. Hobart,,,,,https://en.wikipedia.org/w/index.php?title=Dick's_Sporting_Goods&oldid=1301074931,https://en.wikipedia.org/wiki/Dick's_Sporting_Goods
2025,Xcel Energy,,319,Robert C. Frenzel,Robert Frenzel; Bob Frenzel,,,,,https://en.wikipedia.org/w/index.php?title=Xcel_Energy&oldid=1301135320,https://en.wikipedia.org/wiki/Xcel_Energy
2025,Fifth Third Bancorp,,320,Timothy N. Spence,Tim Spence,,,,,https://en.wikipedia.org/w/index.php?title=Fifth_Third_Bank&oldid=1300093805,https://en.wikipedia.org/wiki/Fifth_Third_Bank
2025,Blackstone,,321,Stephen Schwarzman,Stephen A. Schwarzman,,,,,https://en.wikipedia.org/w/index.php?title=Blackstone_Inc.&oldid=1300362174,https://en.wikipedia.org/wiki/Blackstone_Inc.
2025,Sempra,,322,Jeffrey W. Martin,,,,,,https://en.wikipedia.org/w/index.php?title=Sempra&oldid=1305347632,https://en.wikipedia.org/wiki/Sempra
2025,Erie Insurance Group,,323,Timothy G. NeCastro,,,,,,https://en.wikipedia.org/w/index.php?title=Erie_Insurance_Group&oldid=1316203185,https://en.wikipedia.org/wiki/Erie_Insurance_Group
2025,Corning,,324,Wendell P. Weeks,Wendell Weeks,,,,,https://en.wikipedia.org/w/index.php?title=Corning_Inc.&oldid=1300430100,https://en.wikipedia.org/wiki/Corning_Inc.
2025,Lumen Technologies,,325,Kate Johnson,,,,,,https://en.wikipedia.org/w/index.php?title=Lumen_Technologies&oldid=1300823269,https://en.wikipedia.org/wiki/Lumen_Technologies
2025,FirstEnergy,,326,Brian X. Tierney,Brian Tierney,,,,,https://en.wikipedia.org/w/index.php?title=FirstEnergy&oldid=1302187506,https://en.wikipedia.org/wiki/FirstEnergy
2025,Hess,,327,John B. Hess,John Hess,,,,,https://en.wikipedia.org/w/index.php?title=Hess_Corporation&oldid=1300863514,https://en.wikipedia.org/wiki/Hess_Corporation
2025,Labcorp Holdings,Laboratory Corp. of America,328,Adam H. Schechter,Adam Schechter,,,,,https://en.wikipedia.org/w/index.php?title=Labcorp&oldid=1308006246,https://en.wikipedia.org/wiki/Labcorp
2025,Western Digital,,329,Irving Tan,,,,,,https://en.wikipedia.org/w/index.php?title=Western_Digital&oldid=1300689234,https://en.wikipedia.org/wiki/Western_Digital
2025,Unum Group,,330,Rick McKenney,,,,,,https://en.wikipedia.org/w/index.php?title=Unum&oldid=1301830620,https://en.wikipedia.org/wiki/Unum
2025,DaVita,,331,Javier J. Rodriguez,Javier Rodriguez,,,,,https://en.wikipedia.org/w/index.php?title=DaVita&oldid=1301379673,https://en.wikipedia.org/wiki/DaVita
2025,Kellanova,Kellogg,332,Steven Cahillane,Steven A. Cahillane,,,,,https://en.wikipedia.org/w/index.php?title=Kellanova&oldid=1302801530,https://en.wikipedia.org/wiki/Kellanova
2025,Henry Schein,,333,Stanley M. Bergman,,,,,,https://en.wikipedia.org/w/index.php?title=Henry_Schein&oldid=1298113146,https://en.wikipedia.org/wiki/Henry_Schein
2025,Ryder System,,334,Robert E. Sanchez,Robert Sanchez,,,,,https://en.wikipedia.org/w/index.php?title=Ryder&oldid=1299508779,https://en.wikipedia.org/wiki/Ryder
2025,Community Health Systems,,335,Tim Hingtgen,,,,,,,
2025,Delek US Holdings,,336,Avigal Soreq,,,,,,https://en.wikipedia.org/w/index.php?title=Delek_US_Holdings&oldid=1293810421,https://en.wikipedia.org/wiki/Delek_US_Holdings
2025,DTE Energy,,337,Joi Harris,,,,,,https://en.wikipedia.org/w/index.php?title=DTE_Energy&oldid=1297581637,https://en.wikipedia.org/wiki/DTE_Energy
2025,Equitable Holdings,,338,Mark Pearson,,,,,,https://en.wikipedia.org/w/index.php?title=Equitable_Holdings&oldid=1296759325,https://en.wikipedia.org/wiki/Equitable_Holdings
2025,DuPont,,339,Lori Koch,,,,,,https://en.wikipedia.org/w/index.php?title=DuPont&oldid=1300677014,https://en.wikipedia.org/wiki/DuPont
2025,LPL Financial Holdings,,340,Rich Steinmeier,,,,,,https://en.wikipedia.org/w/index.php?title=LPL_Financial&oldid=1291670746,https://en.wikipedia.org/wiki/LPL_Financial
2025,Citizens Financial Group,,341,Bruce Van Saun,Bruce W. Van Saun,,,,,https://en.wikipedia.org/w/index.php?title=Citizens_Financial_Group&oldid=1299746724,https://en.wikipedia.org/wiki/Citizens_Financial_Group
2025,MasTec,,342,Jose Mas,,,,,,https://en.wikipedia.org/w/index.php?title=MasTec&oldid=1297563160,https://en.wikipedia.org/wiki/MasTec
2025,AES,,343,Andres Gluski,Andres R. Gluski,,,,,https://en.wikipedia.org/w/index.php?title=AES_Corporation&oldid=1301365672,https://en.wikipedia.org/wiki/AES_Corporation
2025,Berry Global Group,,344,Kevin Kwilinski,,,,,,https://en.wikipedia.org/w/index.php?title=Berry_Global&oldid=1296801740,https://en.wikipedia.org/wiki/Berry_Global
2025,Westlake,,345,JeanMarc Gilson,,,,,,https://en.wikipedia.org/w/index.php?title=Westlake_Corporation&oldid=1308049398,https://en.wikipedia.org/wiki/Westlake_Corporation
2025,Norfolk Southern,,346,Mark R. George,Mark George,,,,,https://en.wikipedia.org/w/index.php?title=Norfolk_Southern_Railway&oldid=1301114888,https://en.wikipedia.org/wiki/Norfolk_Southern_Railway
2025,Air Products & Chemicals,,347,Eduardo F. Menezes,,,,,,https://en.wikipedia.org/w/index.php?title=Air_Products_&_Chemicals&oldid=1296180414,https://en.wikipedia.org/wiki/Air_Products_
2025,J.B. Hunt Transport Services,,348,Shelley Simpson,,,,,,https://en.wikipedia.org/w/index.php?title=J._B._Hunt&oldid=1300541454,https://en.wikipedia.org/wiki/J._B._Hunt
2025,Ball,,349,Dan Fisher,,,,,,https://en.wikipedia.org/w/index.php?title=Ball_Corporation&oldid=1301586014,https://en.wikipedia.org/wiki/Ball_Corporation
2025,Conagra Brands,,350,Sean Connolly,Sean M. Connolly,,,,,https://en.wikipedia.org/w/index.php?title=Conagra_Brands&oldid=1301208212,https://en.wikipedia.org/wiki/Conagra_Brands
2025,Huntington Bancshares,,351,Stephen D. Steinour,Stephen Steinour,,,,,https://en.wikipedia.org/w/index.php?title=Huntington_Bancshares&oldid=1302497597,https://en.wikipedia.org/wiki/Huntington_Bancshares
2025,Hormel Foods,,352,James Snee,,,,,,https://en.wikipedia.org/w/index.php?title=Hormel_Foods&oldid=1299990552,https://en.wikipedia.org/wiki/Hormel_Foods
2025,Eversource Energy,,353,Joseph R. Nolan,Joseph Nolan,,,,,https://en.wikipedia.org/w/index.php?title=Eversource_Energy&oldid=1299747935,https://en.wikipedia.org/wiki/Eversource_Energy
2025,Alcoa,,354,William F. Oplinger,,,,,,https://en.wikipedia.org/w/index.php?title=Alcoa&oldid=1301670562,https://en.wikipedia.org/wiki/Alcoa
2025,Entergy,,355,Andrew Marsh,Drew Marsh,,,,,https://en.wikipedia.org/w/index.php?title=Entergy&oldid=1302123624,https://en.wikipedia.org/wiki/Entergy
2025,Assurant,,356,Keith W. Demmings,Keith Demmings,,,,,https://en.wikipedia.org/w/index.php?title=Assurant&oldid=1303329303,https://en.wikipedia.org/wiki/Assurant
2025,Chewy,,357,Sumit Singh,,,,,,https://en.wikipedia.org/w/index.php?title=Chewy_(company)&oldid=1302181857,https://en.wikipedia.org/wiki/Chewy_(company)
2025,Wayfair,,358,Niraj Shah,Niraj S. Shah,,,,,https://en.wikipedia.org/w/index.php?title=Wayfair&oldid=1304787703,https://en.wikipedia.org/wiki/Wayfair
2025,Crown Holdings,,359,Timothy J. Donahue,Timothy Donahue,,,,,https://en.wikipedia.org/w/index.php?title=Crown_Holdings&oldid=1311350760,https://en.wikipedia.org/wiki/Crown_Holdings
2025,Avis Budget Group,,360,Brian Choi,,,,,,https://en.wikipedia.org/w/index.php?title=Avis_Budget_Group&oldid=1300479152,https://en.wikipedia.org/wiki/Avis_Budget_Group
2025,Intercontinental Exchange,,361,Jeffrey Sprecher,Jeffrey C. Sprecher,,,,,https://en.wikipedia.org/w/index.php?title=Intercontinental_Exchange&oldid=1302981672,https://en.wikipedia.org/wiki/Intercontinental_Exchange
2025,Alaska Air Group,,362,Ben Minicucci Joe Sprague,,,,,,https://en.wikipedia.org/w/index.php?title=Alaska_Air_Group&oldid=1299129601,https://en.wikipedia.org/wiki/Alaska_Air_Group
2025,GXO Logistics,,363,Patrick Kelleher,,,,,,https://en.wikipedia.org/w/index.php?title=GXO_Logistics&oldid=1307349973,https://en.wikipedia.org/wiki/GXO_Logistics
2025,AGCO,,364,Eric Hansotia,Eric P. Hansotia,,,,,https://en.wikipedia.org/w/index.php?title=AGCO&oldid=1300367608,https://en.wikipedia.org/wiki/AGCO
2025,Graybar Electric,,365,Kathleen Mazzarella,Kathleen M. Mazzarella,,,,,https://en.wikipedia.org/w/index.php?title=Graybar&oldid=1313532637,https://en.wikipedia.org/wiki/Graybar
2025,Molson Coors Beverage,,366,Gavin Hattersley,,,,,,https://en.wikipedia.org/w/index.php?title=Molson_Coors&oldid=1299156637,https://en.wikipedia.org/wiki/Molson_Coors
2025,Arthur J. Gallagher,,367,J. Patrick Gallagher Jr.,,,,,,https://en.wikipedia.org/w/index.php?title=Arthur_J._Gallagher_%26_Co.&oldid=1306996017,https://en.wikipedia.org/wiki/Arthur_J._Gallagher_&_Co.
2025,Huntington Ingalls Industries,,368,Christopher D. Kastner,Christopher Kastner,,,,,https://en.wikipedia.org/w/index.php?title=Huntington_Ingalls_Industries&oldid=1296036701,https://en.wikipedia.org/wiki/Huntington_Ingalls_Industries
2025,International Flavors & Fragrances,,369,Erik Fyrwald,,,,,,https://en.wikipedia.org/w/index.php?title=International_Flavors_%26_Fragrances&oldid=1298598810,https://en.wikipedia.org/wiki/International_Flavors_&_Fragrances
2025,Darden Restaurants,,370,Rick Cardenas,,,,,,https://en.wikipedia.org/w/index.php?title=Darden_Restaurants&oldid=1302449486,https://en.wikipedia.org/wiki/Darden_Restaurants
2025,Cincinnati Financial,,371,Stephen M. Spray,,,,,,,
2025,Chipotle Mexican Grill,,372,Scott Boatwright,,,,,,https://en.wikipedia.org/w/index.php?title=Chipotle_Mexican_Grill&oldid=1301812989,https://en.wikipedia.org/wiki/Chipotle_Mexican_Grill
2025,Yum China Holdings,,373,Joey Wat,,,,,,https://en.wikipedia.org/w/index.php?title=Yum_China&oldid=1301011492,https://en.wikipedia.org/wiki/Yum_China
2025,Las Vegas Sands,,374,Robert G. Goldstein,,,,,,https://en.wikipedia.org/w/index.php?title=Las_Vegas_Sands&oldid=1300804727,https://en.wikipedia.org/wiki/Las_Vegas_Sands
2025,Ulta Beauty,,375,Kecia Steelman,,,,,,https://en.wikipedia.org/w/index.php?title=Ulta_Beauty&oldid=1303129474,https://en.wikipedia.org/wiki/Ulta_Beauty
2025,Caesars Entertainment,,376,Thomas Reeg,Thomas R. Reeg,,,,,https://en.wikipedia.org/w/index.php?title=Caesars_Entertainment&oldid=1300546375,https://en.wikipedia.org/wiki/Caesars_Entertainment
2025,BrightSpring Health Services,,377,Jon B. Rousseau,Jon Rousseau,,,,,,
2025,Andersons,,378,Patrick E. Bowe,Patrick Bowe,,,,,https://en.wikipedia.org/w/index.php?title=The_Andersons&oldid=1288010157,https://en.wikipedia.org/wiki/The_Andersons
2025,Hershey,,379,Michele Buck,Michele G. Buck,,,,,https://en.wikipedia.org/w/index.php?title=The_Hershey_Company&oldid=1301723614,https://en.wikipedia.org/wiki/The_Hershey_Company
2025,Hilton Worldwide Holdings,,380,Christopher J. Nassetta,Christopher Nassetta,,,,,https://en.wikipedia.org/w/index.php?title=Hilton_Worldwide&oldid=1301167273,https://en.wikipedia.org/wiki/Hilton_Worldwide
2025,Mosaic,,381,Bruce Bodine,,,,,,https://en.wikipedia.org/w/index.php?title=The_Mosaic_Company&oldid=1305060805,https://en.wikipedia.org/wiki/The_Mosaic_Company
2025,Airbnb,,382,Brian Chesky,,,,,,https://en.wikipedia.org/w/index.php?title=Airbnb&oldid=1300338986,https://en.wikipedia.org/wiki/Airbnb
2025,Diamondback Energy,,383,Kaes Van't Hof,,,,,,https://en.wikipedia.org/w/index.php?title=Diamondback_Energy&oldid=1304019620,https://en.wikipedia.org/wiki/Diamondback_Energy
2025,American Tower,,384,Steven Vondran,,,,,,https://en.wikipedia.org/w/index.php?title=American_Tower&oldid=1288190858,https://en.wikipedia.org/wiki/American_Tower
2025,Vertex Pharmaceuticals,,385,Reshma Kewalramani,,,,,,https://en.wikipedia.org/w/index.php?title=Vertex_Pharmaceuticals&oldid=1303780090,https://en.wikipedia.org/wiki/Vertex_Pharmaceuticals
2025,ServiceNow,,386,Bill McDermott,,,,,,https://en.wikipedia.org/w/index.php?title=ServiceNow&oldid=1300796741,https://en.wikipedia.org/wiki/ServiceNow
2025,Owens Corning,,387,Brian Chambers,Brian D. Chambers,,,,,https://en.wikipedia.org/w/index.php?title=Owens_Corning&oldid=1296769870,https://en.wikipedia.org/wiki/Owens_Corning
2025,Thrivent Financial,Thrivent Financial for Lutherans,388,Teresa J. Rasmussen,Teresa Rasmussen,,,,,https://en.wikipedia.org/w/index.php?title=Thrivent&oldid=1295910193,https://en.wikipedia.org/wiki/Thrivent
2025,Advance Auto Parts,,389,Shane O'Kelly,,,,,,https://en.wikipedia.org/w/index.php?title=Advance_Auto_Parts&oldid=1304119331,https://en.wikipedia.org/wiki/Advance_Auto_Parts
2025,Toll Brothers,,390,Douglas C. Yearley Jr.,,,,,,https://en.wikipedia.org/w/index.php?title=Toll_Brothers&oldid=1299012496,https://en.wikipedia.org/wiki/Toll_Brothers
2025,Mohawk Industries,,391,Jeffrey Lorberbaum,Jeffrey S. Lorberbaum,,,,,https://en.wikipedia.org/w/index.php?title=Mohawk_Industries&oldid=1290161439,https://en.wikipedia.org/wiki/Mohawk_Industries
2025,Motorola Solutions,,392,Greg Brown,,,,,,https://en.wikipedia.org/w/index.php?title=Motorola_Solutions&oldid=1300679885,https://en.wikipedia.org/wiki/Motorola_Solutions
2025,Oshkosh,,393,John Pfeifer,John C. Pfeifer,,,,,https://en.wikipedia.org/w/index.php?title=Oshkosh_Corporation&oldid=1297634821,https://en.wikipedia.org/wiki/Oshkosh_Corporation
2025,DoorDash,,394,Tony Xu,,,,,,https://en.wikipedia.org/w/index.php?title=DoorDash&oldid=1298498661,https://en.wikipedia.org/wiki/DoorDash
2025,Accendra Health,,395,Edward A. Pesicka,,,,,,https://en.wikipedia.org/w/index.php?title=Accendra_Health&oldid=1297402388,https://en.wikipedia.org/wiki/Accendra_Health
2025,NVR,,396,Eugene J. Bredow,Eugene Bredow,,,,,"https://en.wikipedia.org/w/index.php?title=NVR,_Inc.&oldid=1275651332","https://en.wikipedia.org/wiki/NVR,_Inc."
2025,Interpublic Group,,397,Philippe Krakowsky,,,,,,https://en.wikipedia.org/w/index.php?title=The_Interpublic_Group_of_Companies&oldid=1294501366,https://en.wikipedia.org/wiki/The_Interpublic_Group_of_Companies
2025,Booz Allen Hamilton Holding,,398,Horacio D. Rozanski,Horacio Rozanski,,,,,https://en.wikipedia.org/w/index.php?title=Booz_Allen_Hamilton&oldid=1300815521,https://en.wikipedia.org/wiki/Booz_Allen_Hamilton
2025,Burlington Stores,,399,Michael O'Sullivan,,,,,,https://en.wikipedia.org/w/index.php?title=Burlington_(department_store)&oldid=1302865482,https://en.wikipedia.org/wiki/Burlington_(department_store)
2025,Expeditors Intl. of Washington,Expeditors International of Washington,400,Dan Wall,,,,,,https://en.wikipedia.org/w/index.php?title=Expeditors_International&oldid=1294156199,https://en.wikipedia.org/wiki/Expeditors_International
2025,Lululemon athletica,,401,Calvin McDonald,,,,,,https://en.wikipedia.org/w/index.php?title=Lululemon_athletica&oldid=1279626009,https://en.wikipedia.org/wiki/Lululemon_athletica
2025,Fidelity National Information (FIS),Fidelity National Information Services,402,Stephanie Ferris,,,,,,https://en.wikipedia.org/w/index.php?title=FIS_(company)&oldid=1301349505,https://en.wikipedia.org/wiki/FIS_(company)
2025,Jefferies Financial Group,,403,Richard B. Handler,,,,,,https://en.wikipedia.org/w/index.php?title=Jefferies_Financial_Group&oldid=1285680835,https://en.wikipedia.org/wiki/Jefferies_Financial_Group
2025,Williams,,404,Alan S. Armstrong,Alan Armstrong,,,,,https://en.wikipedia.org/w/index.php?title=Williams_Companies&oldid=1293871822,https://en.wikipedia.org/wiki/Williams_Companies
2025,VF,,405,Bracken Darrell,,,,,,https://en.wikipedia.org/w/index.php?title=VF_Corporation&oldid=1300949792,https://en.wikipedia.org/wiki/VF_Corporation
2025,FM,,406,Malcolm C. Roberts,Malcolm Roberts,,,,,https://en.wikipedia.org/w/index.php?title=FM_(insurance)&oldid=1305614600,https://en.wikipedia.org/wiki/FM_(insurance)
2025,Autoliv,,407,Jan Carlson,,,,,,https://en.wikipedia.org/w/index.php?title=Autoliv&oldid=1299661631,https://en.wikipedia.org/wiki/Autoliv
2025,Westinghouse Air Brake,Westinghouse Air Brake Technologies,408,Rafael O. Santana,Rafael Santana,,,,,https://en.wikipedia.org/w/index.php?title=Westinghouse_Air_Brake_Company&oldid=1295364764,https://en.wikipedia.org/wiki/Westinghouse_Air_Brake_Company
2025,Public Service Enterprise Group,,409,Ralph LaRossa,,,,,,https://en.wikipedia.org/w/index.php?title=Public_Service_Enterprise_Group&oldid=1294098439,https://en.wikipedia.org/wiki/Public_Service_Enterprise_Group
2025,Dana,,410,James K. Kamsickas,James Kamsickas,,,,,https://en.wikipedia.org/w/index.php?title=Dana_Incorporated&oldid=1295592307,https://en.wikipedia.org/wiki/Dana_Incorporated
2025,Ebay,,411,Jamie Iannone,,,,,,https://en.wikipedia.org/w/index.php?title=Ebay&oldid=1297281729,https://en.wikipedia.org/wiki/Ebay
2025,Celanese,,412,Scott Richardson,,,,,,https://en.wikipedia.org/w/index.php?title=Celanese&oldid=1299139154,https://en.wikipedia.org/wiki/Celanese
2025,Global Payments,,413,Cameron M. Bready,,,,,,https://en.wikipedia.org/w/index.php?title=Global_Payments&oldid=1298361599,https://en.wikipedia.org/wiki/Global_Payments
2025,News Corp.,,414,Robert James Thomson,,,,,,https://en.wikipedia.org/w/index.php?title=News_Corp&oldid=1302521636,https://en.wikipedia.org/wiki/News_Corp
2025,Thor Industries,,415,Bob Martin,,,,,,https://en.wikipedia.org/w/index.php?title=Thor_Industries&oldid=1311756809,https://en.wikipedia.org/wiki/Thor_Industries
2025,QVC Group,Qurate Retail,416,David Rawlinson II,,,,,,https://en.wikipedia.org/w/index.php?title=QVC_Group&oldid=1297581951,https://en.wikipedia.org/wiki/QVC_Group
2025,Icahn Enterprises,,417,Andrew Teno,,,,,,https://en.wikipedia.org/w/index.php?title=Icahn_Enterprises&oldid=1303965808,https://en.wikipedia.org/wiki/Icahn_Enterprises
2025,Constellation Brands,,418,Bill Newlands,,,,,,https://en.wikipedia.org/w/index.php?title=Constellation_Brands&oldid=1304759400,https://en.wikipedia.org/wiki/Constellation_Brands
2025,Quest Diagnostics,,419,Jim Davis,,,,,,https://en.wikipedia.org/w/index.php?title=Quest_Diagnostics&oldid=1303165963,https://en.wikipedia.org/wiki/Quest_Diagnostics
2025,KLA,,420,Richard P. Wallace,,,,,,https://en.wikipedia.org/w/index.php?title=KLA_Corporation&oldid=1298108993,https://en.wikipedia.org/wiki/KLA_Corporation
2025,QXO Building Products,Beacon Roofing Supply,421,Julian G. Francis,Julian Francis,,,,,http://en.wikipedia.org/w/index.php?title=QXO&oldid=1294449263,https://en.wikipedia.org/wiki/QXO
2025,APA,,422,John J. Christmann IV,,,,,,https://en.wikipedia.org/w/index.php?title=APA_Corporation&oldid=1282863590,https://en.wikipedia.org/wiki/APA_Corporation
2025,Gold.com,A-Mark Precious Metals,423,Gregory Roberts,Gregory N. Roberts,,,,,https://en.wikipedia.org/w/index.php?title=A-Mark_Precious_Metals&oldid=1300874290,https://en.wikipedia.org/wiki/A-Mark_Precious_Metals
2025,Biogen,,424,Chris Viehbacher,,,,,,https://en.wikipedia.org/w/index.php?title=Biogen&oldid=1292952885,https://en.wikipedia.org/wiki/Biogen
2025,Campbell's,Campbell Soup,425,Mick Beekhuizen,,,,,,https://en.wikipedia.org/w/index.php?title=Campbell's&oldid=1301756833,https://en.wikipedia.org/wiki/Campbell's
2025,Concentrix,,426,Christopher Caldwell,,,,,,https://en.wikipedia.org/w/index.php?title=Concentrix&oldid=1303060803,https://en.wikipedia.org/wiki/Concentrix
2025,Cintas,,427,Todd Schneider,Todd M. Schneider,,,,,https://en.wikipedia.org/w/index.php?title=Cintas&oldid=1301887766,https://en.wikipedia.org/wiki/Cintas
2025,SpartanNash,,428,Tony B. Sarsam,,,,,,https://en.wikipedia.org/w/index.php?title=SpartanNash&oldid=1300002623,https://en.wikipedia.org/wiki/SpartanNash
2025,Ace Hardware,,429,John Venhuizen,,,,,,https://en.wikipedia.org/w/index.php?title=Ace_Hardware&oldid=1299457974,https://en.wikipedia.org/wiki/Ace_Hardware
2025,Analog Devices,,430,Vincent T. Roche,Vincent Roche,,,,,https://en.wikipedia.org/w/index.php?title=Analog_Devices&oldid=1300805690,https://en.wikipedia.org/wiki/Analog_Devices
2025,Eastman Chemical,,431,Mark J. Costa,,,,,,https://en.wikipedia.org/w/index.php?title=Eastman_Chemical_Company&oldid=1298999739,https://en.wikipedia.org/wiki/Eastman_Chemical_Company
2025,Interactive Brokers Group,,432,Milan Galik,,,,,,https://en.wikipedia.org/w/index.php?title=Interactive_Brokers&oldid=1303402932,https://en.wikipedia.org/wiki/Interactive_Brokers
2025,Regions Financial,,433,John M. Turner Jr.,,,,,,https://en.wikipedia.org/w/index.php?title=Regions_Financial_Corporation&oldid=1298661345,https://en.wikipedia.org/wiki/Regions_Financial_Corporation
2025,JetBlue Airways,,434,Joanna Geraghty,,,,,,https://en.wikipedia.org/w/index.php?title=JetBlue&oldid=1300974990,https://en.wikipedia.org/wiki/JetBlue
2025,Zoetis,,435,Kristin Peck,Kristin C. Peck,,,,,https://en.wikipedia.org/w/index.php?title=Zoetis&oldid=1308767634,https://en.wikipedia.org/wiki/Zoetis
2025,KeyCorp,,436,Chris Gorman,,,,,,https://en.wikipedia.org/w/index.php?title=KeyBank&oldid=1304929962,https://en.wikipedia.org/wiki/KeyBank
2025,Oscar Health,,437,Mark Bertolini,,,,,,https://en.wikipedia.org/w/index.php?title=Oscar_Health&oldid=1298360388,https://en.wikipedia.org/wiki/Oscar_Health
2025,Ovintiv,,438,Brendan McCracken,,,,,,https://en.wikipedia.org/w/index.php?title=Ovintiv&oldid=1299007733,https://en.wikipedia.org/wiki/Ovintiv
2025,Seaboard,,439,Robert L. Steer,Robert Steer,,,,,https://en.wikipedia.org/w/index.php?title=Seaboard_Corporation&oldid=1296637238,https://en.wikipedia.org/wiki/Seaboard_Corporation
2025,Hertz Global Holdings,,440,Gil West,,,,,,https://en.wikipedia.org/w/index.php?title=Hertz_Global_Holdings&oldid=1298549119,https://en.wikipedia.org/wiki/Hertz_Global_Holdings
2025,Skechers U.S.A.,,441,Robert Greenberg,,,,,,https://en.wikipedia.org/w/index.php?title=Skechers&oldid=1365659225,https://en.wikipedia.org/wiki/Skechers
2025,Optimum Communications,Altice USA,442,Dennis Mathew,,,,,,https://en.wikipedia.org/w/index.php?title=Optimum_Communications&oldid=1299993396,https://en.wikipedia.org/wiki/Optimum_Communications
2025,NOV,,443,Clay C. Williams,,,,,,https://en.wikipedia.org/w/index.php?title=NOV_Inc.&oldid=1326755199,https://en.wikipedia.org/wiki/NOV_Inc.
2025,Graphic Packaging Holding,,444,Michael P. Doss,Michael Doss,,,,,https://en.wikipedia.org/w/index.php?title=Graphic_Packaging&oldid=1294337109,https://en.wikipedia.org/wiki/Graphic_Packaging
2025,Avery Dennison,,445,Deon Stander,,,,,,https://en.wikipedia.org/w/index.php?title=Avery_Dennison&oldid=1310304551,https://en.wikipedia.org/wiki/Avery_Dennison
2025,Equinix,,446,Adaire FoxMartin,,,,,,https://en.wikipedia.org/w/index.php?title=Equinix&oldid=1301036694,https://en.wikipedia.org/wiki/Equinix
2025,Insight Enterprises,,447,Joyce Mullen,,,,,,https://en.wikipedia.org/w/index.php?title=Insight_Enterprises&oldid=1304153891,https://en.wikipedia.org/wiki/Insight_Enterprises
2025,Sirius XM Holdings,,448,Jennifer Witz,,,,,,https://en.wikipedia.org/w/index.php?title=Sirius_XM_Holdings&oldid=1299735075,https://en.wikipedia.org/wiki/Sirius_XM_Holdings
2025,PVH,,449,Stefan Larsson,,,,,,https://en.wikipedia.org/w/index.php?title=PVH_Corp.&oldid=1300389486,https://en.wikipedia.org/wiki/PVH_Corp.
2025,CenterPoint Energy,,450,Jason P. Wells,,,,,,https://en.wikipedia.org/w/index.php?title=CenterPoint_Energy&oldid=1312518372,https://en.wikipedia.org/wiki/CenterPoint_Energy
2025,WEC Energy Group,,451,Scott Lauber,,,,,,https://en.wikipedia.org/w/index.php?title=WEC_Energy_Group&oldid=1301140640,https://en.wikipedia.org/wiki/WEC_Energy_Group
2025,Xylem,,452,Matthew Pine,,,,,,https://en.wikipedia.org/w/index.php?title=Xylem_Inc.&oldid=1302537256,https://en.wikipedia.org/wiki/Xylem_Inc.
2025,Franklin Resources,,453,Jennifer M. Johnson,,,,,,https://en.wikipedia.org/w/index.php?title=Franklin_Templeton&oldid=1303554150,https://en.wikipedia.org/wiki/Franklin_Templeton
2025,PPL,,454,Vincent Sorgi,,,,,,https://en.wikipedia.org/w/index.php?title=PPL_Corporation&oldid=1283511234,https://en.wikipedia.org/wiki/PPL_Corporation
2025,Workday,,455,Carl Eschenbach,,,,,,"https://en.wikipedia.org/w/index.php?title=Workday,_Inc.&oldid=1303129422","https://en.wikipedia.org/wiki/Workday,_Inc."
2025,Dover,,456,Richard J. Tobin,Richard Tobin,,,,,https://en.wikipedia.org/w/index.php?title=Dover_Corporation&oldid=1299202496,https://en.wikipedia.org/wiki/Dover_Corporation
2025,Packaging Corp. of America,,457,Mark W. Kowlzan,Mark Kowlzan,,,,,https://en.wikipedia.org/w/index.php?title=Packaging_Corporation_of_America&oldid=1315761183,https://en.wikipedia.org/wiki/Packaging_Corporation_of_America
2025,ABM Industries,,458,Scott Salmirs,Scott B. Salmirs,,,,,https://en.wikipedia.org/w/index.php?title=ABM_Industries&oldid=1299674345,https://en.wikipedia.org/wiki/ABM_Industries
2025,Intuitive Surgical,,459,Dave Rosa,,,,,,https://en.wikipedia.org/w/index.php?title=Intuitive_Surgical&oldid=1299849423,https://en.wikipedia.org/wiki/Intuitive_Surgical
2025,American Financial Group,,460,S. Craig Lindner,,Carl H. Lindner III,,,,https://en.wikipedia.org/w/index.php?title=American_Financial_Group&oldid=1301002249,https://en.wikipedia.org/wiki/American_Financial_Group
2025,Rockwell Automation,,461,Blake Moret,Blake D. Moret,,,,,https://en.wikipedia.org/w/index.php?title=Rockwell_Automation&oldid=1294397883,https://en.wikipedia.org/wiki/Rockwell_Automation
2025,Solventum,,462,Bryan Hanson,,,,,,https://en.wikipedia.org/w/index.php?title=Solventum&oldid=1296683742,https://en.wikipedia.org/wiki/Solventum
2025,Old Republic International,,463,Craig R. Smiddy,Craig Smiddy,,,,,,
2025,Securian Financial Group,,464,Christopher M. Hilger,,,,,,https://en.wikipedia.org/w/index.php?title=Securian_Financial_Group&oldid=1285634535,https://en.wikipedia.org/wiki/Securian_Financial_Group
2025,Prologis,,465,Hamid Moghadam,,,,,,https://en.wikipedia.org/w/index.php?title=Prologis&oldid=1301777030,https://en.wikipedia.org/wiki/Prologis
2025,J.M. Smucker,,466,Mark T. Smucker,Mark Smucker,,,,,https://en.wikipedia.org/w/index.php?title=J.M._Smucker&oldid=1305216340,https://en.wikipedia.org/wiki/J.M._Smucker
2025,Taylor Morrison Home,,467,Sheryl D. Palmer,Sheryl Palmer,,,,,https://en.wikipedia.org/w/index.php?title=Taylor_Morrison&oldid=1292024197,https://en.wikipedia.org/wiki/Taylor_Morrison
2025,XPO,,468,Mario Harik,Mario A. Harik,,,,,"https://en.wikipedia.org/w/index.php?title=XPO,_Inc.&oldid=1302468498","https://en.wikipedia.org/wiki/XPO,_Inc."
2025,Voya Financial,,469,Heather Lavallee,,,,,,https://en.wikipedia.org/w/index.php?title=Voya_Financial&oldid=1287704417,https://en.wikipedia.org/wiki/Voya_Financial
2025,Palo Alto Networks,,470,Nikesh Arora,,,,,,https://en.wikipedia.org/w/index.php?title=Palo_Alto_Networks&oldid=1299583232,https://en.wikipedia.org/wiki/Palo_Alto_Networks
2025,Vertiv Holdings,,471,Giordano Albertazzi,,,,,,https://en.wikipedia.org/w/index.php?title=Vertiv&oldid=1300302059,https://en.wikipedia.org/wiki/Vertiv
2025,Welltower,,472,Shankh Mitra,,,,,,https://en.wikipedia.org/w/index.php?title=Welltower&oldid=1301780076,https://en.wikipedia.org/wiki/Welltower
2025,Foot Locker,,473,Mary Dillon,Mary N. Dillon,,,,,https://en.wikipedia.org/w/index.php?title=Foot_Locker&oldid=1304376476,https://en.wikipedia.org/wiki/Foot_Locker
2025,Par Pacific Holdings,,474,William Monteleone,,,,,,https://en.wikipedia.org/w/index.php?title=Par_Pacific_Holdings&oldid=1314734273,https://en.wikipedia.org/wiki/Par_Pacific_Holdings
2025,TransDigm Group,,475,Kevin Stein,,,,,,https://en.wikipedia.org/w/index.php?title=TransDigm_Group&oldid=1292232078,https://en.wikipedia.org/wiki/TransDigm_Group
2025,Commercial Metals,,476,Peter R. Matt,,,,,,https://en.wikipedia.org/w/index.php?title=Commercial_Metals_Company&oldid=1299119864,https://en.wikipedia.org/wiki/Commercial_Metals_Company
2025,Post Holdings,,477,Rob Vitale,,,,,,https://en.wikipedia.org/w/index.php?title=Post_Holdings&oldid=1297042978,https://en.wikipedia.org/wiki/Post_Holdings
2025,Masco,,478,Keith J. Allman,Keith Allman,,,,,https://en.wikipedia.org/w/index.php?title=Masco&oldid=1297814683,https://en.wikipedia.org/wiki/Masco
2025,Rush Enterprises,,479,W. Marvin Rush,W.M. Rush; Rusy Rush,,,,,https://en.wikipedia.org/w/index.php?title=Rush_Enterprises&oldid=1292754468,https://en.wikipedia.org/wiki/Rush_Enterprises
2025,KBR,,480,Stuart Bradie,,,,,,"https://en.wikipedia.org/w/index.php?title=KBR,_Inc.&oldid=1299822061","https://en.wikipedia.org/wiki/KBR,_Inc."
2025,Sprouts Farmers Market,,481,Jack Sinclair,,,,,,https://en.wikipedia.org/w/index.php?title=Sprouts_Farmers_Market&oldid=1292913798,https://en.wikipedia.org/wiki/Sprouts_Farmers_Market
2025,Williams-Sonoma,,482,Laura Alber,Laura J. Alber,,,,,"https://en.wikipedia.org/w/index.php?title=Williams-Sonoma,_Inc.&oldid=1302655118","https://en.wikipedia.org/wiki/Williams-Sonoma,_Inc."
2025,Zimmer Biomet Holdings,,483,Ivan Tornos,,,,,,https://en.wikipedia.org/w/index.php?title=Zimmer_Biomet&oldid=1302131894,https://en.wikipedia.org/wiki/Zimmer_Biomet
2025,CACI International,,484,John Mengucci,,,,,,https://en.wikipedia.org/w/index.php?title=CACI&oldid=1303147868,https://en.wikipedia.org/wiki/CACI
2025,Microchip Technology,,485,Steve Sanghi,,,,,,https://en.wikipedia.org/w/index.php?title=Microchip_Technology&oldid=1299923648,https://en.wikipedia.org/wiki/Microchip_Technology
2025,Watsco,,486,Albert H. Nahmad,Albert Nahmad,,,,,https://en.wikipedia.org/w/index.php?title=Watsco&oldid=1288966051,https://en.wikipedia.org/wiki/Watsco
2025,Newell Brands,,487,Chris Peterson,,,,,,https://en.wikipedia.org/w/index.php?title=Newell_Brands&oldid=1300699353,https://en.wikipedia.org/wiki/Newell_Brands
2025,ARKO,,488,Arie Kotler,,,,,,,
2025,Sanmina,,489,Jure Sola,,,,,,https://en.wikipedia.org/w/index.php?title=Sanmina_Corporation&oldid=1308118186,https://en.wikipedia.org/wiki/Sanmina_Corporation
2025,Electronic Arts,,490,Andrew Wilson,,,,,,https://en.wikipedia.org/w/index.php?title=Electronic_Arts&oldid=1299920963,https://en.wikipedia.org/wiki/Electronic_Arts
2025,Yum Brands,,491,David Gibbs,,,,,,https://en.wikipedia.org/w/index.php?title=Yum!_Brands&oldid=1301370378,https://en.wikipedia.org/wiki/Yum!_Brands
2025,Fastenal,,492,Daniel L. Florness,,,,,,https://en.wikipedia.org/w/index.php?title=Fastenal&oldid=1297348308,https://en.wikipedia.org/wiki/Fastenal
2025,CMS Energy,,493,Garrick Rochow,Garrick J. Rochow,,,,,https://en.wikipedia.org/w/index.php?title=CMS_Energy&oldid=1309239898,https://en.wikipedia.org/wiki/CMS_Energy
2025,Monster Beverage,,494,Rodney Sacks,,Hilton Schlosberg,,,,https://en.wikipedia.org/w/index.php?title=Monster_Beverage&oldid=1298643940,https://en.wikipedia.org/wiki/Monster_Beverage
2025,Endeavor Group Holdings,,495,Ari Emanuel,,,,,,https://en.wikipedia.org/w/index.php?title=WME_Group&oldid=1364492579,https://en.wikipedia.org/wiki/WME_Group
2025,Science Applications International,,496,Toni TownesWhitley,,,,,,https://en.wikipedia.org/w/index.php?title=Science_Applications_International_Corporation&oldid=1292582579,https://en.wikipedia.org/wiki/Science_Applications_International_Corporation
2025,Core & Main,,497,Steve LeClair,,,,,,https://en.wikipedia.org/w/index.php?title=Core_%26_Main&oldid=1305511000,https://en.wikipedia.org/wiki/Core_
2025,Howmet Aerospace,,498,John C. Plant,,,,,,https://en.wikipedia.org/w/index.php?title=Howmet_Aerospace&oldid=1299896021,https://en.wikipedia.org/wiki/Howmet_Aerospace
2025,Ingredion,,498,James Zallie,,,,,,https://en.wikipedia.org/w/index.php?title=Ingredion&oldid=1302295172,https://en.wikipedia.org/wiki/Ingredion
2025,Vulcan Materials,,500,J. Thomas Hill,,,,,,https://en.wikipedia.org/w/index.php?title=Vulcan_Materials_Company&oldid=1312366353,https://en.wikipedia.org/wiki/Vulcan_Materials_Company
2024,Walmart,,1,Doug McMillon,Douglas McMillon,,,,,https://en.wikipedia.org/w/index.php?title=Walmart&oldid=1234339124,https://en.wikipedia.org/wiki/Walmart
2024,Amazon,Amazon.com,2,Andy Jassy,Andrew Jassy; Andrew R. Jassy,,,,,https://en.wikipedia.org/w/index.php?title=Amazon_(company)&oldid=1234715878,https://en.wikipedia.org/wiki/Amazon_(company)
2024,Apple,,3,Tim Cook,Timothy D. Cook,,,,,https://en.wikipedia.org/w/index.php?title=Apple_Inc.&oldid=1234551441,https://en.wikipedia.org/wiki/Apple_Inc.
2024,UnitedHealth Group,,4,Andrew Witty,Andrew P. Witty,,,,,https://en.wikipedia.org/w/index.php?title=UnitedHealth_Group&oldid=1233962302,https://en.wikipedia.org/wiki/UnitedHealth_Group
2024,Berkshire Hathaway,,5,Warren Buffett,Warren E. Buffett,,,,,https://en.wikipedia.org/w/index.php?title=Berkshire_Hathaway&oldid=1233982074,https://en.wikipedia.org/wiki/Berkshire_Hathaway
2024,CVS Health,,6,Karen S. Lynch,Karen Lynch,,,,,https://en.wikipedia.org/w/index.php?title=CVS_Health&oldid=1235402414,https://en.wikipedia.org/wiki/CVS_Health
2024,ExxonMobil Holdings,Exxon Mobil,7,Darren Woods,Darren W. Woods,,,,,https://en.wikipedia.org/w/index.php?title=ExxonMobil&oldid=1235554558,https://en.wikipedia.org/wiki/ExxonMobil
2024,Alphabet,,8,Sundar Pichai,,,,,,https://en.wikipedia.org/w/index.php?title=Alphabet_Inc.&oldid=1234089317,https://en.wikipedia.org/wiki/Alphabet_Inc.
2024,McKesson,,9,Brian S. Tyler,Brian Tyler,,,,,https://en.wikipedia.org/w/index.php?title=McKesson_Corporation&oldid=1233877363,https://en.wikipedia.org/wiki/McKesson_Corporation
2024,Cencora,AmerisourceBergen,10,Steven H. Collis,Steven Collis,,,,,https://en.wikipedia.org/w/index.php?title=Cencora&oldid=1233194386,https://en.wikipedia.org/wiki/Cencora
2024,Costco Wholesale,,11,Ron Vachris,,,,,,https://en.wikipedia.org/w/index.php?title=Costco&oldid=1234728524,https://en.wikipedia.org/wiki/Costco
2024,JPMorgan Chase,,12,Jamie Dimon,,,,,,https://en.wikipedia.org/w/index.php?title=JPMorgan_Chase&oldid=1234904905,https://en.wikipedia.org/wiki/JPMorgan_Chase
2024,Microsoft,,13,Satya Nadella,,,,,,https://en.wikipedia.org/w/index.php?title=Microsoft&oldid=1234923166,https://en.wikipedia.org/wiki/Microsoft
2024,Cardinal Health,,14,Jason Hollar,,,,,,https://en.wikipedia.org/w/index.php?title=Cardinal_Health&oldid=1235670191,https://en.wikipedia.org/wiki/Cardinal_Health
2024,Chevron,,15,Mike Wirth,,,,,,https://en.wikipedia.org/w/index.php?title=Chevron_Corporation&oldid=1235169917,https://en.wikipedia.org/wiki/Chevron_Corporation
2024,Cigna Group,,16,David Cordani,David M. Cordani,,,,,https://en.wikipedia.org/w/index.php?title=The_Cigna_Group&oldid=1228018456,https://en.wikipedia.org/wiki/The_Cigna_Group
2024,Ford Motor,,17,Jim Farley,,,,,,https://en.wikipedia.org/w/index.php?title=Ford_Motor_Company&oldid=1234708030,https://en.wikipedia.org/wiki/Ford_Motor_Company
2024,Bank of America,,18,Brian Moynihan,,,,,,https://en.wikipedia.org/w/index.php?title=Bank_of_America&oldid=1234433449,https://en.wikipedia.org/wiki/Bank_of_America
2024,General Motors,,19,Alfred P. Sloan,,,,,,https://en.wikipedia.org/w/index.php?title=General_Motors&oldid=1234544735,https://en.wikipedia.org/wiki/General_Motors
2024,Elevance Health,,20,Gail Koziara Boudreaux,,,,,,https://en.wikipedia.org/w/index.php?title=Elevance_Health&oldid=1234832012,https://en.wikipedia.org/wiki/Elevance_Health
2024,Citigroup,,21,Jane Fraser,,,,,,https://en.wikipedia.org/w/index.php?title=Citigroup&oldid=1234799028,https://en.wikipedia.org/wiki/Citigroup
2024,Centene,,22,Sarah London,Sarah M. London,,,,,https://en.wikipedia.org/w/index.php?title=Centene_Corporation&oldid=1248915285,https://en.wikipedia.org/wiki/Centene_Corporation
2024,Home Depot,,23,Ted Decker,,,,,,https://en.wikipedia.org/w/index.php?title=Home_Depot&oldid=1234925551,https://en.wikipedia.org/wiki/Home_Depot
2024,Marathon Petroleum,,24,Michael J. Hennigan,,,,,,https://en.wikipedia.org/w/index.php?title=Marathon_Petroleum&oldid=1232697694,https://en.wikipedia.org/wiki/Marathon_Petroleum
2024,Kroger,,25,Rodney McMullen,,,,,,https://en.wikipedia.org/w/index.php?title=Kroger&oldid=1235084700,https://en.wikipedia.org/wiki/Kroger
2024,Phillips 66,,26,Mark Lashier,,,,,,https://en.wikipedia.org/w/index.php?title=Phillips_66&oldid=1233806058,https://en.wikipedia.org/wiki/Phillips_66
2024,Fannie Mae,,27,Priscilla Almodovar,,,,,,https://en.wikipedia.org/w/index.php?title=Fannie_Mae&oldid=1233829981,https://en.wikipedia.org/wiki/Fannie_Mae
2024,Walgreens Boots Alliance,,28,Tim Wentworth,,,,,,https://en.wikipedia.org/w/index.php?title=Walgreens_Boots_Alliance&oldid=1236672377,https://en.wikipedia.org/wiki/Walgreens_Boots_Alliance
2024,Valero Energy,,29,Lane Riggs,,,,,,https://en.wikipedia.org/w/index.php?title=Valero_Energy&oldid=1234702989,https://en.wikipedia.org/wiki/Valero_Energy
2024,Meta Platforms,,30,Mark Zuckerberg,,,,,,https://en.wikipedia.org/w/index.php?title=Meta_Platforms&oldid=1234765454,https://en.wikipedia.org/wiki/Meta_Platforms
2024,Verizon Communications,,31,Hans Vestberg,,,,,,https://en.wikipedia.org/w/index.php?title=Verizon&oldid=1235680065,https://en.wikipedia.org/wiki/Verizon_Communications
2024,AT&T,,32,John T. Stankey,John Stankey,,,,,https://en.wikipedia.org/w/index.php?title=AT&oldid=1234428497,https://en.wikipedia.org/wiki/AT
2024,Comcast,,33,Brian L. Roberts,Brian Roberts,,,,,https://en.wikipedia.org/w/index.php?title=Comcast&oldid=1234757578,https://en.wikipedia.org/wiki/Comcast
2024,Wells Fargo,,34,Charles Scharf,Charles W. Scharf,,,,,https://en.wikipedia.org/w/index.php?title=Wells_Fargo&oldid=1235882980,https://en.wikipedia.org/wiki/Wells_Fargo
2024,Goldman Sachs Group,,35,David M. Solomon,David Solomon,,,,,https://en.wikipedia.org/w/index.php?title=Goldman_Sachs&oldid=1235060174,https://en.wikipedia.org/wiki/Goldman_Sachs
2024,Freddie Mac,,36,Michael Hutchins,,,,,,https://en.wikipedia.org/w/index.php?title=Freddie_Mac&oldid=1238400626,https://en.wikipedia.org/wiki/Freddie_Mac
2024,Target,,37,Brian C. Cornell,Brian Cornell,,,,,https://en.wikipedia.org/w/index.php?title=Target_Corporation&oldid=1234355571,https://en.wikipedia.org/wiki/Target_Corporation
2024,Humana,,38,Bruce D. Broussard,Bruce Broussard,,,,,https://en.wikipedia.org/w/index.php?title=Humana&oldid=1242633758,https://en.wikipedia.org/wiki/Humana
2024,State Farm Insurance,,39,Michael L. Tipsord,Michael Tipsord,,,,,https://en.wikipedia.org/w/index.php?title=State_Farm&oldid=1234292047,https://en.wikipedia.org/wiki/State_Farm
2024,Tesla,,40,Elon Musk,,,,,,"https://en.wikipedia.org/w/index.php?title=Tesla,_Inc.&oldid=1234789177","https://en.wikipedia.org/wiki/Tesla,_Inc."
2024,Morgan Stanley,,41,Ted Pick,,,,,,https://en.wikipedia.org/w/index.php?title=Morgan_Stanley&oldid=1234981511,https://en.wikipedia.org/wiki/Morgan_Stanley
2024,Johnson & Johnson,,42,Joaquin Duato,,,,,,https://en.wikipedia.org/w/index.php?title=Johnson_&oldid=1234717177,https://en.wikipedia.org/wiki/Johnson_
2024,Archer Daniels Midland,,43,Juan Luciano,Juan R. Luciano,,,,,https://en.wikipedia.org/w/index.php?title=Archer_Daniels_Midland&oldid=1233564993,https://en.wikipedia.org/wiki/Archer_Daniels_Midland
2024,PepsiCo,,44,Ramon Laguarta,Ramon L. Laguarta,,,,,https://en.wikipedia.org/w/index.php?title=PepsiCo&oldid=1235001745,https://en.wikipedia.org/wiki/PepsiCo
2024,UPS,United Parcel Service,45,Carol B. Tomé,,,,,,https://en.wikipedia.org/w/index.php?title=United_Parcel_Service&oldid=1233430606,https://en.wikipedia.org/wiki/United_Parcel_Service
2024,FedEx,,46,Raj Subramaniam,,,,,,https://en.wikipedia.org/w/index.php?title=FedEx&oldid=1234489752,https://en.wikipedia.org/wiki/FedEx
2024,Walt Disney,,47,Bob Iger,,,,,,https://en.wikipedia.org/w/index.php?title=The_Walt_Disney_Company&oldid=1234963833,https://en.wikipedia.org/wiki/The_Walt_Disney_Company
2024,Dell Technologies,,48,Michael Dell,Michael S. Dell,,,,,https://en.wikipedia.org/w/index.php?title=Dell_Technologies&oldid=1232646403,https://en.wikipedia.org/wiki/Dell_Technologies
2024,Lowe's,,49,Marvin Ellison,Marvin R. Ellison,,,,,https://en.wikipedia.org/w/index.php?title=Lowe's&oldid=1235843605,https://en.wikipedia.org/wiki/Lowe's
2024,Procter & Gamble,,50,Jon R. Moeller,,,,,,https://en.wikipedia.org/w/index.php?title=Procter_&_Gamble&oldid=1212102617,https://en.wikipedia.org/wiki/Procter_
2024,Energy Transfer,,51,Thomas E. Long,Thomas Long,Marshall S. McCrea III,Marshall McCrea; Mackie McCrea,,,https://en.wikipedia.org/w/index.php?title=Energy_Transfer&oldid=1239184014,https://en.wikipedia.org/wiki/Energy_Transfer
2024,Boeing,,52,Dave Calhoun,,,,,,https://en.wikipedia.org/w/index.php?title=Boeing&oldid=1234701843,https://en.wikipedia.org/wiki/Boeing
2024,Albertsons,,53,Vivek Sankaran,,,,,,https://en.wikipedia.org/w/index.php?title=Albertsons&oldid=1235139192,https://en.wikipedia.org/wiki/Albertsons
2024,Sysco,,54,Kevin Hourican,Kevin P. Hourican,,,,,https://en.wikipedia.org/w/index.php?title=Sysco&oldid=1235036748,https://en.wikipedia.org/wiki/Sysco
2024,RTX,Raytheon Technologies,55,Christopher T. Calio,,,,,,https://en.wikipedia.org/w/index.php?title=RTX_Corporation&oldid=1234680240,https://en.wikipedia.org/wiki/RTX_Corporation
2024,GE Aerospace,General Electric,56,H. Lawrence Culp Jr.,,,,,,https://en.wikipedia.org/w/index.php?title=GE_Aerospace&oldid=1234915890,https://en.wikipedia.org/wiki/GE_Aerospace
2024,Lockheed Martin,,57,James D. Taiclet,,,,,,https://en.wikipedia.org/w/index.php?title=Lockheed_Martin&oldid=1235029517,https://en.wikipedia.org/wiki/Lockheed_Martin
2024,American Express,,58,Stephen J. Squeri,Stephen Squeri,,,,,https://en.wikipedia.org/w/index.php?title=American_Express&oldid=1236622639,https://en.wikipedia.org/wiki/American_Express
2024,Caterpillar,,59,Jim Umpleby,,,,,,https://en.wikipedia.org/w/index.php?title=Caterpillar_Inc.&oldid=1234997636,https://en.wikipedia.org/wiki/Caterpillar_Inc.
2024,MetLife,,60,Michel A. Khalaf,Michel Khalaf,,,,,https://en.wikipedia.org/w/index.php?title=MetLife&oldid=1231533991,https://en.wikipedia.org/wiki/MetLife
2024,HCA Healthcare,,61,Samuel N. Hazen,Samuel Hazen; Sam Hazen,,,,,https://en.wikipedia.org/w/index.php?title=HCA_Healthcare&oldid=1233918056,https://en.wikipedia.org/wiki/HCA_Healthcare
2024,Progressive,,62,Tricia Griffith,,,,,,https://en.wikipedia.org/w/index.php?title=Progressive_Corporation&oldid=1232012540,https://en.wikipedia.org/wiki/Progressive_Corporation
2024,IBM,International Business Machines,63,Arvind Krishna,,,,,,https://en.wikipedia.org/w/index.php?title=IBM&oldid=1234945581,https://en.wikipedia.org/wiki/IBM
2024,Deere,,64,John C. May,John May,,,,,https://en.wikipedia.org/w/index.php?title=John_Deere&oldid=1233426348,https://en.wikipedia.org/wiki/John_Deere
2024,Nvidia,,65,Jensen Huang,,,,,,https://en.wikipedia.org/w/index.php?title=Nvidia&oldid=1234553264,https://en.wikipedia.org/wiki/Nvidia
2024,StoneX Group,,66,Sean M. O'Connor,Sean O'Connor,,,,,https://en.wikipedia.org/w/index.php?title=StoneX_Group_Inc.&oldid=1238429485,https://en.wikipedia.org/wiki/StoneX_Group_Inc.
2024,Merck,,67,Robert M. Davis,Robert Davis,,,,,https://en.wikipedia.org/w/index.php?title=Merck_&_Co.&oldid=1214174190,https://en.wikipedia.org/wiki/Merck_
2024,ConocoPhillips,,68,Ryan Lance,Ryan M. Lance,,,,,https://en.wikipedia.org/w/index.php?title=ConocoPhillips&oldid=1239946519,https://en.wikipedia.org/wiki/ConocoPhillips
2024,Pfizer,,69,Albert Bourla,,,,,,https://en.wikipedia.org/w/index.php?title=Pfizer&oldid=1234526629,https://en.wikipedia.org/wiki/Pfizer
2024,Delta Air Lines,,70,Ed Bastian,,,,,,https://en.wikipedia.org/w/index.php?title=Delta_Air_Lines&oldid=1234024703,https://en.wikipedia.org/wiki/Delta_Air_Lines
2024,TD Synnex,,71,Richard T. Hume,Richard Hume; Rich Hume,,,,,https://en.wikipedia.org/w/index.php?title=TD_Synnex&oldid=1236494014,https://en.wikipedia.org/wiki/TD_Synnex
2024,Publix Super Markets,,72,Kevin Murphy,,,,,,https://en.wikipedia.org/w/index.php?title=Publix&oldid=1233941890,https://en.wikipedia.org/wiki/Publix
2024,Allstate,,73,Thomas J. Wilson,Thomas Wilson,,,,,https://en.wikipedia.org/w/index.php?title=Allstate&oldid=1230395342,https://en.wikipedia.org/wiki/Allstate
2024,Cisco Systems,,74,Chuck Robbins,,,,,,https://en.wikipedia.org/w/index.php?title=Cisco_Systems&oldid=1263630796,https://en.wikipedia.org/wiki/Cisco_Systems
2024,Nationwide,,75,Kirt A. Walker,Kirt Walker,,,,,https://en.wikipedia.org/w/index.php?title=Nationwide_Mutual_Insurance_Company&oldid=1239787776,https://en.wikipedia.org/wiki/Nationwide_Mutual_Insurance_Company
2024,Charter Communications,,76,Chris Winfrey,,,,,,https://en.wikipedia.org/w/index.php?title=Charter_Communications&oldid=1235850632,https://en.wikipedia.org/wiki/Charter_Communications
2024,AbbVie,,77,Richard A. Gonzalez,Richard Gonzalez,,,,,https://en.wikipedia.org/w/index.php?title=AbbVie&oldid=1234509899,https://en.wikipedia.org/wiki/AbbVie
2024,New York Life Insurance,,78,Craig DeSanto,,,,,,https://en.wikipedia.org/w/index.php?title=New_York_Life_Insurance_Company&oldid=1238418656,https://en.wikipedia.org/wiki/New_York_Life_Insurance_Company
2024,Intel,,79,Patrick P. Gelsinger,Patrick Gelsinger; Pat Gelsinger,,,,,https://en.wikipedia.org/w/index.php?title=Intel&oldid=1233754005,https://en.wikipedia.org/wiki/Intel
2024,TJX,,80,Ernie Herrman,Ernie L. Herrman,,,,,https://en.wikipedia.org/w/index.php?title=TJX&oldid=1234451792,https://en.wikipedia.org/wiki/TJX
2024,Prudential Financial,,81,Charles Lowrey,Charles F. Lowrey,,,,,https://en.wikipedia.org/w/index.php?title=Prudential_Financial&oldid=1240175914,https://en.wikipedia.org/wiki/Prudential_Financial
2024,HP,,82,Enrique Lores,Enrique J. Lores,,,,,https://en.wikipedia.org/w/index.php?title=HP_Inc.&oldid=1235458134,https://en.wikipedia.org/wiki/HP_Inc.
2024,United Airlines Holdings,,83,John Scott Kirby,Scott Kirby,,,,,https://en.wikipedia.org/w/index.php?title=United_Airlines&oldid=1234798954,https://en.wikipedia.org/wiki/United_Airlines
2024,Performance Food Group,,84,George L. Holm,George Holm,,,,,https://en.wikipedia.org/w/index.php?title=Performance_Food_Group&oldid=1222816385,https://en.wikipedia.org/wiki/Performance_Food_Group
2024,Tyson Foods,,85,Donnie King,Donnie D. King,,,,,https://en.wikipedia.org/w/index.php?title=Tyson_Foods&oldid=1232367582,https://en.wikipedia.org/wiki/Tyson_Foods
2024,American Airlines Group,,86,Robert Isom,Robert D. Isom,,,,,https://en.wikipedia.org/w/index.php?title=American_Airlines_Group&oldid=1233346459,https://en.wikipedia.org/wiki/American_Airlines_Group
2024,Liberty Mutual Insurance Group,,87,Timothy M. Sweeney,,,,,,https://en.wikipedia.org/w/index.php?title=Liberty_Mutual&oldid=1234171052,https://en.wikipedia.org/wiki/Liberty_Mutual
2024,Nike,,88,John Donahoe,,,,,,"https://en.wikipedia.org/w/index.php?title=Nike,_Inc.&oldid=1234901114","https://en.wikipedia.org/wiki/Nike,_Inc."
2024,Oracle,,89,Safra Catz,Safra A. Catz,,,,,https://en.wikipedia.org/w/index.php?title=Oracle_Corporation&oldid=1233471577,https://en.wikipedia.org/wiki/Oracle_Corporation
2024,Enterprise Products Partners,,90,W. Randall Fowler,,James Teague,A.J. Teague; Jim Teague,,,https://en.wikipedia.org/w/index.php?title=Enterprise_Products&oldid=1237720509,https://en.wikipedia.org/wiki/Enterprise_Products
2024,Capital One Financial,,91,Richard Fairbank,Richard D. Fairbank,,,,,https://en.wikipedia.org/w/index.php?title=Capital_One&oldid=1235305874,https://en.wikipedia.org/wiki/Capital_One
2024,Plains GP Holdings,,92,Willie Chiang,,,,,,https://en.wikipedia.org/w/index.php?title=Plains_All_American_Pipeline&oldid=1234994529,https://en.wikipedia.org/wiki/Plains_All_American_Pipeline
2024,World Kinect,World Fuel Services,93,Michael J. Kasbar,,,,,,https://en.wikipedia.org/w/index.php?title=World_Kinect_Corporation&oldid=1233689604,https://en.wikipedia.org/wiki/World_Kinect_Corporation
2024,AIG,American International Group,94,Peter Zaffino,Peter S. Zaffino,,,,,https://en.wikipedia.org/w/index.php?title=American_International_Group&oldid=1233757046,https://en.wikipedia.org/wiki/American_International_Group
2024,Coca-Cola,,95,James Quincey,James R. Quincey,,,,,https://en.wikipedia.org/w/index.php?title=The_Coca-Cola_Company&oldid=1234954350,https://en.wikipedia.org/wiki/The_Coca-Cola_Company
2024,TIAA,,96,Thasunda Brown Duckett,Thasunda Duckett,,,,,https://en.wikipedia.org/w/index.php?title=TIAA&oldid=1239110502,https://en.wikipedia.org/wiki/TIAA
2024,CHS,,97,Jay Debertin,Jay D. Debertin,,,,,https://en.wikipedia.org/w/index.php?title=CHS_Inc.&oldid=1218407871,https://en.wikipedia.org/wiki/CHS_Inc.
2024,Bristol-Myers Squibb,,98,Chris Boerner,,,,,,https://en.wikipedia.org/w/index.php?title=Bristol_Myers_Squibb&oldid=1236828958,https://en.wikipedia.org/wiki/Bristol_Myers_Squibb
2024,Dow,,99,Jim Fitterling,,,,,,https://en.wikipedia.org/w/index.php?title=Dow_Chemical_Company&oldid=1235331685,https://en.wikipedia.org/wiki/Dow_Chemical_Company
2024,Best Buy,,100,Corie Barry,Corie S. Barry,,,,,https://en.wikipedia.org/w/index.php?title=Best_Buy&oldid=1235523880,https://en.wikipedia.org/wiki/Best_Buy
2024,Thermo Fisher Scientific,,101,Marc N. Casper,Marc Casper,,,,,https://en.wikipedia.org/w/index.php?title=Thermo_Fisher_Scientific&oldid=1235101647,https://en.wikipedia.org/wiki/Thermo_Fisher_Scientific
2024,Massachusetts Mutual Life,Massachusetts Mutual Life Insurance,102,Roger W. Crandall,,,,,,https://en.wikipedia.org/w/index.php?title=MassMutual&oldid=1240256960,https://en.wikipedia.org/wiki/MassMutual
2024,USAA,United Services Automobile Assn.,103,Wayne Peacock,,,,,,https://en.wikipedia.org/w/index.php?title=USAA&oldid=1232359765,https://en.wikipedia.org/wiki/USAA
2024,General Dynamics,,104,Phebe Novakovic,Phebe N. Novakovic,,,,,https://en.wikipedia.org/w/index.php?title=General_Dynamics&oldid=1235391220,https://en.wikipedia.org/wiki/General_Dynamics
2024,Travelers,,105,Alan D. Schnitzer,,,,,,https://en.wikipedia.org/w/index.php?title=The_Travelers_Companies&oldid=1235957377,https://en.wikipedia.org/wiki/The_Travelers_Companies
2024,Warner Bros. Discovery,,106,David M. Zaslav,David Zaslav,,,,,https://en.wikipedia.org/w/index.php?title=Warner_Bros._Discovery&oldid=1234657057,https://en.wikipedia.org/wiki/Warner_Bros._Discovery
2024,U.S. Bancorp,,107,Andrew Cecere,Andrew J. Cecere,,,,,https://en.wikipedia.org/w/index.php?title=U.S._Bancorp&oldid=1233221522,https://en.wikipedia.org/wiki/U.S._Bancorp
2024,Abbott Laboratories,,108,Robert B. Ford,Robert Ford,,,,,https://en.wikipedia.org/w/index.php?title=Abbott_Laboratories&oldid=1235742371,https://en.wikipedia.org/wiki/Abbott_Laboratories
2024,Northrop Grumman,,109,Kathy J. Warden,,,,,,https://en.wikipedia.org/w/index.php?title=Northrop_Grumman&oldid=1233148733,https://en.wikipedia.org/wiki/Northrop_Grumman
2024,Northwestern Mutual,,110,John Schlifske,,,,,,https://en.wikipedia.org/w/index.php?title=Northwestern_Mutual&oldid=1231151568,https://en.wikipedia.org/wiki/Northwestern_Mutual
2024,Dollar General,,111,Todd Vasos,,,,,,https://en.wikipedia.org/w/index.php?title=Dollar_General&oldid=1234626233,https://en.wikipedia.org/wiki/Dollar_General
2024,PBF Energy,,112,Matthew C. Lucey,,,,,,https://en.wikipedia.org/w/index.php?title=PBF_Energy&oldid=1215862322,https://en.wikipedia.org/wiki/PBF_Energy
2024,Uber Technologies,,113,Dara Khosrowshahi,,,,,,https://en.wikipedia.org/w/index.php?title=Uber&oldid=1234909115,https://en.wikipedia.org/wiki/Uber
2024,Honeywell International,,114,Vimal Kapur,,,,,,https://en.wikipedia.org/w/index.php?title=Honeywell&oldid=1234051772,https://en.wikipedia.org/wiki/Honeywell
2024,Mondelez International,,115,Dirk Van de Put,,,,,,https://en.wikipedia.org/w/index.php?title=Mondelez_International&oldid=1235085097,https://en.wikipedia.org/wiki/Mondelez_International
2024,Starbucks,,116,Laxman Narasimhan,,,,,,https://en.wikipedia.org/w/index.php?title=Starbucks&oldid=1234433711,https://en.wikipedia.org/wiki/Starbucks
2024,Qualcomm,,117,Cristiano Amon,,,,,,https://en.wikipedia.org/w/index.php?title=Qualcomm&oldid=1232793285,https://en.wikipedia.org/wiki/Qualcomm
2024,Broadcom,,118,Hock Tan,Hock E. Tan,,,,,https://en.wikipedia.org/w/index.php?title=Broadcom&oldid=1232782474,https://en.wikipedia.org/wiki/Broadcom
2024,US Foods Holding,,119,Dave Flitman,,,,,,https://en.wikipedia.org/w/index.php?title=US_Foods&oldid=1232963105,https://en.wikipedia.org/wiki/US_Foods
2024,D.R. Horton,,120,Paul J. Romanowski,,,,,,https://en.wikipedia.org/w/index.php?title=D._R._Horton&oldid=1235686868,https://en.wikipedia.org/wiki/D._R._Horton
2024,Philip Morris International,,121,Jacek Olczak,,,,,,https://en.wikipedia.org/w/index.php?title=Philip_Morris_International&oldid=1235235325,https://en.wikipedia.org/wiki/Philip_Morris_International
2024,Paccar,,122,Preston Feight,,,,,,https://en.wikipedia.org/w/index.php?title=Paccar&oldid=1233391653,https://en.wikipedia.org/wiki/Paccar
2024,Salesforce,,123,Marc Benioff,Marc R. Benioff,,,,,https://en.wikipedia.org/w/index.php?title=Salesforce&oldid=1236017515,https://en.wikipedia.org/wiki/Salesforce
2024,Nucor,,124,Leon Topalian,Leon J. Topalian,,,,,https://en.wikipedia.org/w/index.php?title=Nucor&oldid=1235822734,https://en.wikipedia.org/wiki/Nucor
2024,Jabil,,125,Mike Dastoor,,,,,,https://en.wikipedia.org/w/index.php?title=Jabil&oldid=1233952775,https://en.wikipedia.org/wiki/Jabil
2024,Lennar,,126,Stuart Miller,,Jon Jaffe,,,,https://en.wikipedia.org/w/index.php?title=Lennar&oldid=1235317612,https://en.wikipedia.org/wiki/Lennar
2024,Eli Lilly,,127,David A. Ricks,David Ricks,,,,,https://en.wikipedia.org/w/index.php?title=Eli_Lilly_and_Company&oldid=1235541862,https://en.wikipedia.org/wiki/Eli_Lilly_and_Company
2024,Molina Healthcare,,128,Joseph Zubretsky,Joseph M. Zubretsky,,,,,https://en.wikipedia.org/w/index.php?title=Molina_Healthcare&oldid=1229866143,https://en.wikipedia.org/wiki/Molina_Healthcare
2024,Cummins,,129,Jennifer Rumsey,,,,,,https://en.wikipedia.org/w/index.php?title=Cummins&oldid=1235735778,https://en.wikipedia.org/wiki/Cummins
2024,Bank of New York (BNY),Bank of New York Mellon,130,Robin Vince,,,,,,https://en.wikipedia.org/w/index.php?title=BNY&oldid=1234660322,https://en.wikipedia.org/wiki/BNY
2024,Netflix,,131,Ted Sarandos,,Greg Peters,,,,"https://en.wikipedia.org/w/index.php?title=Netflix,_Inc.&oldid=1233626074","https://en.wikipedia.org/wiki/Netflix,_Inc."
2024,Truist Financial,,132,William H. Rogers Jr.,William Rogers Jr.,,,,,https://en.wikipedia.org/w/index.php?title=Truist&oldid=1234845712,https://en.wikipedia.org/wiki/Truist
2024,Arrow Electronics,,133,Sean Kerins,Sean J. Kerins,,,,,https://en.wikipedia.org/w/index.php?title=Arrow_Electronics&oldid=1232652864,https://en.wikipedia.org/wiki/Arrow_Electronics
2024,3M,,134,Michael F. Roman,Michael Roman,,,,,https://en.wikipedia.org/w/index.php?title=3M&oldid=1234707957,https://en.wikipedia.org/wiki/3M
2024,Visa,,135,Ryan McInerney,,,,,,https://en.wikipedia.org/w/index.php?title=Visa_Inc.&oldid=1234084843,https://en.wikipedia.org/wiki/Visa_Inc.
2024,Apollo Global Management,,136,Marc Rowan,,,,,,https://en.wikipedia.org/w/index.php?title=Apollo_Global_Management&oldid=1234485847,https://en.wikipedia.org/wiki/Apollo_Global_Management
2024,HF Sinclair,,137,Tim Go,,,,,,https://en.wikipedia.org/w/index.php?title=HF_Sinclair&oldid=1230472454,https://en.wikipedia.org/wiki/HF_Sinclair
2024,CBRE Group,,138,Robert E. Sulentic,Robert Sulentic; Bob Sulentic,,,,,https://en.wikipedia.org/w/index.php?title=CBRE_Group&oldid=1233801737,https://en.wikipedia.org/wiki/CBRE_Group
2024,PNC Financial Services Group,,139,William S. Demchak,William Demchak,,,,,https://en.wikipedia.org/w/index.php?title=PNC_Financial_Services&oldid=1237741289,https://en.wikipedia.org/wiki/PNC_Financial_Services
2024,Lithia Motors,,140,Bryan DeBoer,,,,,,https://en.wikipedia.org/w/index.php?title=Lithia_Motors&oldid=1228232729,https://en.wikipedia.org/wiki/Lithia_Motors
2024,CarMax,,141,William D. Nash,William Nash; Bill Nash,,,,,https://en.wikipedia.org/w/index.php?title=CarMax&oldid=1230329178,https://en.wikipedia.org/wiki/CarMax
2024,Paramount Skydance,Paramount Global,142,Chris McCarthy,,,,,,,
2024,Dollar Tree,,143,Rick Dreiling,,,,,,https://en.wikipedia.org/w/index.php?title=Dollar_Tree&oldid=1234625752,https://en.wikipedia.org/wiki/Dollar_Tree
2024,United Natural Foods,,144,J. Alexander,,,,,,https://en.wikipedia.org/w/index.php?title=United_Natural_Foods&oldid=1224080889,https://en.wikipedia.org/wiki/United_Natural_Foods
2024,PayPal Holdings,,145,Alex Chriss,,,,,,https://en.wikipedia.org/w/index.php?title=PayPal&oldid=1234461339,https://en.wikipedia.org/wiki/PayPal
2024,Penske Automotive Group,,146,Roger Penske,Roger S. Penske,,,,,https://en.wikipedia.org/w/index.php?title=Penske_Automotive_Group&oldid=1235501236,https://en.wikipedia.org/wiki/Penske_Automotive_Group
2024,Hewlett Packard Enterprise,,147,Antonio Neri,Antonio F. Neri,,,,,https://en.wikipedia.org/w/index.php?title=Hewlett_Packard_Enterprise&oldid=1234980839,https://en.wikipedia.org/wiki/Hewlett_Packard_Enterprise
2024,Duke Energy,,148,Lynn J. Good,Lynn Good,,,,,https://en.wikipedia.org/w/index.php?title=Duke_Energy&oldid=1228794392,https://en.wikipedia.org/wiki/Duke_Energy
2024,Occidental Petroleum,,149,Vicki Hollub,,,,,,https://en.wikipedia.org/w/index.php?title=Occidental_Petroleum&oldid=1232457120,https://en.wikipedia.org/wiki/Occidental_Petroleum
2024,NRG Energy,,150,Larry Coben,,,,,,https://en.wikipedia.org/w/index.php?title=NRG_Energy&oldid=1238069064,https://en.wikipedia.org/wiki/NRG_Energy
2024,Amgen,,151,Robert A. Bradway,Robert Bradway,,,,,https://en.wikipedia.org/w/index.php?title=Amgen&oldid=1236022880,https://en.wikipedia.org/wiki/Amgen
2024,NextEra Energy,,152,John W. Ketchum,John Ketchum,,,,,https://en.wikipedia.org/w/index.php?title=NextEra_Energy&oldid=1235476206,https://en.wikipedia.org/wiki/NextEra_Energy
2024,Danaher,,153,Rainer M. Blair,,,,,,https://en.wikipedia.org/w/index.php?title=Danaher_Corporation&oldid=1234282225,https://en.wikipedia.org/wiki/Danaher_Corporation
2024,Gilead Sciences,,154,Daniel O'Day,Daniel P. O'Day,,,,,https://en.wikipedia.org/w/index.php?title=Gilead_Sciences&oldid=1238169651,https://en.wikipedia.org/wiki/Gilead_Sciences
2024,AutoNation,,155,Mike Manley,Michael Manley,,,,,https://en.wikipedia.org/w/index.php?title=AutoNation&oldid=1236678582,https://en.wikipedia.org/wiki/AutoNation
2024,Kraft Heinz,,156,Carlos AbramsRivera,,,,,,https://en.wikipedia.org/w/index.php?title=Kraft_Heinz&oldid=1234927863,https://en.wikipedia.org/wiki/Kraft_Heinz
2024,Avnet,,157,Phil Gallagher,,,,,,https://en.wikipedia.org/w/index.php?title=Avnet&oldid=1238237534,https://en.wikipedia.org/wiki/Avnet
2024,Applied Materials,,158,Gary E. Dickerson,Gary Dickerson,,,,,https://en.wikipedia.org/w/index.php?title=Applied_Materials&oldid=1238150229,https://en.wikipedia.org/wiki/Applied_Materials
2024,Southwest Airlines,,159,Robert E. Jordan,Robert Jordan; Bob Jordan,,,,,https://en.wikipedia.org/w/index.php?title=Southwest_Airlines&oldid=1234707985,https://en.wikipedia.org/wiki/Southwest_Airlines
2024,Charles Schwab,,160,Walter W. Bettinger II,,,,,,https://en.wikipedia.org/w/index.php?title=Charles_Schwab_Corporation&oldid=1226191029,https://en.wikipedia.org/wiki/Charles_Schwab_Corporation
2024,Baker Hughes,,161,Lorenzo Simonelli,,,,,,https://en.wikipedia.org/w/index.php?title=Baker_Hughes&oldid=1236130344,https://en.wikipedia.org/wiki/Baker_Hughes
2024,McDonald's,,162,Chris Kempczinski,,,,,,https://en.wikipedia.org/w/index.php?title=McDonald's&oldid=1234960576,https://en.wikipedia.org/wiki/McDonald's
2024,Southern,,163,Chris Womack,,,,,,https://en.wikipedia.org/w/index.php?title=Southern_Company&oldid=1235374358,https://en.wikipedia.org/wiki/Southern_Company
2024,Mastercard,,164,Michael Miebach,,,,,,https://en.wikipedia.org/w/index.php?title=Mastercard&oldid=1233968571,https://en.wikipedia.org/wiki/Mastercard
2024,Constellation Energy,,165,Joseph Dominguez,,,,,,https://en.wikipedia.org/w/index.php?title=Constellation_Energy&oldid=1225385201,https://en.wikipedia.org/wiki/Constellation_Energy
2024,Hartford Insurance Group,Hartford Financial Services Group,166,Christopher J. Swift,Christopher Swift,,,,,https://en.wikipedia.org/w/index.php?title=The_Hartford&oldid=1244138859,https://en.wikipedia.org/wiki/The_Hartford
2024,PG&E,,167,Patti Poppe,,,,,,https://en.wikipedia.org/w/index.php?title=PG&oldid=1239879824,https://en.wikipedia.org/wiki/PG
2024,Coupang,,168,Bom Kim,,,,,,https://en.wikipedia.org/w/index.php?title=Coupang&oldid=1236706545,https://en.wikipedia.org/wiki/Coupang
2024,EOG Resources,,169,Ezra Y. Yacob,,,,,,https://en.wikipedia.org/w/index.php?title=EOG_Resources&oldid=1242248033,https://en.wikipedia.org/wiki/EOG_Resources
2024,Union Pacific,,170,Jim Vena,,,,,,https://en.wikipedia.org/w/index.php?title=Union_Pacific_Corporation&oldid=1230854290,https://en.wikipedia.org/wiki/Union_Pacific_Corporation
2024,Rite Aid,,171,Jeffrey Stein,,,,,,https://en.wikipedia.org/w/index.php?title=Rite_Aid&oldid=1234674960,https://en.wikipedia.org/wiki/Rite_Aid
2024,Macy's,,172,Tony Spring,,,,,,https://en.wikipedia.org/w/index.php?title=Macy's&oldid=1236284253,https://en.wikipedia.org/wiki/Macy's
2024,Marriott International,,173,Anthony Capuano,Anthony G. Capuano,,,,,https://en.wikipedia.org/w/index.php?title=Marriott_International&oldid=1235500139,https://en.wikipedia.org/wiki/Marriott_International
2024,Lear,,174,Ray Scott,,,,,,https://en.wikipedia.org/w/index.php?title=Lear_Corporation&oldid=1227441297,https://en.wikipedia.org/wiki/Lear_Corporation
2024,Genuine Parts,,175,Paul D. Donahue,,,,,,https://en.wikipedia.org/w/index.php?title=Genuine_Parts_Company&oldid=1231175848,https://en.wikipedia.org/wiki/Genuine_Parts_Company
2024,Sherwin-Williams,,176,Heidi G. Petz,,,,,,https://en.wikipedia.org/w/index.php?title=Sherwin-Williams&oldid=1234724661,https://en.wikipedia.org/wiki/Sherwin-Williams
2024,Halliburton,,177,Jeff Miller,,,,,,https://en.wikipedia.org/w/index.php?title=Halliburton&oldid=1233069441,https://en.wikipedia.org/wiki/Halliburton
2024,Freeport-McMoRan,,178,Kathleen L. Quirk,,,,,,https://en.wikipedia.org/w/index.php?title=Freeport-McMoRan&oldid=1231761885,https://en.wikipedia.org/wiki/Freeport-McMoRan
2024,Live Nation Entertainment,,179,Michael Rapino,,,,,,https://en.wikipedia.org/w/index.php?title=Live_Nation_Entertainment&oldid=1231319908,https://en.wikipedia.org/wiki/Live_Nation_Entertainment
2024,Marsh & McLennan,,180,John Q. Doyle,,,,,,https://en.wikipedia.org/w/index.php?title=Marsh_&oldid=1242112420,https://en.wikipedia.org/wiki/Marsh_
2024,Advanced Micro Devices,,181,Lisa Su,Lisa T. Su,,,,,https://en.wikipedia.org/w/index.php?title=AMD&oldid=1234666588,https://en.wikipedia.org/wiki/AMD
2024,First Citizens BancShares,,182,Frank B. Holding Jr.,,,,,,https://en.wikipedia.org/w/index.php?title=First_Citizens_BancShares&oldid=1237847439,https://en.wikipedia.org/wiki/First_Citizens_BancShares
2024,WESCO International,,183,John Engel,John J. Engel,,,,,https://en.wikipedia.org/w/index.php?title=WESCO_International&oldid=1236206411,https://en.wikipedia.org/wiki/WESCO_International
2024,Carrier Global,,184,Dave Gitlin,,,,,,https://en.wikipedia.org/w/index.php?title=Carrier_Global&oldid=1238135966,https://en.wikipedia.org/wiki/Carrier_Global
2024,Cleveland-Cliffs,,185,C. Lourenco Goncalves,,,,,,https://en.wikipedia.org/w/index.php?title=Cleveland-Cliffs&oldid=1234717305,https://en.wikipedia.org/wiki/Cleveland-Cliffs
2024,Block,,186,Jack Dorsey,,,,,,"https://en.wikipedia.org/w/index.php?title=Block,_Inc.&oldid=1234931190","https://en.wikipedia.org/wiki/Block,_Inc."
2024,Exelon,,187,Calvin Butler,Calvin G. Butler,,,,,https://en.wikipedia.org/w/index.php?title=Exelon&oldid=1216641238,https://en.wikipedia.org/wiki/Exelon
2024,KKR,,188,Joseph Y. Bae,Joseph Bae,Scott Nuttall,,,,https://en.wikipedia.org/w/index.php?title=KKR_&_Co.&oldid=1252360207,https://en.wikipedia.org/wiki/KKR_
2024,CDW,,189,Christine Leahy,Christine A. Leahy,,,,,https://en.wikipedia.org/w/index.php?title=CDW&oldid=1244775704,https://en.wikipedia.org/wiki/CDW
2024,Booking Holdings,,190,Glenn D. Fogel,Glenn Fogel,,,,,https://en.wikipedia.org/w/index.php?title=Booking_Holdings&oldid=1232286026,https://en.wikipedia.org/wiki/Booking_Holdings
2024,Synchrony,Synchrony Financial,191,Brian Doubles,Brian D. Doubles,,,,,https://en.wikipedia.org/w/index.php?title=Synchrony_Financial&oldid=1241116776,https://en.wikipedia.org/wiki/Synchrony_Financial
2024,Quanta Services,,192,Earl C. Austin,Earl Austin; Duke Austin; Earl C. Austin Jr.,,,,,https://en.wikipedia.org/w/index.php?title=Quanta_Services&oldid=1230854271,https://en.wikipedia.org/wiki/Quanta_Services
2024,Jones Lang LaSalle,,193,Christian Ulbrich,,,,,,https://en.wikipedia.org/w/index.php?title=JLL_(company)&oldid=1234431502,https://en.wikipedia.org/wiki/JLL_(company)
2024,Discover,Discover Financial Services,194,Michael Rhodes,,,,,,https://en.wikipedia.org/w/index.php?title=Discover_Financial&oldid=1237746157,https://en.wikipedia.org/wiki/Discover
2024,Tenet Healthcare,,195,Saum Sutaria,,,,,,https://en.wikipedia.org/w/index.php?title=Tenet_Healthcare&oldid=1240450182,https://en.wikipedia.org/wiki/Tenet_Healthcare
2024,Altria Group,,196,Billy Gifford,,,,,,https://en.wikipedia.org/w/index.php?title=Altria&oldid=1235233290,https://en.wikipedia.org/wiki/Altria
2024,Stryker,,197,Kevin A. Lobo,Kevin Lobo,,,,,https://en.wikipedia.org/w/index.php?title=Stryker_Corporation&oldid=1230457530,https://en.wikipedia.org/wiki/Stryker_Corporation
2024,Kimberly-Clark,,198,Michael D. Hsu,,,,,,https://en.wikipedia.org/w/index.php?title=Kimberly-Clark&oldid=1235018450,https://en.wikipedia.org/wiki/Kimberly-Clark
2024,Waste Management,,199,James C. Fish Jr.,,,,,,"https://en.wikipedia.org/w/index.php?title=Waste_Management,_Inc.&oldid=1234634743","https://en.wikipedia.org/wiki/Waste_Management,_Inc."
2024,Cheniere Energy,,200,Jack Fusco,,,,,,https://en.wikipedia.org/w/index.php?title=Cheniere_Energy&oldid=1223130208,https://en.wikipedia.org/wiki/Cheniere_Energy
2024,Ross Stores,,201,Barbara Rentler,,,,,,https://en.wikipedia.org/w/index.php?title=Ross_Stores&oldid=1236566289,https://en.wikipedia.org/wiki/Ross_Stores
2024,WestRock,,202,David B. Sewell,,,,,,https://en.wikipedia.org/w/index.php?title=WestRock&oldid=1233390297,https://en.wikipedia.org/wiki/WestRock
2024,General Mills,,203,Jeffrey Harmening,Jeffrey L. Harmening,,,,,https://en.wikipedia.org/w/index.php?title=General_Mills&oldid=1235457029,https://en.wikipedia.org/wiki/General_Mills
2024,Goodyear Tire & Rubber,,204,Mark Stewart,,,,,,https://en.wikipedia.org/w/index.php?title=Goodyear_Tire_and_Rubber_Company&oldid=1234807940,https://en.wikipedia.org/wiki/Goodyear_Tire_and_Rubber_Company
2024,BJ's Wholesale Club,,205,Bob Eddy,,,,,,https://en.wikipedia.org/w/index.php?title=BJ's_Wholesale_Club&oldid=1233776889,https://en.wikipedia.org/wiki/BJ's_Wholesale_Club
2024,GE HealthCare Technologies,,206,Peter Arduini,,,,,,https://en.wikipedia.org/w/index.php?title=GE_HealthCare&oldid=1233790626,https://en.wikipedia.org/wiki/GE_HealthCare
2024,Colgate-Palmolive,,207,Noel Wallace,Noel R. Wallace,,,,,https://en.wikipedia.org/w/index.php?title=Colgate-Palmolive&oldid=1235015744,https://en.wikipedia.org/wiki/Colgate-Palmolive
2024,Whirlpool,,208,Marc Bitzer,Marc R. Bitzer,,,,,https://en.wikipedia.org/w/index.php?title=Whirlpool_Corporation&oldid=1238447076,https://en.wikipedia.org/wiki/Whirlpool_Corporation
2024,L3Harris Technologies,,209,Christopher E. Kubasik,Christopher Kubasik; Chris Kubasik,,,,,https://en.wikipedia.org/w/index.php?title=L3Harris&oldid=1233849685,https://en.wikipedia.org/wiki/L3Harris
2024,Adobe,,210,Shantanu Narayen,,,,,,https://en.wikipedia.org/w/index.php?title=Adobe_Inc.&oldid=1234587935,https://en.wikipedia.org/wiki/Adobe_Inc.
2024,Becton Dickinson,,211,Tom Polen,,,,,,https://en.wikipedia.org/w/index.php?title=BD_(company)&oldid=1232160756,https://en.wikipedia.org/wiki/BD_(company)
2024,Pioneer Natural Resources,,212,Richard P. Dealy,,,,,,https://en.wikipedia.org/w/index.php?title=Pioneer_Natural_Resources&oldid=1230013772,https://en.wikipedia.org/wiki/Pioneer_Natural_Resources
2024,Cognizant Technology Solutions,,213,Ravi Kumar Singisetti,,,,,,https://en.wikipedia.org/w/index.php?title=Cognizant&oldid=1234480220,https://en.wikipedia.org/wiki/Cognizant
2024,Murphy USA,,214,R. Andrew Clyde,,,,,,https://en.wikipedia.org/w/index.php?title=Murphy_USA&oldid=1228945501,https://en.wikipedia.org/wiki/Murphy_USA
2024,Fiserv,,215,Frank Bisignano,Frank J. Bisignano,,,,,https://en.wikipedia.org/w/index.php?title=Fiserv&oldid=1234700810,https://en.wikipedia.org/wiki/Fiserv
2024,Parker-Hannifin,,216,Jennifer A. Parmentier,Jennifer Parmentier,,,,,https://en.wikipedia.org/w/index.php?title=Parker_Hannifin&oldid=1231217177,https://en.wikipedia.org/wiki/Parker_Hannifin
2024,American Electric Power,,217,Ben Fowke,,,,,,https://en.wikipedia.org/w/index.php?title=American_Electric_Power&oldid=1237235865,https://en.wikipedia.org/wiki/American_Electric_Power
2024,International Paper,,218,Andrew Silvernail,,,,,,https://en.wikipedia.org/w/index.php?title=International_Paper&oldid=1232158798,https://en.wikipedia.org/wiki/International_Paper
2024,ManpowerGroup,,219,Jonas Prising,,,,,,https://en.wikipedia.org/w/index.php?title=ManpowerGroup&oldid=1234689164,https://en.wikipedia.org/wiki/ManpowerGroup
2024,Aramark,,220,John Zillmer,John J. Zillmer,,,,,https://en.wikipedia.org/w/index.php?title=Aramark&oldid=1235346575,https://en.wikipedia.org/wiki/Aramark
2024,Steel Dynamics,,221,Mark D. Millett,Mark Millett,,,,,https://en.wikipedia.org/w/index.php?title=Steel_Dynamics&oldid=1232989617,https://en.wikipedia.org/wiki/Steel_Dynamics
2024,Aflac,,222,Dan Amos,,,,,,https://en.wikipedia.org/w/index.php?title=Aflac&oldid=1234303226,https://en.wikipedia.org/wiki/Aflac
2024,Reinsurance Group of America,,223,Tony Cheng,,,,,,https://en.wikipedia.org/w/index.php?title=Reinsurance_Group_of_America&oldid=1229493761,https://en.wikipedia.org/wiki/Reinsurance_Group_of_America
2024,Emerson Electric,,224,Lal Karsanbhai,Lal L. Karsanbhai,,,,,https://en.wikipedia.org/w/index.php?title=Emerson_Electric&oldid=1234220287,https://en.wikipedia.org/wiki/Emerson_Electric
2024,State Street,,225,Ronald P. O’Hanley,,,,,,https://en.wikipedia.org/w/index.php?title=State_Street_Corporation&oldid=1226818053,https://en.wikipedia.org/wiki/State_Street_Corporation
2024,PPG Industries,,226,Tim Knavish,,,,,,https://en.wikipedia.org/w/index.php?title=PPG_Industries&oldid=1241371137,https://en.wikipedia.org/wiki/PPG_Industries
2024,United States Steel,,227,David Burritt,David B. Burritt,,,,,https://en.wikipedia.org/w/index.php?title=U.S._Steel&oldid=1234225070,https://en.wikipedia.org/wiki/U.S._Steel
2024,Automatic Data Processing,,228,Maria Black,,,,,,https://en.wikipedia.org/w/index.php?title=ADP_(company)&oldid=1231708550,https://en.wikipedia.org/wiki/ADP_(company)
2024,Group 1 Automotive,,229,Daryl Kenningham,,,,,,https://en.wikipedia.org/w/index.php?title=Group_1_Automotive&oldid=1235462436,https://en.wikipedia.org/wiki/Group_1_Automotive
2024,Dominion Energy,,230,Robert Blue,Robert M. Blue,,,,,https://en.wikipedia.org/w/index.php?title=Dominion_Energy&oldid=1236131496,https://en.wikipedia.org/wiki/Dominion_Energy
2024,BlackRock,,231,Larry Fink,,,,,,https://en.wikipedia.org/w/index.php?title=BlackRock&oldid=1234751607,https://en.wikipedia.org/wiki/BlackRock
2024,Oneok,,232,Pierce Norton,,,,,,https://en.wikipedia.org/w/index.php?title=Oneok&oldid=1252542110,https://en.wikipedia.org/wiki/Oneok
2024,C.H. Robinson Worldwide,,233,David Bozeman,Dave Bozeman,,,,,https://en.wikipedia.org/w/index.php?title=C.H._Robinson_Worldwide&oldid=1242054216,https://en.wikipedia.org/wiki/C.H._Robinson_Worldwide
2024,Texas Instruments,,234,Haviv Ilan,,,,,,https://en.wikipedia.org/w/index.php?title=Texas_Instruments&oldid=1235554732,https://en.wikipedia.org/wiki/Texas_Instruments
2024,Kohl's,,235,Tom Kingsbury,,,,,,https://en.wikipedia.org/w/index.php?title=Kohl's&oldid=1234596800,https://en.wikipedia.org/wiki/Kohl's
2024,AutoZone,,236,Phil Daniele,,,,,,https://en.wikipedia.org/w/index.php?title=AutoZone&oldid=1237808490,https://en.wikipedia.org/wiki/AutoZone
2024,Lam Research,,237,Tim Archer,,,,,,https://en.wikipedia.org/w/index.php?title=Lam_Research&oldid=1238150582,https://en.wikipedia.org/wiki/Lam_Research
2024,Corteva,,238,Chuck Magro,,,,,,https://en.wikipedia.org/w/index.php?title=Corteva&oldid=1235369546,https://en.wikipedia.org/wiki/Corteva
2024,Peter Kiewit Sons',,239,Rick Lanoha,,,,,,https://en.wikipedia.org/w/index.php?title=Kiewit_Corporation&oldid=1240738616,https://en.wikipedia.org/wiki/Kiewit_Corporation
2024,Builders FirstSource,,240,Dave Rush,,,,,,https://en.wikipedia.org/w/index.php?title=Builders_FirstSource&oldid=1245942946,https://en.wikipedia.org/wiki/Builders_FirstSource
2024,Kyndryl Holdings,,241,Martin Schroeter,Martin J. Schroeter,,,,,https://en.wikipedia.org/w/index.php?title=Kyndryl&oldid=1235041884,https://en.wikipedia.org/wiki/Kyndryl
2024,EchoStar,,242,Hamid Akhavan,,,,,,https://en.wikipedia.org/w/index.php?title=EchoStar&oldid=1235184659,https://en.wikipedia.org/wiki/EchoStar
2024,American Family Insurance Group,,243,Bill Westrate,,,,,,https://en.wikipedia.org/w/index.php?title=American_Family_Insurance&oldid=1230290003,https://en.wikipedia.org/wiki/American_Family_Insurance
2024,Delek US Holdings,,244,Avigal Soreq,,,,,,https://en.wikipedia.org/w/index.php?title=Delek_US&oldid=1223848045,https://en.wikipedia.org/wiki/Delek_US
2024,Land O'Lakes,,245,Beth Ford,Beth E. Ford,,,,,https://en.wikipedia.org/w/index.php?title=Land_O'Lakes&oldid=1236798140,https://en.wikipedia.org/wiki/Land_O'Lakes
2024,Sempra,,246,Jeffrey W. Martin,,,,,,https://en.wikipedia.org/w/index.php?title=Sempra&oldid=1233607048,https://en.wikipedia.org/wiki/Sempra
2024,Global Partners,,247,Eric Slifka,,,,,,https://en.wikipedia.org/w/index.php?title=Global_Partners&oldid=1239947405,https://en.wikipedia.org/wiki/Global_Partners
2024,W.W. Grainger,,248,D.G. Macpherson,,,,,,https://en.wikipedia.org/w/index.php?title=W._W._Grainger&oldid=1232390463,https://en.wikipedia.org/wiki/W._W._Grainger
2024,Jacobs Solutions,,249,Bob Pragada,,,,,,https://en.wikipedia.org/w/index.php?title=Jacobs_Solutions&oldid=1233577524,https://en.wikipedia.org/wiki/Jacobs_Solutions
2024,Edison International,,250,Pedro J. Pizarro,Pedro Pizarro,,,,,https://en.wikipedia.org/w/index.php?title=Edison_International&oldid=1241233773,https://en.wikipedia.org/wiki/Edison_International
2024,MGM Resorts International,,251,Bill Hornbuckle,,,,,,https://en.wikipedia.org/w/index.php?title=MGM_Resorts_International&oldid=1238974208,https://en.wikipedia.org/wiki/MGM_Resorts_International
2024,Guardian Life Ins. Co. of America,,252,Andrew McMahon,,,,,,https://en.wikipedia.org/w/index.php?title=The_Guardian_Life_Insurance_Company_of_America&oldid=1236390280,https://en.wikipedia.org/wiki/The_Guardian_Life_Insurance_Company_of_America
2024,Illinois Tool Works,,253,Christopher A. O'Herlihy,,,,,,https://en.wikipedia.org/w/index.php?title=Illinois_Tool_Works&oldid=1229062610,https://en.wikipedia.org/wiki/Illinois_Tool_Works
2024,Ameriprise Financial,,254,James M. Cracchiolo,James Cracchiolo,,,,,https://en.wikipedia.org/w/index.php?title=Ameriprise_Financial&oldid=1231320730,https://en.wikipedia.org/wiki/Ameriprise_Financial
2024,PulteGroup,,255,Ryan R. Marshall,,,,,,https://en.wikipedia.org/w/index.php?title=PulteGroup&oldid=1245117855,https://en.wikipedia.org/wiki/PulteGroup
2024,Targa Resources,,256,Matthew J. Meloy,Matthew Meloy; Matt Meloy,,,,,,
2024,Ally Financial,,257,Michael Rhodes,,,,,,https://en.wikipedia.org/w/index.php?title=Ally_Financial&oldid=1237225091,https://en.wikipedia.org/wiki/Ally_Financial
2024,BorgWarner,,258,Frédéric Lissalde,,,,,,https://en.wikipedia.org/w/index.php?title=BorgWarner&oldid=1219657288,https://en.wikipedia.org/wiki/BorgWarner
2024,Estée Lauder,,259,Fabrizio Freda,,,,,,https://en.wikipedia.org/w/index.php?title=Estée_Lauder&oldid=1265483216,https://en.wikipedia.org/wiki/Estée_Lauder
2024,Loews,,260,James Tisch,James S. Tisch,,,,,https://en.wikipedia.org/w/index.php?title=Loews_Corporation&oldid=1248577061,https://en.wikipedia.org/wiki/Loews_Corporation
2024,O'Reilly Automotive,,261,Brad Beckham,,,,,,https://en.wikipedia.org/w/index.php?title=O%27Reilly_Auto_Parts&oldid=1235079840,https://en.wikipedia.org/wiki/O'Reilly_Auto_Parts
2024,Markel Group,Markel,262,Thomas S. Gayner,,,,,,https://en.wikipedia.org/w/index.php?title=Markel_Group&oldid=1225600656,https://en.wikipedia.org/wiki/Markel_Group
2024,Stanley Black & Decker,,263,Donald Allan Jr.,Donald Allan; Don Allan,,,,,https://en.wikipedia.org/w/index.php?title=Stanley_Black_&oldid=1238100788,https://en.wikipedia.org/wiki/Stanley_Black_
2024,Micron Technology,,264,Sanjay Mehrotra,,,,,,https://en.wikipedia.org/w/index.php?title=Micron_Technology&oldid=1233187817,https://en.wikipedia.org/wiki/Micron_Technology
2024,Fluor,,265,David E. Constable,David Constable,,,,,https://en.wikipedia.org/w/index.php?title=Fluor_Corporation&oldid=1240377769,https://en.wikipedia.org/wiki/Fluor_Corporation
2024,Leidos Holdings,,266,Thomas Bell,Thomas A. Bell,,,,,https://en.wikipedia.org/w/index.php?title=Leidos&oldid=1234181950,https://en.wikipedia.org/wiki/Leidos
2024,Viatris,,267,Scott A. Smith,Scott Smith,,,,,https://en.wikipedia.org/w/index.php?title=Viatris&oldid=1231033425,https://en.wikipedia.org/wiki/Viatris
2024,Kinder Morgan,,268,Kimberly A. Dang,,,,,,https://en.wikipedia.org/w/index.php?title=Kinder_Morgan&oldid=1261504427,https://en.wikipedia.org/wiki/Kinder_Morgan
2024,Ecolab,,269,Christophe Beck,,,,,,https://en.wikipedia.org/w/index.php?title=Ecolab&oldid=1237538853,https://en.wikipedia.org/wiki/Ecolab
2024,Baxter International,,270,José E. Almeida,,,,,,https://en.wikipedia.org/w/index.php?title=Baxter_International&oldid=1236809166,https://en.wikipedia.org/wiki/Baxter_International
2024,Devon Energy,,271,Rick Muncrief,,,,,,https://en.wikipedia.org/w/index.php?title=Devon_Energy&oldid=1231158302,https://en.wikipedia.org/wiki/Devon_Energy
2024,Kellanova,Kellogg,272,Steven Cahillane,Steven A. Cahillane,,,,,https://en.wikipedia.org/w/index.php?title=Kellanova&oldid=1202981421,https://en.wikipedia.org/wiki/Kellanova
2024,Farmers Insurance Exchange,,273,Raul Vargas,,,,,,https://en.wikipedia.org/w/index.php?title=Farmers_Insurance_Group&oldid=1236167341,https://en.wikipedia.org/wiki/Farmers_Insurance_Group
2024,Casey's General Stores,,274,Darren Rebelez,,,,,,https://en.wikipedia.org/w/index.php?title=Casey%27s&oldid=1234599286,https://en.wikipedia.org/wiki/Casey's
2024,IQVIA Holdings,,275,Ari Bousbib,,,,,,https://en.wikipedia.org/w/index.php?title=IQVIA&oldid=1241093680,https://en.wikipedia.org/wiki/IQVIA
2024,Republic Services,,276,Jon Vander Ark,,,,,,https://en.wikipedia.org/w/index.php?title=Republic_Services&oldid=1239495355,https://en.wikipedia.org/wiki/Republic_Services
2024,Fox,,277,Lachlan Murdoch,Lachlan K. Murdoch,,,,,https://en.wikipedia.org/w/index.php?title=Fox_Corporation&oldid=1234642234,https://en.wikipedia.org/wiki/Fox_Corporation
2024,Gap,,278,Richard Dickson,,,,,,https://en.wikipedia.org/w/index.php?title=Gap_Inc.&oldid=1234729574,https://en.wikipedia.org/wiki/Gap_Inc.
2024,Keurig Dr Pepper,,279,Robert Gamgort,Robert J. Gamgort,,,,,https://en.wikipedia.org/w/index.php?title=Keurig_Dr_Pepper&oldid=1239653839,https://en.wikipedia.org/wiki/Keurig_Dr_Pepper
2024,Reliance,Reliance Steel & Aluminum,280,Karla R. Lewis,Karla Lewis,,,,,"https://en.wikipedia.org/w/index.php?title=Reliance,_Inc.&oldid=1237643065","https://en.wikipedia.org/wiki/Reliance,_Inc."
2024,Asbury Automotive Group,,281,David W Hult,,,,,,https://en.wikipedia.org/w/index.php?title=Asbury_Automotive_Group&oldid=1247109015,https://en.wikipedia.org/wiki/Asbury_Automotive_Group
2024,Pacific Life,,282,Darryl Button,,,,,,https://en.wikipedia.org/w/index.php?title=Pacific_Life&oldid=1244125271,https://en.wikipedia.org/wiki/Pacific_Life
2024,Vistra,,283,James A. Burke,James Burke; Jim Burke,,,,,https://en.wikipedia.org/w/index.php?title=Vistra_Corp.&oldid=1238013182,https://en.wikipedia.org/wiki/Vistra_Corp.
2024,Western & Southern Financial Group,,284,John F. Barrett,John Barrett,,,,,https://en.wikipedia.org/w/index.php?title=Western_&oldid=1245357100,https://en.wikipedia.org/wiki/Western_
2024,Andersons,,285,Patrick E. Bowe,Patrick Bowe,,,,,https://en.wikipedia.org/w/index.php?title=The_Andersons&oldid=1227909593,https://en.wikipedia.org/wiki/The_Andersons
2024,Nordstrom,,286,Erik Nordstrom,Erik B. Nordstrom,,,,,https://en.wikipedia.org/w/index.php?title=Nordstrom&oldid=1236108360,https://en.wikipedia.org/wiki/Nordstrom
2024,Omnicom Group,,287,John D. Wren,John Wren,,,,,https://en.wikipedia.org/w/index.php?title=Omnicom_Group&oldid=1240563320,https://en.wikipedia.org/wiki/Omnicom_Group
2024,Fidelity National Information (FIS),Fidelity National Information Services,288,Stephanie Ferris,,,,,,https://en.wikipedia.org/w/index.php?title=FIS_(company)&oldid=1235082720,https://en.wikipedia.org/wiki/FIS_(company)
2024,Consolidated Edison,,289,Tim Cawley,,,,,,https://en.wikipedia.org/w/index.php?title=Consolidated_Edison&oldid=1234728216,https://en.wikipedia.org/wiki/Consolidated_Edison
2024,CSX,,290,Steve Angel,,,,,,https://en.wikipedia.org/w/index.php?title=CSX_Transportation&oldid=1237020216,https://en.wikipedia.org/wiki/CSX_Transportation
2024,AECOM,,291,W. Troy Rudd,Troy Rudd,,,,,https://en.wikipedia.org/w/index.php?title=AECOM&oldid=1234947916,https://en.wikipedia.org/wiki/AECOM
2024,Lumen Technologies,,292,Kate Johnson,,,,,,https://en.wikipedia.org/w/index.php?title=Lumen_Technologies&oldid=1234760454,https://en.wikipedia.org/wiki/Lumen_Technologies
2024,Tractor Supply,,293,Hal Lawton,,,,,,https://en.wikipedia.org/w/index.php?title=Tractor_Supply_Company&oldid=1234393718,https://en.wikipedia.org/wiki/Tractor_Supply_Company
2024,DXC Technology,,294,Raul Fernandez,,,,,,https://en.wikipedia.org/w/index.php?title=DXC_Technology&oldid=1237680928,https://en.wikipedia.org/wiki/DXC_Technology
2024,AGCO,,295,Eric Hansotia,Eric P. Hansotia,,,,,https://en.wikipedia.org/w/index.php?title=AGCO&oldid=1227808027,https://en.wikipedia.org/wiki/AGCO
2024,Sonic Automotive,,296,David Smith,,,,,,https://en.wikipedia.org/w/index.php?title=Sonic_Automotive&oldid=1237742859,https://en.wikipedia.org/wiki/Sonic_Automotive
2024,Intuit,,297,Sasan Goodarzi,Sasan K. Goodarzi,,,,,https://en.wikipedia.org/w/index.php?title=Intuit&oldid=1233991640,https://en.wikipedia.org/wiki/Intuit
2024,United Rentals,,298,Matthew Flannery,Matthew J. Flannery,,,,,https://en.wikipedia.org/w/index.php?title=United_Rentals&oldid=1230854294,https://en.wikipedia.org/wiki/United_Rentals
2024,Universal Health Services,,299,Marc D. Miller,Marc Miller,,,,,https://en.wikipedia.org/w/index.php?title=Universal_Health_Services&oldid=1237141833,https://en.wikipedia.org/wiki/Universal_Health_Services
2024,Boston Scientific,,300,Michael F. Mahoney,Michael Mahoney,,,,,https://en.wikipedia.org/w/index.php?title=Boston_Scientific&oldid=1235579798,https://en.wikipedia.org/wiki/Boston_Scientific
2024,Otis Worldwide,,301,Judy Marks,,,,,,https://en.wikipedia.org/w/index.php?title=Otis_Worldwide&oldid=1233379793,https://en.wikipedia.org/wiki/Otis_Worldwide
2024,Xcel Energy,,302,Robert C. Frenzel,Robert Frenzel; Bob Frenzel,,,,,https://en.wikipedia.org/w/index.php?title=Xcel_Energy&oldid=1240468723,https://en.wikipedia.org/wiki/Xcel_Energy
2024,Jones Financial (Edward Jones),,303,Penny Pennington,,,,,,https://en.wikipedia.org/w/index.php?title=Edward_Jones_Investments&oldid=1234840380,https://en.wikipedia.org/wiki/Edward_Jones_Investments
2024,Ball,,304,Dan Fisher,,,,,,https://en.wikipedia.org/w/index.php?title=Ball_Corporation&oldid=1232653457,https://en.wikipedia.org/wiki/Ball_Corporation
2024,LKQ,,305,Dominick P. Zarcone,Dominick Zarcone,,,,,https://en.wikipedia.org/w/index.php?title=LKQ_Corporation&oldid=1234747875,https://en.wikipedia.org/wiki/LKQ_Corporation
2024,Mutual of Omaha,Mutual of Omaha Insurance,306,James Blackledge,James T. Blackledge,,,,,https://en.wikipedia.org/w/index.php?title=Mutual_of_Omaha&oldid=1239158768,https://en.wikipedia.org/wiki/Mutual_of_Omaha
2024,Mosaic,,307,Bruce Bodine,,,,,,https://en.wikipedia.org/w/index.php?title=The_Mosaic_Company&oldid=1237926577,https://en.wikipedia.org/wiki/The_Mosaic_Company
2024,Textron,,308,Scott C. Donnelly,Scott Donnelly,,,,,https://en.wikipedia.org/w/index.php?title=Textron&oldid=1235450478,https://en.wikipedia.org/wiki/Textron
2024,Labcorp Holdings,Laboratory Corp. of America,309,Adam H. Schechter,Adam Schechter,,,,,https://en.wikipedia.org/w/index.php?title=Labcorp&oldid=1240530950,https://en.wikipedia.org/wiki/Labcorp
2024,Principal Financial,,310,Daniel J. Houston,Daniel Houston,,,,,https://en.wikipedia.org/w/index.php?title=Principal_Financial_Group&oldid=1233706871,https://en.wikipedia.org/wiki/Principal_Financial_Group
2024,Regeneron Pharmaceuticals,,311,Leonard Schleifer,Leonard S. Schleifer,,,,,https://en.wikipedia.org/w/index.php?title=Regeneron_Pharmaceuticals&oldid=1232811908,https://en.wikipedia.org/wiki/Regeneron_Pharmaceuticals
2024,Raymond James Financial,,312,Paul Reilly,Paul C. Reilly,,,,,https://en.wikipedia.org/w/index.php?title=Raymond_James_Financial&oldid=1238422871,https://en.wikipedia.org/wiki/Raymond_James_Financial
2024,Dick's Sporting Goods,,313,Lauren Hobart,Lauren R. Hobart,,,,,https://en.wikipedia.org/w/index.php?title=Dick's_Sporting_Goods&oldid=1235059973,https://en.wikipedia.org/wiki/Dick's_Sporting_Goods
2024,Auto-Owners Insurance,,314,Jamie Whisnant,,,,,,https://en.wikipedia.org/w/index.php?title=Auto-Owners_Insurance&oldid=1240256920,https://en.wikipedia.org/wiki/Auto-Owners_Insurance
2024,Expedia Group,,315,Ariane Gorin,,,,,,https://en.wikipedia.org/w/index.php?title=Expedia_Group&oldid=1238009670,https://en.wikipedia.org/wiki/Expedia_Group
2024,J.B. Hunt Transport Services,,316,Shelley Simpson,,,,,,https://en.wikipedia.org/w/index.php?title=J._B._Hunt&oldid=1235050871,https://en.wikipedia.org/wiki/J._B._Hunt
2024,M&T Bank,,317,René F. Jones,René Jones,,,,,https://en.wikipedia.org/w/index.php?title=M&oldid=1232580601,https://en.wikipedia.org/wiki/M
2024,DTE Energy,,318,Gerardo Norcia,,,,,,https://en.wikipedia.org/w/index.php?title=DTE_Energy&oldid=1240378787,https://en.wikipedia.org/wiki/DTE_Energy
2024,AES,,319,Andres Gluski,Andres R. Gluski,,,,,https://en.wikipedia.org/w/index.php?title=AES_Corporation&oldid=1232766373,https://en.wikipedia.org/wiki/AES_Corporation
2024,Berry Global Group,,320,Kevin Kwilinski,,,,,,https://en.wikipedia.org/w/index.php?title=Berry_Global&oldid=1235527828,https://en.wikipedia.org/wiki/Berry_Global
2024,Fifth Third Bancorp,,321,Timothy N. Spence,Tim Spence,,,,,https://en.wikipedia.org/w/index.php?title=Fifth_Third_Bank&oldid=1235970244,https://en.wikipedia.org/wiki/Fifth_Third_Bank
2024,Air Products & Chemicals,,322,Seifi Ghasemi,,,,,,https://en.wikipedia.org/w/index.php?title=Air_Products_&oldid=1232325126,https://en.wikipedia.org/wiki/Air_Products_
2024,Corning,,323,Wendell P. Weeks,Wendell Weeks,,,,,https://en.wikipedia.org/w/index.php?title=Corning_Inc.&oldid=1231995347,https://en.wikipedia.org/wiki/Corning_Inc.
2024,EMCOR Group,,324,Anthony J. Guzzi,,,,,,https://en.wikipedia.org/w/index.php?title=Emcor&oldid=1236474920,https://en.wikipedia.org/wiki/Emcor
2024,Amphenol,,325,R. Adam Norwitt,,,,,,https://en.wikipedia.org/w/index.php?title=Amphenol&oldid=1219159623,https://en.wikipedia.org/wiki/Amphenol
2024,Westlake,,326,Albert Chao,,,,,,https://en.wikipedia.org/w/index.php?title=Westlake_Corporation&oldid=1250089969,https://en.wikipedia.org/wiki/Westlake_Corporation
2024,DuPont,,327,Edward D. Breen,Edward Breen,,,,,https://en.wikipedia.org/w/index.php?title=DuPont&oldid=1233838907,https://en.wikipedia.org/wiki/DuPont
2024,Liberty Media,,328,Greg Maffei,,,,,,https://en.wikipedia.org/w/index.php?title=Liberty_Media&oldid=1233416222,https://en.wikipedia.org/wiki/Liberty_Media
2024,S&P Global,,329,Douglas L. Peterson,Douglas Peterson,,,,,https://en.wikipedia.org/w/index.php?title=S&oldid=1235696976,https://en.wikipedia.org/wiki/S
2024,Community Health Systems,,330,Tim Hingtgen,,,,,,https://en.wikipedia.org/w/index.php?title=Community_Health_Systems&oldid=1217100425,https://en.wikipedia.org/wiki/Community_Health_Systems
2024,FirstEnergy,,331,Brian X. Tierney,,,,,,https://en.wikipedia.org/w/index.php?title=FirstEnergy&oldid=1237836826,https://en.wikipedia.org/wiki/FirstEnergy
2024,Unum Group,,332,Rick McKenney,,,,,,https://en.wikipedia.org/w/index.php?title=Unum&oldid=1212235490,https://en.wikipedia.org/wiki/Unum
2024,Henry Schein,,333,Stanley M. Bergman,Stanley Bergman,,,,,https://en.wikipedia.org/w/index.php?title=Henry_Schein&oldid=1235159607,https://en.wikipedia.org/wiki/Henry_Schein
2024,Western Digital,,334,David Goeckeler,David V. Goeckeler,,,,,https://en.wikipedia.org/w/index.php?title=Western_Digital&oldid=1232796828,https://en.wikipedia.org/wiki/Western_Digital
2024,Analog Devices,,335,Vincent T. Roche,Vincent Roche,,,,,https://en.wikipedia.org/w/index.php?title=Analog_Devices&oldid=1233455627,https://en.wikipedia.org/wiki/Analog_Devices
2024,Conagra Brands,,336,Sean Connolly,Sean M. Connolly,,,,,https://en.wikipedia.org/w/index.php?title=Conagra_Brands&oldid=1234344149,https://en.wikipedia.org/wiki/Conagra_Brands
2024,Citizens Financial Group,,337,Bruce Van Saun,Bruce W. Van Saun,,,,,https://en.wikipedia.org/w/index.php?title=Citizens_Financial_Group&oldid=1234882980,https://en.wikipedia.org/wiki/Citizens_Financial_Group
2024,Norfolk Southern,,338,Alan H. Shaw,Alan Shaw,,,,,https://en.wikipedia.org/w/index.php?title=Norfolk_Southern_Railway&oldid=1234916928,https://en.wikipedia.org/wiki/Norfolk_Southern_Railway
2024,Entergy,,339,Andrew “Drew” Marsh,,,,,,https://en.wikipedia.org/w/index.php?title=Entergy&oldid=1230626072,https://en.wikipedia.org/wiki/Entergy
2024,W.R. Berkley,,340,W. Robert Berkley Jr.,Robert Berkley,,,,,,
2024,DaVita,,341,Javier J. Rodriguez,Javier Rodriguez,,,,,https://en.wikipedia.org/w/index.php?title=DaVita&oldid=1230844831,https://en.wikipedia.org/wiki/DaVita
2024,Northern Trust,,342,Michael G. O'Grady,Michael O'Grady,,,,,https://en.wikipedia.org/w/index.php?title=Northern_Trust&oldid=1228835007,https://en.wikipedia.org/wiki/Northern_Trust
2024,Hormel Foods,,343,James Snee,,,,,,https://en.wikipedia.org/w/index.php?title=Hormel_Foods&oldid=1236024555,https://en.wikipedia.org/wiki/Hormel_Foods
2024,Crown Holdings,,344,Timothy J. Donahue,Timothy Donahue,,,,,https://en.wikipedia.org/w/index.php?title=Crown_Holdings&oldid=1239967469,https://en.wikipedia.org/wiki/Crown_Holdings
2024,Avis Budget Group,,345,Joe Ferraro,,,,,,https://en.wikipedia.org/w/index.php?title=Avis_Budget_Group&oldid=1228701128,https://en.wikipedia.org/wiki/Avis_Budget_Group
2024,Wayfair,,346,Niraj Shah,Niraj S. Shah,,,,,https://en.wikipedia.org/w/index.php?title=Wayfair&oldid=1235229650,https://en.wikipedia.org/wiki/Wayfair
2024,MasTec,,347,Jose Mas,,,,,,https://en.wikipedia.org/w/index.php?title=MasTec&oldid=1226891765,https://en.wikipedia.org/wiki/MasTec
2024,Eversource Energy,,348,Joseph R. Nolan,Joseph Nolan,,,,,https://en.wikipedia.org/w/index.php?title=Eversource_Energy&oldid=1241929290,https://en.wikipedia.org/wiki/Eversource_Energy
2024,Newmont,,349,Thomas R. Palmer,Thomas Palmer,,,,,https://en.wikipedia.org/w/index.php?title=Newmont&oldid=1228244011,https://en.wikipedia.org/wiki/Newmont
2024,Ryder System,,350,Robert E. Sanchez,Robert Sanchez,,,,,https://en.wikipedia.org/w/index.php?title=Ryder&oldid=1235765338,https://en.wikipedia.org/wiki/Ryder
2024,Fidelity National Financial,,351,Mike Nolan,,,,,,https://en.wikipedia.org/w/index.php?title=Fidelity_National_Financial&oldid=1218310736,https://en.wikipedia.org/wiki/Fidelity_National_Financial
2024,Molson Coors Beverage,,352,Gavin Hattersley,,,,,,https://en.wikipedia.org/w/index.php?title=Molson_Coors&oldid=1236863611,https://en.wikipedia.org/wiki/Molson_Coors
2024,Caesars Entertainment,,353,Thomas Reeg,Thomas R. Reeg,,,,,https://en.wikipedia.org/w/index.php?title=Caesars_Entertainment&oldid=1236307485,https://en.wikipedia.org/wiki/Caesars_Entertainment
2024,Lincoln National,,354,Ellen Cooper,Ellen G. Cooper,,,,,https://en.wikipedia.org/w/index.php?title=Lincoln_National_Corporation&oldid=1240257061,https://en.wikipedia.org/wiki/Lincoln_National_Corporation
2024,VF,,355,Bracken Darrell,,,,,,https://en.wikipedia.org/w/index.php?title=VF_Corporation&oldid=1235032974,https://en.wikipedia.org/wiki/VF_Corporation
2024,International Flavors & Fragrances,,356,Erik Fyrwald,,,,,,https://en.wikipedia.org/w/index.php?title=International_Flavors_%26_Fragrances&oldid=1238157089,https://en.wikipedia.org/wiki/International_Flavors_&_Fragrances
2024,Huntington Ingalls Industries,,357,Christopher D. Kastner,Christopher Kastner,,,,,https://en.wikipedia.org/w/index.php?title=Huntington_Ingalls_Industries&oldid=1232634954,https://en.wikipedia.org/wiki/Huntington_Ingalls_Industries
2024,Advance Auto Parts,,358,Shane O'Kelly,,,,,,https://en.wikipedia.org/w/index.php?title=Advance_Auto_Parts&oldid=1234311540,https://en.wikipedia.org/wiki/Advance_Auto_Parts
2024,Public Service Enterprise Group,,359,Ralph LaRossa,,,,,,https://en.wikipedia.org/w/index.php?title=Public_Service_Enterprise_Group&oldid=1240661046,https://en.wikipedia.org/wiki/Public_Service_Enterprise_Group
2024,Ulta Beauty,,360,Dave Kimbell,,,,,,https://en.wikipedia.org/w/index.php?title=Ulta_Beauty&oldid=1234086277,https://en.wikipedia.org/wiki/Ulta_Beauty
2024,Hershey,,361,Michele Buck,Michele G. Buck,,,,,https://en.wikipedia.org/w/index.php?title=The_Hershey_Company&oldid=1234727376,https://en.wikipedia.org/wiki/The_Hershey_Company
2024,Chewy,,362,Sumit Singh,,,,,,https://en.wikipedia.org/w/index.php?title=Chewy_(company)&oldid=1232339074,https://en.wikipedia.org/wiki/Chewy_(company)
2024,American Tower,,363,Steven Vondran,,,,,,https://en.wikipedia.org/w/index.php?title=American_Tower&oldid=1229992444,https://en.wikipedia.org/wiki/American_Tower
2024,Mohawk Industries,,364,Jeffrey Lorberbaum,Jeffrey S. Lorberbaum,,,,,https://en.wikipedia.org/w/index.php?title=Mohawk_Industries&oldid=1230482183,https://en.wikipedia.org/wiki/Mohawk_Industries
2024,Assurant,,365,Keith W. Demmings,Keith Demmings,,,,,https://en.wikipedia.org/w/index.php?title=Assurant&oldid=1240203245,https://en.wikipedia.org/wiki/Assurant
2024,Thor Industries,,366,Bob Martin,,,,,,https://en.wikipedia.org/w/index.php?title=Thor_Industries&oldid=1243716402,https://en.wikipedia.org/wiki/Thor_Industries
2024,Graybar Electric,,367,Kathleen Mazzarella,Kathleen M. Mazzarella,,,,,https://en.wikipedia.org/w/index.php?title=Graybar&oldid=1239009563,https://en.wikipedia.org/wiki/Graybar
2024,Yum China Holdings,,368,Joey Wat,,,,,,https://en.wikipedia.org/w/index.php?title=Yum_China&oldid=1254951733,https://en.wikipedia.org/wiki/Yum_China
2024,Celanese,,369,Lori J. Ryerkerk,Lori Ryerkerk,,,,,https://en.wikipedia.org/w/index.php?title=Celanese&oldid=1225357663,https://en.wikipedia.org/wiki/Celanese
2024,QVC Group,Qurate Retail,370,David Rawlinson II,,,,,,https://en.wikipedia.org/w/index.php?title=QVC_Group&oldid=1232648917,https://en.wikipedia.org/wiki/QVC_Group
2024,Williams,,371,Alan S. Armstrong,Alan Armstrong,,,,,https://en.wikipedia.org/w/index.php?title=Williams_Companies&oldid=1256064810,https://en.wikipedia.org/wiki/Williams_Companies
2024,Interpublic Group,,372,Philippe Krakowsky,,,,,,https://en.wikipedia.org/w/index.php?title=The_Interpublic_Group_of_Companies&oldid=1234413125,https://en.wikipedia.org/wiki/The_Interpublic_Group_of_Companies
2024,Ovintiv,,373,Brendan McCracken,,,,,,https://en.wikipedia.org/w/index.php?title=Ovintiv&oldid=1236386022,https://en.wikipedia.org/wiki/Ovintiv
2024,Icahn Enterprises,,374,Andrew Teno,,,,,,https://en.wikipedia.org/w/index.php?title=Icahn_Enterprises&oldid=1236635428,https://en.wikipedia.org/wiki/Icahn_Enterprises
2024,Huntington Bancshares,,375,Stephen D. Steinour,Stephen Steinour,,,,,https://en.wikipedia.org/w/index.php?title=Huntington_Bancshares&oldid=1237353417,https://en.wikipedia.org/wiki/Huntington_Bancshares
2024,Erie Insurance Group,,376,Timothy G. NeCastro,,,,,,https://en.wikipedia.org/w/index.php?title=Erie_Insurance_Group&oldid=1238550595,https://en.wikipedia.org/wiki/Erie_Insurance_Group
2024,Carvana,,377,Ernest Garcia III,,,,,,https://en.wikipedia.org/w/index.php?title=Carvana&oldid=1236705923,https://en.wikipedia.org/wiki/Carvana
2024,Hess,,378,John B. Hess,John Hess,,,,,https://en.wikipedia.org/w/index.php?title=Hess&oldid=1227593426,https://en.wikipedia.org/wiki/Hess
2024,Dana,,379,James K. Kamsickas,James Kamsickas,,,,,https://en.wikipedia.org/w/index.php?title=Dana_Incorporated&oldid=1226786971,https://en.wikipedia.org/wiki/Dana_Incorporated
2024,Alcoa,,380,William F. Oplinger,,,,,,https://en.wikipedia.org/w/index.php?title=Alcoa&oldid=1235045748,https://en.wikipedia.org/wiki/Alcoa
2024,Equitable Holdings,,381,Mark Pearson,,,,,,https://en.wikipedia.org/w/index.php?title=Equitable_Holdings&oldid=1235870059,https://en.wikipedia.org/wiki/Equitable_Holdings
2024,KLA,,382,Richard P. Wallace,,,,,,https://en.wikipedia.org/w/index.php?title=KLA_Corporation&oldid=1238150358,https://en.wikipedia.org/wiki/KLA_Corporation
2024,Darden Restaurants,,383,Rick Cardenas,,,,,,https://en.wikipedia.org/w/index.php?title=Darden_Restaurants&oldid=1235167240,https://en.wikipedia.org/wiki/Darden_Restaurants
2024,Autoliv,,384,Jan Carlson,,,,,,https://en.wikipedia.org/w/index.php?title=Autoliv&oldid=1232640674,https://en.wikipedia.org/wiki/Autoliv
2024,Alaska Air Group,,385,Ben Minicucci,,,,,,https://en.wikipedia.org/w/index.php?title=Alaska_Air_Group&oldid=1230816087,https://en.wikipedia.org/wiki/Alaska_Air_Group
2024,KeyCorp,,386,Chris Gorman,,,,,,https://en.wikipedia.org/w/index.php?title=KeyBank&oldid=1233341021,https://en.wikipedia.org/wiki/KeyBank
2024,Las Vegas Sands,,387,Robert G. Goldstein,,,,,,https://en.wikipedia.org/w/index.php?title=Las_Vegas_Sands&oldid=1236606657,https://en.wikipedia.org/wiki/Las_Vegas_Sands
2024,Accendra Health,,388,Edward A. Pesicka,,,,,,https://en.wikipedia.org/w/index.php?title=Accendra_Health&oldid=1236350764,https://en.wikipedia.org/wiki/Accendra_Health
2024,Hilton Worldwide Holdings,,389,Christopher J. Nassetta,Christopher Nassetta,,,,,https://en.wikipedia.org/w/index.php?title=Hilton_Worldwide&oldid=1235336865,https://en.wikipedia.org/wiki/Hilton_Worldwide
2024,Ebay,,390,Jamie Iannone,,,,,,https://en.wikipedia.org/w/index.php?title=Ebay&oldid=1253366551,https://en.wikipedia.org/wiki/Ebay
2024,Arthur J. Gallagher,,391,J. Patrick Gallagher Jr.,,,,,,https://en.wikipedia.org/w/index.php?title=Arthur_J._Gallagher_%26_Co.&oldid=1226026222,https://en.wikipedia.org/wiki/Arthur_J._Gallagher_&_Co.
2024,LPL Financial Holdings,,392,Dan Arnold,Dan H. Arnold,,,,,https://en.wikipedia.org/w/index.php?title=LPL_Financial&oldid=1236627882,https://en.wikipedia.org/wiki/LPL_Financial
2024,Cincinnati Financial,,393,Stephen M. Spray,,,,,,https://en.wikipedia.org/w/index.php?title=Cincinnati_Financial&oldid=1232158524,https://en.wikipedia.org/wiki/Cincinnati_Financial
2024,Toll Brothers,,394,Douglas C. Yearley Jr.,,,,,,https://en.wikipedia.org/w/index.php?title=Toll_Brothers&oldid=1240946047,https://en.wikipedia.org/wiki/Toll_Brothers
2024,Motorola Solutions,,395,Greg Brown,,,,,,https://en.wikipedia.org/w/index.php?title=Motorola_Solutions&oldid=1234960371,https://en.wikipedia.org/wiki/Motorola_Solutions
2024,Airbnb,,396,Brian Chesky,,,,,,https://en.wikipedia.org/w/index.php?title=Airbnb&oldid=1234461302,https://en.wikipedia.org/wiki/Airbnb
2024,Intercontinental Exchange,,397,Jeffrey Sprecher,Jeffrey C. Sprecher,,,,,https://en.wikipedia.org/w/index.php?title=Intercontinental_Exchange&oldid=1230332714,https://en.wikipedia.org/wiki/Intercontinental_Exchange
2024,News Corp.,,398,Robert James Thomson,,,,,,https://en.wikipedia.org/w/index.php?title=News_Corp&oldid=1235929102,https://en.wikipedia.org/wiki/News_Corp
2024,Chipotle Mexican Grill,,399,Brian Niccol,Brian R. Niccol,,,,,https://en.wikipedia.org/w/index.php?title=Chipotle_Mexican_Grill&oldid=1234654672,https://en.wikipedia.org/wiki/Chipotle_Mexican_Grill
2024,Vertex Pharmaceuticals,,400,Reshma Kewalramani,,,,,,https://en.wikipedia.org/w/index.php?title=Vertex_Pharmaceuticals&oldid=1234267853,https://en.wikipedia.org/wiki/Vertex_Pharmaceuticals
2024,Biogen,,401,Chris Viehbacher,,,,,,https://en.wikipedia.org/w/index.php?title=Biogen&oldid=1237557485,https://en.wikipedia.org/wiki/Biogen
2024,GXO Logistics,,402,Malcolm Wilson,,,,,,https://en.wikipedia.org/w/index.php?title=GXO_Logistics&oldid=1235576170,https://en.wikipedia.org/wiki/GXO_Logistics
2024,SpartanNash,,403,Tony B. Sarsam,,,,,,https://en.wikipedia.org/w/index.php?title=SpartanNash&oldid=1232968744,https://en.wikipedia.org/wiki/SpartanNash
2024,Burlington Stores,,404,Michael O'Sullivan,,,,,,https://en.wikipedia.org/w/index.php?title=Burlington_Stores&oldid=1209158509,https://en.wikipedia.org/wiki/Burlington_Stores
2024,Thrivent Financial,Thrivent Financial for Lutherans,405,Teresa J. Rasmussen,Teresa Rasmussen,,,,,https://en.wikipedia.org/w/index.php?title=Thrivent&oldid=1239234722,https://en.wikipedia.org/wiki/Thrivent
2024,NVR,,406,Eugene J. Bredow,Eugene Bredow,,,,,"https://en.wikipedia.org/w/index.php?title=NVR,_Inc.&oldid=1247778511","https://en.wikipedia.org/wiki/NVR,_Inc."
2024,Owens Corning,,407,Brian Chambers,Brian D. Chambers,,,,,https://en.wikipedia.org/w/index.php?title=Owens_Corning&oldid=1234347007,https://en.wikipedia.org/wiki/Owens_Corning
2024,Westinghouse Air Brake,Westinghouse Air Brake Technologies,407,Rafael O. Santana,Rafael Santana,,,,,https://en.wikipedia.org/w/index.php?title=Westinghouse_Air_Brake_Company&oldid=1229773847,https://en.wikipedia.org/wiki/Westinghouse_Air_Brake_Company
2024,Oshkosh,,409,John Pfeifer,John C. Pfeifer,,,,,https://en.wikipedia.org/w/index.php?title=Oshkosh_Corporation&oldid=1235933076,https://en.wikipedia.org/wiki/Oshkosh_Corporation
2024,Global Payments,,410,Cameron M. Bready,,,,,,https://en.wikipedia.org/w/index.php?title=Global_Payments&oldid=1237386163,https://en.wikipedia.org/wiki/Global_Payments
2024,Lululemon athletica,,411,Calvin McDonald,,,,,,https://en.wikipedia.org/w/index.php?title=Lululemon&oldid=1234717405,https://en.wikipedia.org/wiki/Lululemon
2024,Albemarle,,412,J. Kent Masters,Kent Masters,,,,,https://en.wikipedia.org/w/index.php?title=Albemarle&oldid=1240872046,https://en.wikipedia.org/wiki/Albemarle
2024,JetBlue Airways,,413,Joanna Geraghty,,,,,,https://en.wikipedia.org/w/index.php?title=JetBlue&oldid=1234661321,https://en.wikipedia.org/wiki/JetBlue
2024,Seaboard,,414,Robert L. Steer,Robert Steer,,,,,https://en.wikipedia.org/w/index.php?title=Seaboard_Corporation&oldid=1223926018,https://en.wikipedia.org/wiki/Seaboard_Corporation
2024,Constellation Brands,,415,Bill Newlands,,,,,,https://en.wikipedia.org/w/index.php?title=Constellation_Brands&oldid=1234760222,https://en.wikipedia.org/wiki/Constellation_Brands
2024,Graphic Packaging Holding,,416,Michael P. Doss,Michael Doss,,,,,https://en.wikipedia.org/w/index.php?title=Graphic_Packaging&oldid=1229694097,https://en.wikipedia.org/wiki/Graphic_Packaging
2024,Hertz Global Holdings,,417,Gil West,,,,,,https://en.wikipedia.org/w/index.php?title=Hertz_Global_Holdings&oldid=1230679739,https://en.wikipedia.org/wiki/Hertz_Global_Holdings
2024,FM,,418,Malcolm C. Roberts,Malcolm Roberts,,,,,https://en.wikipedia.org/w/index.php?title=FM_(insurance)&oldid=1237839364,https://en.wikipedia.org/wiki/FM_(insurance)
2024,Campbell's,Campbell Soup,419,Mark Clouse,Mark A. Clouse,,,,,https://en.wikipedia.org/w/index.php?title=Campbell's&oldid=1234347840,https://en.wikipedia.org/wiki/Campbell's
2024,Expeditors Intl. of Washington,Expeditors International of Washington,420,Jeffrey S. Musser,,,,,,https://en.wikipedia.org/w/index.php?title=Expeditors_International&oldid=1238240879,https://en.wikipedia.org/wiki/Expeditors_International
2024,Gold.com,A-Mark Precious Metals,421,Gregory Roberts,Gregory N. Roberts,,,,,,
2024,Booz Allen Hamilton Holding,,422,Horacio D. Rozanski,Horacio Rozanski,,,,,https://en.wikipedia.org/w/index.php?title=Booz_Allen_Hamilton_Holding&oldid=1243678581,https://en.wikipedia.org/wiki/Booz_Allen_Hamilton_Holding
2024,Quest Diagnostics,,423,Jim Davis,,,,,,https://en.wikipedia.org/w/index.php?title=Quest_Diagnostics&oldid=1234101628,https://en.wikipedia.org/wiki/Quest_Diagnostics
2024,Optimum Communications,Altice USA,424,Dennis Mathew,,,,,,https://en.wikipedia.org/w/index.php?title=Optimum_Communications&oldid=1235348571,https://en.wikipedia.org/wiki/Optimum_Communications
2024,PVH,,425,Stefan Larsson,,,,,,https://en.wikipedia.org/w/index.php?title=PVH_Corp.&oldid=1231082164,https://en.wikipedia.org/wiki/PVH_Corp.
2024,Eastman Chemical,,426,Mark J. Costa,,,,,,https://en.wikipedia.org/w/index.php?title=Eastman_Chemical_Company&oldid=1240718622,https://en.wikipedia.org/wiki/Eastman_Chemical_Company
2024,Insight Enterprises,,427,Joyce Mullen,,,,,,https://en.wikipedia.org/w/index.php?title=Insight_Enterprises&oldid=1241435576,https://en.wikipedia.org/wiki/Insight_Enterprises
2024,Regions Financial,,428,John M. Turner Jr.,,,,,,https://en.wikipedia.org/w/index.php?title=Regions_Financial_Corporation&oldid=1239585231,https://en.wikipedia.org/wiki/Regions_Financial_Corporation
2024,QXO Building Products,Beacon Roofing Supply,429,Julian G. Francis,Julian Francis,,,,,https://en.wikipedia.org/w/index.php?title=QXO&oldid=1230764148,https://en.wikipedia.org/wiki/QXO
2024,Rockwell Automation,,430,Blake Moret,Blake D. Moret,,,,,https://en.wikipedia.org/w/index.php?title=Rockwell_Automation&oldid=1235547981,https://en.wikipedia.org/wiki/Rockwell_Automation
2024,Polaris,,431,Michael T. Speetzen,Michael Speetzen; Mike Speetzen,,,,,https://en.wikipedia.org/w/index.php?title=Polaris&oldid=1234687245,https://en.wikipedia.org/wiki/Polaris
2024,ServiceNow,,432,Bill McDermott,,,,,,https://en.wikipedia.org/w/index.php?title=ServiceNow&oldid=1234668450,https://en.wikipedia.org/wiki/ServiceNow
2024,Sanmina,,433,Jure Sola,,,,,,https://en.wikipedia.org/w/index.php?title=Sanmina_Corporation&oldid=1234034026,https://en.wikipedia.org/wiki/Sanmina_Corporation
2024,UGI,,434,Mario Longhi,,,,,,,
2024,WEC Energy Group,,435,Scott Lauber,,,,,,https://en.wikipedia.org/w/index.php?title=WEC_Energy_Group&oldid=1227401028,https://en.wikipedia.org/wiki/WEC_Energy_Group
2024,BrightSpring Health Services,,436,Jon B. Rousseau,Jon Rousseau,,,,,,
2024,Cintas,,437,Todd Schneider,Todd M. Schneider,,,,,https://en.wikipedia.org/w/index.php?title=Cintas&oldid=1237130409,https://en.wikipedia.org/wiki/Cintas
2024,Commercial Metals,,438,Peter R. Matt,,,,,,https://en.wikipedia.org/w/index.php?title=Commercial_Metals_Company&oldid=1235793747,https://en.wikipedia.org/wiki/Commercial_Metals_Company
2024,Continental Resources,,439,Doug Lawler,,,,,,https://en.wikipedia.org/w/index.php?title=Continental_Resources&oldid=1238095767,https://en.wikipedia.org/wiki/Continental_Resources
2024,Expand Energy,Chesapeake Energy,440,Domenic J. Dell'Osso Jr.,,,,,,https://en.wikipedia.org/w/index.php?title=Expand_Energy&oldid=1226462407,https://en.wikipedia.org/wiki/Expand_Energy
2024,CenterPoint Energy,,441,Jason P. Wells,,,,,,https://en.wikipedia.org/w/index.php?title=CenterPoint_Energy&oldid=1234749220,https://en.wikipedia.org/wiki/CenterPoint_Energy
2024,NGL Energy Partners,,442,H. Michael Krimbill,Michael Krimbill,,,,,,
2024,DoorDash,,443,Tony Xu,,,,,,https://en.wikipedia.org/w/index.php?title=DoorDash&oldid=1234734143,https://en.wikipedia.org/wiki/DoorDash
2024,NOV,,444,Clay C. Williams,,,,,,https://en.wikipedia.org/w/index.php?title=NOV_Inc.&oldid=1225397600,https://en.wikipedia.org/wiki/NOV_Inc.
2024,Zoetis,,445,Kristin Peck,Kristin C. Peck,,,,,https://en.wikipedia.org/w/index.php?title=Zoetis&oldid=1237223715,https://en.wikipedia.org/wiki/Zoetis
2024,J.M. Smucker,,446,Mark T. Smucker,Mark Smucker,,,,,https://en.wikipedia.org/w/index.php?title=The_J.M._Smucker_Company&oldid=1229878914,https://en.wikipedia.org/wiki/The_J.M._Smucker_Company
2024,Microchip Technology,,447,Ganesh Moorthy,,,,,,https://en.wikipedia.org/w/index.php?title=Microchip_Technology&oldid=1237716231,https://en.wikipedia.org/wiki/Microchip_Technology
2024,Dover,,448,Richard J. Tobin,Richard Tobin,,,,,https://en.wikipedia.org/w/index.php?title=Dover_Corporation&oldid=1234791365,https://en.wikipedia.org/wiki/Dover_Corporation
2024,Diamondback Energy,,449,Travis D. Stice,Travis Stice,,,,,https://en.wikipedia.org/w/index.php?title=Diamondback_Energy&oldid=1239562533,https://en.wikipedia.org/wiki/Diamondback_Energy
2024,Avery Dennison,,450,Deon Stander,,,,,,https://en.wikipedia.org/w/index.php?title=Avery_Dennison&oldid=1236479987,https://en.wikipedia.org/wiki/Avery_Dennison
2024,PPL,,451,Vincent Sorgi,,,,,,https://en.wikipedia.org/w/index.php?title=PPL_Corporation&oldid=1234653927,https://en.wikipedia.org/wiki/PPL_Corporation
2024,ON Semiconductor,,452,Hassane El-Khoury,,,,,,,
2024,ARKO,,453,Arie Kotler,,,,,,,
2024,Par Pacific Holdings,,454,William Pate,William C. Pate,,,,,https://en.wikipedia.org/w/index.php?title=Par_Pacific_Holdings&oldid=1237742098,https://en.wikipedia.org/wiki/Par_Pacific_Holdings
2024,APA,,455,John J. Christmann IV,,,,,,https://en.wikipedia.org/w/index.php?title=APA_Corporation&oldid=1233080036,https://en.wikipedia.org/wiki/APA_Corporation
2024,Equinix,,456,Charles J. Meyers,,,,,,https://en.wikipedia.org/w/index.php?title=Equinix&oldid=1233700651,https://en.wikipedia.org/wiki/Equinix
2024,Flagstar Bank,,457,Joseph Otting,,,,,,https://en.wikipedia.org/w/index.php?title=Flagstar_Bank&oldid=1247674611,https://en.wikipedia.org/wiki/Flagstar_Bank
2024,Foot Locker,,458,Mary Dillon,Mary N. Dillon,,,,,https://en.wikipedia.org/w/index.php?title=Foot_Locker&oldid=1234821322,https://en.wikipedia.org/wiki/Foot_Locker
2024,Ingredion,,459,James Zallie,,,,,,https://en.wikipedia.org/w/index.php?title=Ingredion&oldid=1244452289,https://en.wikipedia.org/wiki/Ingredion
2024,Newell Brands,,460,Chris Peterson,,,,,,https://en.wikipedia.org/w/index.php?title=Newell_Brands&oldid=1234426725,https://en.wikipedia.org/wiki/Newell_Brands
2024,ABM Industries,,461,Scott Salmirs,Scott B. Salmirs,,,,,https://en.wikipedia.org/w/index.php?title=ABM_Industries&oldid=1225817499,https://en.wikipedia.org/wiki/ABM_Industries
2024,Securian Financial Group,,462,Christopher M. Hilger,,,,,,https://en.wikipedia.org/w/index.php?title=Securian_Financial_Group&oldid=1221859574,https://en.wikipedia.org/wiki/Securian_Financial_Group
2024,Prologis,,463,Hamid Moghadam,,,,,,https://en.wikipedia.org/w/index.php?title=Prologis&oldid=1230854264,https://en.wikipedia.org/wiki/Prologis
2024,Blackstone,,464,Stephen Schwarzman,Stephen A. Schwarzman,,,,,https://en.wikipedia.org/w/index.php?title=Blackstone_Inc.&oldid=1235040107,https://en.wikipedia.org/wiki/Blackstone_Inc.
2024,Skechers U.S.A.,,465,Robert Greenberg,,,,,,https://en.wikipedia.org/w/index.php?title=Skechers&oldid=1237311855,https://en.wikipedia.org/wiki/Skechers
2024,Masco,,466,Keith J. Allman,Keith Allman,,,,,https://en.wikipedia.org/w/index.php?title=Masco&oldid=1228232783,https://en.wikipedia.org/wiki/Masco
2024,Rush Enterprises,,467,W. Marvin Rush,W.M. Rush; Rusy Rush,,,,,https://en.wikipedia.org/w/index.php?title=Rush_Enterprises&oldid=1193364241,https://en.wikipedia.org/wiki/Rush_Enterprises
2024,Franklin Resources,,468,Jennifer M. Johnson,,,,,,https://en.wikipedia.org/w/index.php?title=Franklin_Templeton&oldid=1245185631,https://en.wikipedia.org/wiki/Franklin_Templeton
2024,ODP,,469,Gerry P. Smith,Gerry Smith,,,,,https://en.wikipedia.org/w/index.php?title=ODP&oldid=1244988052,https://en.wikipedia.org/wiki/ODP
2024,American Financial Group,,470,S. Craig Lindner,,Carl H. Lindner III,,,,https://en.wikipedia.org/w/index.php?title=American_Financial_Group&oldid=1212232362,https://en.wikipedia.org/wiki/American_Financial_Group
2024,Packaging Corp. of America,,471,Mark W. Kowlzan,Mark Kowlzan,,,,,https://en.wikipedia.org/w/index.php?title=Packaging_Corporation_of_America&oldid=1241302512,https://en.wikipedia.org/wiki/Packaging_Corporation_of_America
2024,Vulcan Materials,,472,J. Thomas Hill,,,,,,https://en.wikipedia.org/w/index.php?title=Vulcan_Materials_Company&oldid=1239588727,https://en.wikipedia.org/wiki/Vulcan_Materials_Company
2024,Interactive Brokers Group,,473,Milan Galik,,,,,,https://en.wikipedia.org/w/index.php?title=Interactive_Brokers&oldid=1235999327,https://en.wikipedia.org/wiki/Interactive_Brokers
2024,Williams-Sonoma,,474,Laura Alber,,,,,,"https://en.wikipedia.org/w/index.php?title=Williams-Sonoma,_Inc.&oldid=1229254041","https://en.wikipedia.org/wiki/Williams-Sonoma,_Inc."
2024,XPO,,475,Mario Harik,Mario A. Harik,,,,,"https://en.wikipedia.org/w/index.php?title=XPO,_Inc.&oldid=1233612273","https://en.wikipedia.org/wiki/XPO,_Inc."
2024,Weyerhaeuser,,476,Devin Stockfish,Devin W. Stockfish,,,,,https://en.wikipedia.org/w/index.php?title=Weyerhaeuser&oldid=1234203566,https://en.wikipedia.org/wiki/Weyerhaeuser
2024,Genworth Financial,,477,Tom McInerney,,,,,,https://en.wikipedia.org/w/index.php?title=Genworth_Financial&oldid=1240257051,https://en.wikipedia.org/wiki/Genworth_Financial
2024,CMS Energy,,478,Garrick Rochow,Garrick J. Rochow,,,,,https://en.wikipedia.org/w/index.php?title=CMS_Energy&oldid=1216418247,https://en.wikipedia.org/wiki/CMS_Energy
2024,Science Applications International,,479,Toni TownesWhitley,,,,,,https://en.wikipedia.org/w/index.php?title=Science_Applications_International_Corporation&oldid=1230999663,https://en.wikipedia.org/wiki/Science_Applications_International_Corporation
2024,Jefferies Financial Group,,480,Richard B. Handler,,,,,,https://en.wikipedia.org/w/index.php?title=Jefferies_Financial_Group&oldid=1240393354,https://en.wikipedia.org/wiki/Jefferies_Financial_Group
2024,Bath & Body Works,,481,Gina Boswell,,,,,,https://en.wikipedia.org/w/index.php?title=Bath_&_Body_Works&oldid=1226688274,https://en.wikipedia.org/wiki/Bath_
2024,Electronic Arts,,482,Andrew Wilson,,,,,,https://en.wikipedia.org/w/index.php?title=Electronic_Arts&oldid=1234373657,https://en.wikipedia.org/wiki/Electronic_Arts
2024,Taylor Morrison Home,,483,Sheryl D. Palmer,Sheryl Palmer,,,,,https://en.wikipedia.org/w/index.php?title=Taylor_Morrison&oldid=1230007880,https://en.wikipedia.org/wiki/Taylor_Morrison
2024,Zimmer Biomet Holdings,,484,Ivan Tornos,,,,,,https://en.wikipedia.org/w/index.php?title=Zimmer_Biomet&oldid=1239907586,https://en.wikipedia.org/wiki/Zimmer_Biomet
2024,Clorox,,485,Linda Rendle,,,,,,https://en.wikipedia.org/w/index.php?title=Clorox&oldid=1232920274,https://en.wikipedia.org/wiki/Clorox
2024,Xylem,,486,Matthew Pine,,,,,,https://en.wikipedia.org/w/index.php?title=Xylem_Inc.&oldid=1234934506,https://en.wikipedia.org/wiki/Xylem_Inc.
2024,Voya Financial,,487,Heather Lavallee,,,,,,https://en.wikipedia.org/w/index.php?title=Voya_Financial&oldid=1232159240,https://en.wikipedia.org/wiki/Voya_Financial
2024,Fastenal,,488,Daniel L. Florness,,,,,,https://en.wikipedia.org/w/index.php?title=Fastenal&oldid=1228503864,https://en.wikipedia.org/wiki/Fastenal
2024,Watsco,,489,Albert H. Nahmad,Albert Nahmad,,,,,https://en.wikipedia.org/w/index.php?title=Watsco&oldid=1212227075,https://en.wikipedia.org/wiki/Watsco
2024,Workday,,490,Carl Eschenbach,,,,,,"https://en.wikipedia.org/w/index.php?title=Workday,_Inc.&oldid=1234581494","https://en.wikipedia.org/wiki/Workday,_Inc."
2024,Old Republic International,,491,Craig R. Smiddy,Craig Smiddy,,,,,https://en.wikipedia.org/w/index.php?title=Old_Republic_International&oldid=1212234107,https://en.wikipedia.org/wiki/Old_Republic_International
2024,RPM International,,492,Frank C. Sullivan,,,,,,https://en.wikipedia.org/w/index.php?title=RPM_International&oldid=1241005536,https://en.wikipedia.org/wiki/RPM_International
2024,UFP Industries,,493,Matt Missad,,,,,,https://en.wikipedia.org/w/index.php?title=UFP_Industries&oldid=1234085429,https://en.wikipedia.org/wiki/UFP_Industries
2024,Ameren,,494,Martin J. Lyons Jr.,,,,,,https://en.wikipedia.org/w/index.php?title=Ameren&oldid=1241153544,https://en.wikipedia.org/wiki/Ameren
2024,Knight-Swift Transportation Hldgs.,Knight-Swift Transportation Holdings,495,Adam W. Miller,Adam Miller,,,,,,
2024,Monster Beverage,,496,Rodney Sacks,,Hilton Schlosberg,,,,https://en.wikipedia.org/w/index.php?title=Monster_Beverage&oldid=1240327189,https://en.wikipedia.org/wiki/Monster_Beverage
2024,Intuitive Surgical,,497,Gary S. Guthart,,,,,,https://en.wikipedia.org/w/index.php?title=Intuitive_Surgical&oldid=1235298449,https://en.wikipedia.org/wiki/Intuitive_Surgical
2024,Super Micro Computer,,498,Charles Liang,,,,,,https://en.wikipedia.org/w/index.php?title=Supermicro&oldid=1233524679,https://en.wikipedia.org/wiki/Supermicro
2024,Concentrix,,499,Christopher Caldwell,,,,,,https://en.wikipedia.org/w/index.php?title=Concentrix&oldid=1230386772,https://en.wikipedia.org/wiki/Concentrix
2024,O-I Glass,,500,Gordon Hardie,,,,,,https://en.wikipedia.org/w/index.php?title=O-I_Glass&oldid=1232158954,https://en.wikipedia.org/wiki/O-I_Glass
2023,Walmart,,1,Doug McMillon,Douglas McMillon,,,,,,
2023,Amazon,Amazon.com,2,Andy Jassy,Andrew Jassy; Andrew R. Jassy,,,,,,
2023,ExxonMobil Holdings,Exxon Mobil,3,Darren Woods,Darren W. Woods,,,,,,
2023,Apple,,4,Tim Cook,Timothy D. Cook,,,,,,
2023,UnitedHealth Group,,5,Andrew Witty,Andrew P. Witty,,,,,,
2023,CVS Health,,6,Karen S. Lynch,Karen Lynch,,,,,,
2023,Berkshire Hathaway,,7,Warren Buffett,Warren E. Buffett,,,,,,
2023,Alphabet,,8,Sundar Pichai,,,,,,,
2023,McKesson,,9,Brian S. Tyler,Brian Tyler,,,,,,
2023,Chevron,,10,Michael K. Wirth,Michael Wirth,,,,,,
2023,Cencora,AmerisourceBergen,11,Steven H. Collis,Steven Collis,,,,,,
2023,Costco Wholesale,,12,Craig Jelinek,,,,,,,
2023,Microsoft,,13,Satya Nadella,,,,,,,
2023,Cardinal Health,,14,Jason Hollar,,,,,,,
2023,Cigna Group,,15,David Cordani,David M. Cordani,,,,,,
2023,Marathon Petroleum,,16,Michael J. Hennigan,Michael Hennigan,,,,,,
2023,Phillips 66,,17,Mark Lashier,,,,,,,
2023,Valero Energy,,18,Joseph W. Gorder,Joseph Gorder,,,,,,
2023,Ford Motor,,19,Jim Farley,,,,,,,
2023,Home Depot,,20,Ted Decker,,,,,,,
2023,General Motors,,21,Mary T. Barra,Mary Barra,,,,,,
2023,Elevance Health,,22,Gail K. Boudreaux,Gail Boudreaux,,,,,,
2023,JPMorgan Chase,,23,Jamie Dimon,,,,,,,
2023,Kroger,,24,Rodney Mcmullen,,,,,,,
2023,Centene,,25,Sarah London,Sarah M. London,,,,,,
2023,Verizon Communications,,26,Hans Vestberg,Hans E. Vestberg,,,,,,
2023,Walgreens Boots Alliance,,27,Roz Brewer,,,,,,,
2023,Fannie Mae,,28,Priscilla Almodovar,,,,,,,
2023,Comcast,,29,Brian L. Roberts,Brian Roberts,,,,,,
2023,AT&T,,30,John T. Stankey,John Stankey,,,,,,
2023,Meta Platforms,,31,Mark Zuckerberg,,,,,,,
2023,Bank of America,,32,Brian Moynihan,,,,,,,
2023,Target,,33,Brian C. Cornell,Brian Cornell,,,,,,
2023,Dell Technologies,,34,Michael Dell,Michael S. Dell,,,,,,
2023,Archer Daniels Midland,,35,Juan Luciano,Juan R. Luciano,,,,,,
2023,Citigroup,,36,Jane Fraser,,,,,,,
2023,UPS,United Parcel Service,37,Carol B. Tome,Carol Tome,,,,,,
2023,Pfizer,,38,Albert Bourla,,,,,,,
2023,Lowe's,,39,Marvin Ellison,Marvin R. Ellison,,,,,,
2023,Johnson & Johnson,,40,Joaquin Duato,,,,,,,
2023,FedEx,,41,Raj Subramaniam,,,,,,,
2023,Humana,,42,Bruce D. Broussard,Bruce Broussard,,,,,,
2023,Energy Transfer,,43,Thomas E. Long,Thomas Long,Marshall S. McCrea III,Marshall McCrea III; Marshall McCrea,,,,
2023,State Farm Insurance,,44,Michael L. Tipsord,Michael Tipsord,,,,,,
2023,Freddie Mac,,45,Michael Devito,,,,,,,
2023,PepsiCo,,46,Ramon Laguarta,Ramon L. Laguarta,,,,,,
2023,Wells Fargo,,47,Charles Scharf,Charles W. Scharf,,,,,,
2023,Walt Disney,,48,Robert A. Chapek,Robert Chapek,,,,,,
2023,ConocoPhillips,,49,Ryan Lance,Ryan M. Lance,,,,,,
2023,Tesla,,50,Elon Musk,,,,,,,
2023,Procter & Gamble,,51,Jon R. Moeller,Jon Moeller,,,,,,
2023,GE Aerospace,General Electric,52,Lawrence Culp,,,,,,,
2023,Albertsons,,53,Vivek Sankaran,,,,,,,
2023,MetLife,,54,Michel A. Khalaf,Michel Khalaf,,,,,,
2023,Goldman Sachs Group,,55,David M. Solomon,David Solomon,,,,,,
2023,Sysco,,56,Kevin Hourican,Kevin P. Hourican,,,,,,
2023,RTX,Raytheon Technologies,57,Gregory J. Hayes,Gregory Hayes,,,,,,
2023,Boeing,,58,David L. Calhoun,David Calhoun,,,,,,
2023,StoneX Group,,59,Sean M. O'Connor,Sean O'Connor,,,,,,
2023,Lockheed Martin,,60,Jim Taiclet,,,,,,,
2023,Morgan Stanley,,61,James P. Gorman,James Gorman,,,,,,
2023,Intel,,62,Patrick P. Gelsinger,Patrick Gelsinger; Pat Gelsinger,,,,,,
2023,HP,,63,Enrique Lores,Enrique J. Lores,,,,,,
2023,TD Synnex,,64,Richard T. Hume,Richard Hume; Rich Hume,,,,,,
2023,IBM,International Business Machines,65,Arvind Krishna,,,,,,,
2023,HCA Healthcare,,66,Samuel N. Hazen,Samuel Hazen; Sam Hazen,,,,,,
2023,Prudential Financial,,67,Charles F. Lowrey,Charles Lowrey,,,,,,
2023,Caterpillar,,68,Jim Umpleby,,,,,,,
2023,Merck,,69,Robert M. Davis,Robert Davis,,,,,,
2023,World Kinect,World Fuel Services,70,Michael J. Kasbar,Michael Kasbar,,,,,,
2023,New York Life Insurance,,71,Craig Desanto,,,,,,,
2023,Enterprise Products Partners,,72,W. Randall Fowler,,James Teague,A.J. Teague; Jim Teague,,,,
2023,AbbVie,,73,Richard A. Gonzalez,Richard Gonzalez,,,,,,
2023,Plains GP Holdings,,74,Willie Chiang,,,,,,,
2023,Dow,,75,James R. Fitterling,James Fitterling,,,,,,
2023,AIG,American International Group,76,Peter S. Zaffino,Peter Zaffino,,,,,,
2023,American Express,,77,Stephen J. Squeri,Stephen Squeri,,,,,,
2023,Publix Super Markets,,78,Todd Jones,,,,,,,
2023,Charter Communications,,79,Christopher Winfrey,,,,,,,
2023,Tyson Foods,,80,Donnie King,Donnie D. King,,,,,,
2023,Deere,,81,John C. May,John May,,,,,,
2023,Cisco Systems,,82,Chuck Robbins,,,,,,,
2023,Nationwide,,83,Kirt Walker,Kirt A. Walker,,,,,,
2023,Allstate,,84,Tom Wilson,,,,,,,
2023,Delta Air Lines,,85,Ed Bastian,,,,,,,
2023,Liberty Mutual Insurance Group,,86,Timothy Sweeney,,,,,,,
2023,TJX,,87,Ernie Herrman,Ernie L. Herrman,,,,,,
2023,Progressive,,88,Tricia Griffith,,,,,,,
2023,American Airlines Group,,89,Robert D. Isom,Robert Isom,,,,,,
2023,CHS,,90,Jay D. Debertin,Jay Debertin,,,,,,
2023,Performance Food Group,,91,George L. Holm,George Holm,,,,,,
2023,PBF Energy,,92,Thomas J. Nimbley,Thomas Nimbley,,,,,,
2023,Nike,,93,John Donahoe,,,,,,,
2023,Best Buy,,94,Corie Barry,Corie S. Barry,,,,,,
2023,Bristol-Myers Squibb,,95,Giovanni Caforio,,,,,,,
2023,United Airlines Holdings,,96,John Scott Kirby,Scott Kirby,,,,,,
2023,Thermo Fisher Scientific,,97,Marc N. Casper,Marc Casper,,,,,,
2023,Qualcomm,,98,Cristiano Amon,,,,,,,
2023,Abbott Laboratories,,99,Robert B. Ford,Robert Ford,,,,,,
2023,Coca-Cola,,100,James Quincey,James R. Quincey,,,,,,
2023,Oracle,,101,Safra Catz,Safra A. Catz,,,,,,
2023,Nucor,,102,Leon Topalian,Leon J. Topalian,,,,,,
2023,TIAA,,103,Thasunda Brown Duckett,Thasunda Duckett,,,,,,
2023,Massachusetts Mutual Life,Massachusetts Mutual Life Insurance,104,Roger W. Crandall,Roger Crandall,,,,,,
2023,General Dynamics,,105,Phebe Novakovic,Phebe N. Novakovic,,,,,,
2023,Capital One Financial,,106,Richard Fairbank,Richard D. Fairbank,,,,,,
2023,HF Sinclair,,107,Tim Go,,,,,,,
2023,Dollar General,,108,Jeffery Owen,,,,,,,
2023,Arrow Electronics,,109,Sean Kerins,Sean J. Kerins,,,,,,
2023,Occidental Petroleum,,110,Vicki Hollub,,,,,,,
2023,Northwestern Mutual,,111,John Schlifske,,,,,,,
2023,Travelers,,112,Alan Schnitzer,,,,,,,
2023,Northrop Grumman,,113,Kathy Warden,,,,,,,
2023,USAA,United Services Automobile Assn.,114,Wayne Peacock,,,,,,,
2023,Honeywell International,,115,Vimal Kapur,,,,,,,
2023,3M,,116,Michael F. Roman,Michael Roman,,,,,,
2023,US Foods Holding,,117,David Flitman,,,,,,,
2023,Warner Bros. Discovery,,118,David M. Zaslav,David Zaslav,,,,,,
2023,Lennar,,119,Jonathan M. Jaffe,Jonathan Jaffe,,,,,,
2023,D.R. Horton,,120,David V. Auld,David Auld,,,,,,
2023,Jabil,,121,Mark T. Mondello,Mark Mondello,,,,,,
2023,Cheniere Energy,,122,Jack Fusco,Jack A. Fusco,,,,,,
2023,Broadcom,,123,Hock Tan,Hock E. Tan,,,,,,
2023,CarMax,,124,William D. Nash,William Nash; Bill Nash,,,,,,
2023,Starbucks,,125,Laxman Narasimhan,,,,,,,
2023,Molina Healthcare,,126,Joseph M. Zubretsky,Joseph Zubretsky,,,,,,
2023,Uber Technologies,,127,Dara Khosrowshahi,,,,,,,
2023,Philip Morris International,,128,Jacek Olczak,,,,,,,
2023,Netflix,,129,Ted Sarandos,,Greg Peters,,,,,
2023,NRG Energy,,130,Mauricio Gutierrez,,,,,,,
2023,Mondelez International,,131,Dirk Van De Put,,,,,,,
2023,Danaher,,132,Rainer Blair,Rainer M. Blair,,,,,,
2023,Salesforce,,133,Marc Benioff,Marc R. Benioff,,,,,,
2023,Paramount Skydance,Paramount Global,134,Robert M. Bakish,Robert Bakish; Bob Bakish,,,,,,
2023,CBRE Group,,135,Robert E. Sulentic,Robert Sulentic; Bob Sulentic,,,,,,
2023,Micron Technology,,136,Sanjay Mehrotra,,,,,,,
2023,Visa,,137,Ryan Mcinerney,,,,,,,
2023,Southern,,138,Christopher C. Womack,Christopher Womack,,,,,,
2023,United Natural Foods,,139,Sandy Douglas,,,,,,,
2023,Paccar,,140,Preston Feight,,,,,,,
2023,Duke Energy,,141,Lynn J. Good,Lynn Good,,,,,,
2023,Eli Lilly,,142,David A. Ricks,David Ricks,,,,,,
2023,Hewlett Packard Enterprise,,143,Antonio Neri,Antonio F. Neri,,,,,,
2023,Dollar Tree,,144,Rick Dreiling,,,,,,,
2023,Lithia Motors,,145,Bryan B. Deboer,Bryan Deboer,,,,,,
2023,Cummins,,146,Jennifer Rumsey,,,,,,,
2023,Penske Automotive Group,,147,Roger Penske,Roger S. Penske,,,,,,
2023,PayPal Holdings,,148,Daniel H. Schulman,Daniel Schulman; Dan Schulman,,,,,,
2023,U.S. Bancorp,,149,Andrew Cecere,Andrew J. Cecere,,,,,,
2023,Gilead Sciences,,150,Daniel O'Day,Daniel P. O'Day,,,,,,
2023,AutoNation,,151,Mike Manley,Michael Manley,,,,,,
2023,Nvidia,,152,JenHsun Huang,,,,,,,
2023,Kraft Heinz,,153,Miguel Patricio,,,,,,,
2023,Amgen,,154,Robert A. Bradway,Robert Bradway,,,,,,
2023,Applied Materials,,155,Gary E. Dickerson,Gary Dickerson,,,,,,
2023,EOG Resources,,156,Ezra Yacob,,,,,,,
2023,Truist Financial,,157,William H. Rogers Jr.,William Rogers Jr.,,,,,,
2023,Macy's,,158,Jeffrey Gennette,,,,,,,
2023,Union Pacific,,159,Lance M. Fritz,Lance Fritz,,,,,,
2023,C.H. Robinson Worldwide,,160,David Bozeman,Dave Bozeman,,,,,,
2023,Rite Aid,,161,Elizabeth Burr,Busy Burr,,,,,,
2023,Constellation Energy,,162,Joseph Dominguez,,,,,,,
2023,Avnet,,163,Philip R. Gallagher,Philip Gallagher,,,,,,
2023,Pioneer Natural Resources,,164,Scott D. Sheffield,Scott Sheffield,,,,,,
2023,Southwest Airlines,,165,Robert E. Jordan,Robert Jordan; Bob Jordan,,,,,,
2023,CDW,,166,Christine Leahy,Christine A. Leahy,,,,,,
2023,Advanced Micro Devices,,167,Lisa Su,Lisa T. Su,,,,,,
2023,PNC Financial Services Group,,168,William S. Demchak,William Demchak,,,,,,
2023,McDonald's,,169,Christopher J. Kempczinski,Christopher Kempczinski,,,,,,
2023,Cleveland-Cliffs,,170,Lourenco Goncalves,,,,,,,
2023,Freeport-McMoRan,,171,Richard C. Adkerson,Richard Adkerson,,,,,,
2023,Builders FirstSource,,172,Dave Rush,,,,,,,
2023,Oneok,,173,Pierce Norton,,,,,,,
2023,Hartford Insurance Group,Hartford Financial Services Group,174,Christopher J. Swift,Christopher Swift,,,,,,
2023,Charles Schwab,,175,Walter W. Bettinger,Walter Bettinger,,,,,,
2023,Steel Dynamics,,176,Mark D. Millett,Mark Millett,,,,,,
2023,Mastercard,,177,Michael Miebach,,,,,,,
2023,Sherwin-Williams,,178,John G. Morikis ,,,,,,,
2023,Genuine Parts,,179,Paul Donahue,,,,,,,
2023,PG&E,,180,Patti Poppe,,,,,,,
2023,WESCO International,,181,John Engel,John J. Engel,,,,,,
2023,Murphy USA,,182,Andrew Clyde,,,,,,,
2023,WestRock,,183,David Sewell,,,,,,,
2023,International Paper,,184,Mark S. Sutton,Mark Sutton,,,,,,
2023,Baker Hughes,,185,Lorenzo Simonelli,,,,,,,
2023,United States Steel,,186,David Burritt,David B. Burritt,,,,,,
2023,NextEra Energy,,187,John W. Ketchum,John Ketchum,,,,,,
2023,Targa Resources,,188,Matthew J. Meloy,Matthew Meloy; Matt Meloy,,,,,,
2023,Lear,,189,Raymond E. Scott,Raymond Scott,,,,,,
2023,Jones Lang LaSalle,,190,Christian Ulbrich,,,,,,,
2023,Goodyear Tire & Rubber,,191,Richard J. Kramer,Richard Kramer,,,,,,
2023,Marriott International,,192,Anthony Capuano,Anthony G. Capuano,,,,,,
2023,Marsh & McLennan,,193,John Q. Doyle,John Doyle,,,,,,
2023,Altria Group,,194,Billy Gifford,,,,,,,
2023,Coupang,,195,Bom Kim,,,,,,,
2023,Carrier Global,,196,David Gitlin,,,,,,,
2023,Halliburton,,197,Jeffrey A. Miller,Jeffrey Miller,,,,,,
2023,Delek US Holdings,,198,Avigal Soreq,,,,,,,
2023,Kimberly-Clark,,199,Mike Hsu,,,,,,,
2023,Texas Instruments,,200,Haviv Ilan,,,,,,,
2023,Bank of New York (BNY),Bank of New York Mellon,201,Robin Vince,,,,,,,
2023,ManpowerGroup,,202,Jonas Prising,,,,,,,
2023,Whirlpool,,203,Marc Bitzer,Marc R. Bitzer,,,,,,
2023,Waste Management,,204,James C. Fish Jr.,James Fish Jr.,,,,,,
2023,American Electric Power,,205,Julie Sloat,,,,,,,
2023,Emerson Electric,,206,Lal Karsanbhai,Lal L. Karsanbhai,,,,,,
2023,Aflac,,207,Daniel P. Amos,Daniel Amos,,,,,,
2023,Cognizant Technology Solutions,,208,Ravi Kumar S,,,,,,,
2023,Becton Dickinson,,209,Tom Polen,,,,,,,
2023,BJ's Wholesale Club,,210,Robert W. Eddy,Robert Eddy,,,,,,
2023,Moderna,,211,Stephane Bancel,,,,,,,
2023,DTE Energy,,212,Gerardo Norcia,,,,,,,
2023,Land O'Lakes,,213,Beth Ford,Beth E. Ford,,,,,,
2023,Kinder Morgan,,214,Steven J. Kean,Steven Kean,,,,,,
2023,Tenet Healthcare,,215,Saum Sutaria,,,,,,,
2023,Devon Energy,,216,Richard E. Muncrief,Richard Muncrief,,,,,,
2023,Mosaic,,217,James C. O'Rourke,James O'Rourke,,,,,,
2023,Exelon,,218,Calvin Butler,Calvin G. Butler,,,,,,
2023,General Mills,,219,Jeffrey Harmening,Jeffrey L. Harmening,,,,,,
2023,Global Partners,,220,Eric Slifka,,,,,,,
2023,Western Digital,,221,David Goeckeler,David V. Goeckeler,,,,,,
2023,Lincoln National,,222,Ellen Cooper,Ellen G. Cooper,,,,,,
2023,Ross Stores,,223,Barbara Rentler,,,,,,,
2023,Stryker,,224,Kevin A. Lobo,Kevin Lobo,,,,,,
2023,Kyndryl Holdings,,225,Martin Schroeter,Martin J. Schroeter,,,,,,
2023,Kohl's,,226,Tom Kingsbury,,,,,,,
2023,Stanley Black & Decker,,227,Donald Allan Jr.,Donald Allan; Don Allan,,,,,,
2023,Colgate-Palmolive,,228,Noel Wallace,Noel R. Wallace,,,,,,
2023,BlackRock,,229,Larry Fink,,,,,,,
2023,Estée Lauder,,230,Fabrizio Freda,,,,,,,
2023,Fiserv,,230,Frank Bisignano,Frank J. Bisignano,,,,,,
2023,PPG Industries,,232,Timothy M. Knavish,Timothy Knavish,,,,,,
2023,Adobe,,233,Shantanu Narayen,,,,,,,
2023,Block,,234,Jack Dorsey,,,,,,,
2023,Synchrony,Synchrony Financial,235,Brian Doubles,Brian D. Doubles,,,,,,
2023,Principal Financial,,236,Daniel J. Houston,Daniel Houston,,,,,,
2023,Lumen Technologies,,237,Kathleen E. Johnson,Kathleen Johnson,,,,,,
2023,Corteva,,238,Chuck Magro,,,,,,,
2023,Andersons,,239,Patrick E. Bowe,Patrick Bowe,,,,,,
2023,Lam Research,,240,Timothy M. Archer,Timothy Archer,,,,,,
2023,Edison International,,241,Pedro J. Pizarro,Pedro Pizarro,,,,,,
2023,Dominion Energy,,242,Robert Blue,Robert M. Blue,,,,,,
2023,Booking Holdings,,243,Glenn D. Fogel,Glenn Fogel,,,,,,
2023,Quanta Services,,244,"Earl C. Austin","Earl Austin; Duke Austin; Earl C. Austin Jr.",,,,,,
2023,Expeditors Intl. of Washington,Expeditors International of Washington,245,Jeff Musser,,,,,,,
2023,L3Harris Technologies,,246,Christopher E. Kubasik,Christopher Kubasik; Chris Kubasik,,,,,,
2023,Reliance,Reliance Steel & Aluminum,247,Karla R. Lewis,Karla Lewis,,,,,,
2023,Live Nation Entertainment,,248,Michael Rapino,,,,,,,
2023,DISH Network,,249,Erik Carlson,,,,,,,
2023,DuPont,,250,Edward D. Breen,Edward Breen,,,,,,
2023,Automatic Data Processing,,251,Maria Black,,,,,,,
2023,Group 1 Automotive,,252,Daryl Kenningham,,,,,,,
2023,Aramark,,253,John Zillmer,John J. Zillmer,,,,,,
2023,Thor Industries,,254,Bob Martin,,,,,,,
2023,DXC Technology,,255,Mike Salvino,,,,,,,
2023,Viatris,,256,Scott A. Smith,Scott Smith,,,,,,
2023,Reinsurance Group of America,,257,Anna Manning,,,,,,,
2023,AutoZone,,258,William C. Rhodes Iii,William Rhodes Iii,,,,,,
2023,PulteGroup,,259,Ryan R. Marshall,Ryan Marshall,,,,,,
2023,Illinois Tool Works,,260,Scott Santi,,,,,,,
2023,Parker-Hannifin,,261,Jennifer A. Parmentier,Jennifer Parmentier,,,,,,
2023,BorgWarner,,262,Frederic B. Lissalde,Frederic Lissalde,,,,,,
2023,Westlake,,263,Albert Yuan Chao,,,,,,,
2023,Consolidated Edison,,264,Timothy P. Cawley,Timothy Cawley,,,,,,
2023,Gap,,265,Bobby Martin,,,,,,,
2023,Opendoor Technologies,,266,Carrie Wheeler,,,,,,,
2023,Nordstrom,,267,Erik Nordstrom,Erik B. Nordstrom,,,,,,
2023,Asbury Automotive Group,,268,David W. Hult,David Hult,,,,,,
2023,Ball,,269,Dan Fisher,,,,,,,
2023,Kellanova,Kellogg,270,Steven Cahillane,Steven A. Cahillane,,,,,,
2023,Xcel Energy,,271,Robert C. Frenzel,Robert Frenzel; Bob Frenzel,,,,,,
2023,W.W. Grainger,,272,Donald G. Macpherson,Donald Macpherson,,,,,,
2023,Discover,Discover Financial Services,273,Roger C. Hochschild,Roger Hochschild,,,,,,
2023,Baxter International,,274,Jose E Almeida,Jose Almeida,,,,,,
2023,Southwestern Energy,,275,Bill Way,,,,,,,
2023,DCP Midstream,,276,Wouter van Kempen,,,,,,,
2023,Jacobs Solutions,,277,Bob Pragada,,,,,,,
2023,Labcorp Holdings,Laboratory Corp. of America,278,Adam H. Schechter,Adam Schechter,,,,,,
2023,CSX,,279,Joseph R. Hinrichs,Joseph Hinrichs,,,,,,
2023,J.B. Hunt Transport Services,,280,John N. Roberts Iii,John Roberts Iii,,,,,,
2023,Guardian Life Ins. Co. of America,,281,Andrew J. Mcmahon,Andrew Mcmahon,,,,,,
2023,Jackson Financial,,282,Laura L. Prieskorn,Laura Prieskorn,,,,,,
2023,Fidelity National Information (FIS),Fidelity National Information Services,283,Mike Nolan,,,,,,,
2023,Berry Global Group,,284,Thomas E. Salmon,Thomas Salmon,,,,,,
2023,Sempra,,285,Jeffrey W. Martin,,,,,,,
2023,IQVIA Holdings,,286,Ari Bousbib,,,,,,,
2023,O'Reilly Automotive,,287,Gregory D. Johnson,Gregory Johnson; Greg Johnson,,,,,,
2023,Leidos Holdings,,288,Thomas Bell,Thomas A. Bell,,,,,,
2023,Ameriprise Financial,,289,James M. Cracchiolo,James Cracchiolo,,,,,,
2023,Omnicom Group,,290,John D. Wren,John Wren,,,,,,
2023,Tractor Supply,,291,Harry A. Lawton Iii,Harry Lawton Iii,,,,,,
2023,Corning,,292,Wendell P. Weeks,Wendell Weeks,,,,,,
2023,Ecolab,,293,Christophe Beck,,,,,,,
2023,Icahn Enterprises,,294,David Willetts,,,,,,,
2023,Farmers Insurance Exchange,,295,Raul Vargas,,,,,,,
2023,Keurig Dr Pepper,,296,Robert Gamgort,Robert J. Gamgort,,,,,,
2023,Loews,,297,James Tisch,James S. Tisch,,,,,,
2023,Equitable Holdings,,298,Mark Pearson,,,,,,,
2023,Sonic Automotive,,299,David Bruton Smith,,,,,,,
2023,Fox,,300,Lachlan Murdoch,Lachlan K. Murdoch,,,,,,
2023,American Family Insurance Group,,301,Bill Westrate,,,,,,,
2023,Entergy,,302,Andrew S. Marsh,Andrew Marsh,,,,,,
2023,Fluor,,303,David E. Constable,David Constable,,,,,,
2023,Vistra,,304,James A. Burke,James Burke; Jim Burke,,,,,,
2023,State Street,,305,Ronald P. O'Hanley,Ronald O'Hanley,,,,,,
2023,Otis Worldwide,,306,Judith F. Marks,Judith Marks,,,,,,
2023,Peter Kiewit Sons',,307,Rick Lanoha,,,,,,,
2023,Carvana,,308,Ernest C. Garcia Iii,Ernest Garcia Iii,,,,,,
2023,Republic Services,,309,Jon Vander Ark,,,,,,,
2023,AECOM,,310,W. Troy Rudd,Troy Rudd,,,,,,
2023,Universal Health Services,,311,Marc D. Miller,Marc Miller,,,,,,
2023,Pacific Life,,312,Darryl Button,,,,,,,
2023,VMware,,313,Raghu Raghuram,,,,,,,
2023,Western & Southern Financial Group,,314,John F. Barrett,John Barrett,,,,,,
2023,MGM Resorts International,,315,William J. Hornbuckle,William Hornbuckle,,,,,,
2023,Casey's General Stores,,316,Darren Rebelez,,,,,,,
2023,Crown Holdings,,317,Timothy J. Donahue,Timothy Donahue,,,,,,
2023,Textron,,318,Scott C. Donnelly,Scott Donnelly,,,,,,
2023,LKQ,,319,Dominick P. Zarcone,Dominick Zarcone,,,,,,
2023,Norfolk Southern,,320,Alan H. Shaw,Alan Shaw,,,,,,
2023,Intuit,,321,Sasan Goodarzi,Sasan K. Goodarzi,,,,,,
2023,Air Products & Chemicals,,322,Seifi Ghasemi,,,,,,,
2023,Boston Scientific,,323,Michael F. Mahoney,Michael Mahoney,,,,,,
2023,AGCO,,324,Eric Hansotia,Eric P. Hansotia,,,,,,
2023,Henry Schein,,325,Stanley M. Bergman,Stanley Bergman,,,,,,
2023,Amphenol,,326,Adam Norwitt,,,,,,,
2023,AES,,327,Andres Gluski,Andres R. Gluski,,,,,,
2023,Mutual of Omaha,Mutual of Omaha Insurance,328,James Blackledge,James T. Blackledge,,,,,,
2023,Ovintiv,,329,Brendan M. Mccracken,Brendan Mccracken,,,,,,
2023,Hormel Foods,,330,JimJames Snee,,,,,,,
2023,Alcoa,,331,Roy C. Harvey,Roy Harvey,,,,,,
2023,International Flavors & Fragrances,,332,Frank Clyburn,,,,,,,
2023,Jones Financial (Edward Jones),,333,Penny Pennington,,,,,,,
2023,Dick's Sporting Goods,,334,Lauren Hobart,Lauren R. Hobart,,,,,,
2023,Eversource Energy,,335,Joseph R. Nolan,Joseph Nolan,,,,,,
2023,Wayfair,,336,Niraj Shah,Niraj S. Shah,,,,,,
2023,Community Health Systems,,337,Tim L. Hingten,Tim Hingten,,,,,,
2023,Ally Financial,,338,Jeffrey J. Brown,Jeffrey Brown,,,,,,
2023,Regeneron Pharmaceuticals,,339,Leonard Schleifer,Leonard S. Schleifer,,,,,,
2023,Liberty Media,,340,Gregory B. Maffei,Gregory Maffei,,,,,,
2023,APA,,341,John J. Christmann Iv,John Christmann Iv,,,,,,
2023,QVC Group,Qurate Retail,342,David Rawlinson Ii,,,,,,,
2023,FirstEnergy,,343,Brian X. Tierney,Brian Tierney,,,,,,
2023,Analog Devices,,344,Vincent T. Roche,Vincent Roche,,,,,,
2023,Ryder System,,345,Robert E. Sanchez,Robert Sanchez,,,,,,
2023,Avis Budget Group,,346,Joseph A. Ferraro,Joseph Ferraro,,,,,,
2023,Unum Group,,347,Richard P. Mckenney,Richard Mckenney,,,,,,
2023,Newmont,,348,Thomas R. Palmer,Thomas Palmer,,,,,,
2023,VF,,349,Benno Dorer,,,,,,,
2023,Expand Energy,Chesapeake Energy,350,Nick Dell'Osso,,,,,,,
2023,Mohawk Industries,,351,Jeffrey Lorberbaum,Jeffrey S. Lorberbaum,,,,,,
2023,Markel Group,Markel,352,Thomas S. Gayner,Thomas Gayner,,,,,,
2023,Expedia Group,,353,Peter M. Kern,Peter Kern,,,,,,
2023,Caesars Entertainment,,354,Thomas Reeg,Thomas R. Reeg,,,,,,
2023,United Rentals,,355,Matthew Flannery,Matthew J. Flannery,,,,,,
2023,Apollo Global Management,,356,Marc Rowan,,,,,,,
2023,DaVita,,357,Javier J. Rodriguez,Javier Rodriguez,,,,,,
2023,Hess,,358,John B. Hess,John Hess,,,,,,
2023,Fidelity National Financial,,359,Mike Nolan,,,,,,,
2023,Conagra Brands,,360,Sean Connolly,Sean M. Connolly,,,,,,
2023,Univar Solutions,,361,David C. Jukes,David Jukes,,,,,,
2023,Auto-Owners Insurance,,362,Jamie Whisnant,,,,,,,
2023,Raymond James Financial,,363,Paul Reilly,Paul C. Reilly,,,,,,
2023,Seaboard,,364,Robert L. Steer,Robert Steer,,,,,,
2023,CF Industries Holdings,,365,W. Anthony Will,Tony Will; Anthony Will,,,,,,
2023,S&P Global,,366,Douglas L. Peterson,Douglas Peterson,,,,,,
2023,W.R. Berkley,,367,W. Robert Berkley Jr.,Robert Berkley,,,,,,
2023,Advance Auto Parts,,368,Thomas R. Greco,Thomas Greco,,,,,,
2023,EMCOR Group,,369,Anthony J. Guzzi,,,,,,,
2023,Williams,,370,Alan S. Armstrong,Alan Armstrong,,,,,,
2023,Interpublic Group,,371,Phillippe Krakowsky,,,,,,,
2023,TravelCenters of America,,372,Jonathan M. Pertchik,Jonathan Pertchik,,,,,,
2023,American Tower,,373,Thomas A. Bartlett,Thomas Bartlett,,,,,,
2023,Molson Coors Beverage,,374,Gavin D.K. Hattersley,,,,,,,
2023,Huntington Ingalls Industries,,375,Christopher D. Kastner,Christopher Kastner,,,,,,
2023,NVR,,376,Eugene J. Bredow,Eugene Bredow,,,,,,
2023,Eastman Chemical,,377,Mark J. Costa,,,,,,,
2023,Graybar Electric,,378,Kathleen Mazzarella,Kathleen M. Mazzarella,,,,,,
2023,Insight Enterprises,,379,Joyce Mullen,,,,,,,
2023,Hershey,,380,Michele Buck,Michele G. Buck,,,,,,
2023,News Corp.,,381,Robert J. Thomson,Robert Thomson,,,,,,
2023,Toll Brothers,,382,Douglas C. Yearley Jr.,Douglas Yearley Jr.,,,,,,
2023,Ulta Beauty,,383,David C. Kimbell,David Kimbell,,,,,,
2023,Assurant,,384,Keith W. Demmings,Keith Demmings,,,,,,
2023,Weyerhaeuser,,385,Devin Stockfish,Devin W. Stockfish,,,,,,
2023,Biogen,,386,Christopher A. Viehbacher,Christopher Viehbacher,,,,,,
2023,Dana,,387,James K. Kamsickas,James Kamsickas,,,,,,
2023,UGI,,388,Roger Perreault,,,,,,,
2023,Chewy,,389,Sumit Singh,,,,,,,
2023,Accendra Health,,390,Edward A. Pesicka,,,,,,,
2023,Quest Diagnostics,,391,James E. Davis,James Davis,,,,,,
2023,Public Service Enterprise Group,,392,Ralph A. Larossa,Ralph Larossa,,,,,,
2023,Ebay,,393,Jamie Iannone,,,,,,,
2023,MasTec,,394,Jose Mas,Jose R. Mas,,,,,,
2023,Owens Corning,,395,Brian Chambers,Brian D. Chambers,,,,,,
2023,Celanese,,396,Lori J. Ryerkerk,Lori Ryerkerk,,,,,,
2023,Optimum Communications,Altice USA,397,Dennis Mathew,,,,,,,
2023,Alaska Air Group,,398,Benito Minicucci,,,,,,,
2023,SpartanNash,,399,Tony Sarsam,,,,,,,
2023,Diamondback Energy,,400,Travis D. Stice,Travis Stice,,,,,,
2023,Intercontinental Exchange,,401,Jeffrey Sprecher,Jeffrey C. Sprecher,,,,,,
2023,Darden Restaurants,,402,Rick Cardenas,,,,,,,
2023,UFP Industries,,403,Matthew J. Missad,Matthew Missad,,,,,,
2023,WEC Energy Group,,404,Scott Lauber,Scott J. Lauber,,,,,,
2023,Yum China Holdings,,405,Joey Wat,,,,,,,
2023,EnLink Midstream,,406,Jesse Arenivas,,,,,,,
2023,Continental Resources,,407,Robert D. Lawler,Robert Lawler,,,,,,
2023,Newell Brands,,408,Christopher H. Peterson,Christopher Peterson,,,,,,
2023,Graphic Packaging Holding,,409,Michael P. Doss,Michael Doss,,,,,,
2023,Olin,,410,Scott M. Sutton,Scott Sutton,,,,,,
2023,Fifth Third Bancorp,,411,Timothy N. Spence,Tim Spence,,,,,,
2023,Thrivent Financial,Thrivent Financial for Lutherans,412,Teresa J. Rasmussen,Teresa Rasmussen,,,,,,
2023,CenterPoint Energy,,413,David J. Lesar,David Lesar,,,,,,
2023,Erie Insurance Group,,414,Timothy G. Necastro,Timothy Necastro,,,,,,
2023,Vistance Networks,CommScope Holding,415,Charles L. Treadway,Charles Treadway,,,,,,
2023,KLA,,416,Rick Wallace,,,,,,,
2023,JetBlue Airways,,417,Robin Hayes,,,,,,,
2023,Motorola Solutions,,418,Gregory Q. Brown,Gregory Brown,,,,,,
2023,Citizens Financial Group,,419,Bruce Van Saun,Bruce W. Van Saun,,,,,,
2023,Coterra Energy,,420,Thomas E. Jorden,Thomas Jorden,,,,,,
2023,Avery Dennison,,421,Mitchell R. Butier,Mitchell Butier,,,,,,
2023,PVH,,422,Stefan Larsson,,,,,,,
2023,GXO Logistics,,423,Malcolm Wilson,,,,,,,
2023,Polaris,,424,Michael T. Speetzen,Michael Speetzen; Mike Speetzen,,,,,,
2023,Global Payments,,425,Jeffrey S. Sloan,Jeffrey Sloan,,,,,,
2023,Arconic,,426,Timothy D. Myers,Timothy Myers,,,,,,
2023,Vertex Pharmaceuticals,,427,Reshma Kewalramani,,,,,,,
2023,Commercial Metals,,428,Barbara R. Smith,Barbara Smith,,,,,,
2023,Autoliv,,429,Mikael Bratt,,,,,,,
2023,Constellation Brands,,430,Bill Newlands,,,,,,,
2023,Hilton Worldwide Holdings,,431,Christopher J. Nassetta,Christopher Nassetta,,,,,,
2023,Foot Locker,,432,Mary Dillon,Mary N. Dillon,,,,,,
2023,Huntsman,,433,Peter R. Huntsman,Peter Huntsman,,,,,,
2023,Burlington Stores,,434,Michael O'Sullivan,,,,,,,
2023,Hertz Global Holdings,,435,Stephen M. Scherr,Stephen Scherr,,,,,,
2023,Masco,,436,Keith J. Allman,Keith Allman,,,,,,
2023,Williams-Sonoma,,437,Laura Alber,Laura J. Alber,,,,,,
2023,Chipotle Mexican Grill,,438,Brian Niccol,Brian R. Niccol,,,,,,
2023,M&T Bank,,439,René F. Jones,René Jones,,,,,,
2023,LPL Financial Holdings,,440,Dan Arnold,Dan H. Arnold,,,,,,
2023,CMS Energy,,441,Garrick Rochow,Garrick J. Rochow,,,,,,
2023,Campbell's,Campbell Soup,442,Mark Clouse,Mark A. Clouse,,,,,,
2023,Arthur J. Gallagher,,443,Patrick Gallagher,,,,,,,
2023,Blackstone,,444,Stephen Schwarzman,Stephen A. Schwarzman,,,,,,
2023,Dover,,445,Richard J. Tobin,Richard Tobin,,,,,,
2023,ODP,,446,Gerry P. Smith,Gerry Smith,,,,,,
2023,Packaging Corp. of America,,447,Mark W. Kowlzan,Mark Kowlzan,,,,,,
2023,Brighthouse Financial,,448,Eric T. Steigerwalt,Eric Steigerwalt,,,,,,
2023,QXO Building Products,Beacon Roofing Supply,449,Julian G. Francis,Julian Francis,,,,,,
2023,Airbnb,,450,Brian Chesky,,,,,,,
2023,Boise Cascade,,451,Nate Jorgensen,,,,,,,
2023,Booz Allen Hamilton Holding,,452,Horacio D. Rozanski,Horacio Rozanski,,,,,,
2023,Westinghouse Air Brake,Westinghouse Air Brake Technologies,453,Rafael O. Santana,Rafael Santana,,,,,,
2023,ON Semiconductor,,454,Hassane El-Khoury,,,,,,,
2023,Oshkosh,,455,John Pfeifer,John C. Pfeifer,,,,,,
2023,Franklin Resources,,456,Jenny Johnson,,,,,,,
2023,Taylor Morrison Home,,457,Sheryl D. Palmer,Sheryl Palmer,,,,,,
2023,Gold.com,A-Mark Precious Metals,458,Gregory Roberts,Gregory N. Roberts,,,,,,
2023,KeyCorp,,459,Christopher M. Gorman,Christopher Gorman,,,,,,
2023,ARKO,,460,Arie Kotler,,,,,,,
2023,Lululemon athletica,,461,Calvin Mcdonald,,,,,,,
2023,Old Republic International,,462,Craig R. Smiddy,Craig Smiddy,,,,,,
2023,Zoetis,,463,Kristin Peck,Kristin C. Peck,,,,,,
2023,Marathon Oil,,464,Lee M. Tillman,Lee Tillman,,,,,,
2023,J.M. Smucker,,465,Mark T. Smucker,Mark Smucker,,,,,,
2023,Huntington Bancshares,,466,Stephen D. Steinour,Stephen Steinour,,,,,,
2023,NGL Energy Partners,,467,H. Michael Krimbill,Michael Krimbill,,,,,,
2023,Ingredion,,468,James Jim Zallie,,,,,,,
2023,Fortune Brands Innovations,,469,Nicholas Fink,,,,,,,
2023,PPL,,470,Vincent Sorgi,,,,,,,
2023,Sanmina,,471,Jure Sola,,,,,,,
2023,Bed Bath & Beyond,,472,Sue E. Gove,Sue Gove,,,,,,
2023,Cintas,,473,Todd Schneider,Todd M. Schneider,,,,,,
2023,NCR Voyix,NCR,474,Michael D. Hayford,Mike Hayford; Michael Hayford,,,,,,
2023,ABM Industries,,475,Scott Salmirs,Scott B. Salmirs,,,,,,
2023,Rockwell Automation,,476,Blake Moret,Blake D. Moret,,,,,,
2023,Northern Trust,,477,Michael G. O'Grady,Michael O'Grady,,,,,,
2023,XPO,,478,Mario Harik,Mario A. Harik,,,,,,
2023,Science Applications International,,479,Nazzic S. Keene,Nazzic Keene,,,,,,
2023,Ameren,,480,Martin J. Lyons Jr.,Martin Lyons Jr.,,,,,,
2023,First American Financial,,481,Kenneth D. Degiorgio,Kenneth Degiorgio; Ken DeGiorgio,,,,,,
2023,Bath & Body Works,,482,Gina Boswell,,,,,,,
2023,Regions Financial,,483,John M. Turner Jr.,John Turner Jr.,,,,,,
2023,Activision Blizzard,,484,Bobby Kotick,,,,,,,
2023,Avantor,,485,Michael Stubblefield,,,,,,,
2023,Genworth Financial,,486,Thomas J. Mcinerney,Thomas Mcinerney,,,,,,
2023,EQT,,487,Toby Rice,Toby Z. Rice,,,,,,
2023,Skechers U.S.A.,,488,Robert Greenberg,,,,,,,
2023,Landstar System,,489,James B. Gattoni,James Gattoni,,,,,,
2023,Knight-Swift Transportation Hldgs.,Knight-Swift Transportation Holdings,490,David A. Jackson,David Jackson,,,,,,
2023,SVB Financial Group,,491,William Kosturos,,,,,,,
2023,Par Pacific Holdings,,492,William Pate,William C. Pate,,,,,,
2023,Albemarle,,493,J. Kent Masters,Kent Masters,,,,,,
2023,Vulcan Materials,,494,Thomas Hill,,,,,,,
2023,Watsco,,495,Albert H. Nahmad,Albert Nahmad,,,,,,
2023,KKR,,496,Joseph Y. Bae,Joseph Bae,Scott Nuttall,,,,,
2023,Equinix,,497,Charles Meyers,,,,,,,
2023,Sonoco Products,,498,Howard Coker,,,,,,,
2023,ServiceNow,,499,Bill Mcdermott,,,,,,,
2023,Robert Half,Robert Half International,500,Keith Waddell,,,,,,,
2022,Walmart,,1,Doug McMillon,Douglas McMillon,,,,,https://en.wikipedia.org/w/index.php?title=Walmart&oldid=1098372309,https://en.wikipedia.org/wiki/Walmart
2022,Amazon,Amazon.com,2,Andy Jassy,Andrew Jassy; Andrew R. Jassy,,,,,https://en.wikipedia.org/w/index.php?title=Amazon_(company)&oldid=1099462106,https://en.wikipedia.org/wiki/Amazon_(company)
2022,Apple,,3,Tim Cook,Timothy D. Cook,,,,,https://en.wikipedia.org/w/index.php?title=Apple_Inc.&oldid=1098855300,https://en.wikipedia.org/wiki/Apple_Inc.
2022,CVS Health,,4,Karen S. Lynch,Karen Lynch,,,,,https://en.wikipedia.org/w/index.php?title=CVS_Health&oldid=1097287458,https://en.wikipedia.org/wiki/CVS_Health
2022,UnitedHealth Group,,5,Andrew Witty,Andrew P. Witty,,,,,https://en.wikipedia.org/w/index.php?title=UnitedHealth_Group&oldid=1098025984,https://en.wikipedia.org/wiki/UnitedHealth_Group
2022,ExxonMobil Holdings,Exxon Mobil,6,Darren Woods,Darren W. Woods,,,,,https://en.wikipedia.org/w/index.php?title=ExxonMobil&oldid=1098294124,https://en.wikipedia.org/wiki/ExxonMobil
2022,Berkshire Hathaway,,7,Warren Buffett,Warren E. Buffett,,,,,https://en.wikipedia.org/w/index.php?title=Berkshire_Hathaway&oldid=1099291637,https://en.wikipedia.org/wiki/Berkshire_Hathaway
2022,Alphabet,,8,Sundar Pichai,,,,,,https://en.wikipedia.org/w/index.php?title=Alphabet_Inc.&oldid=1097870632,https://en.wikipedia.org/wiki/Alphabet_Inc.
2022,McKesson,,9,Brian S. Tyler,Brian Tyler,,,,,https://en.wikipedia.org/w/index.php?title=McKesson_Corporation&oldid=1094906417,https://en.wikipedia.org/wiki/McKesson_Corporation
2022,Cencora,AmerisourceBergen,10,Steven H. Collis,Steven Collis,,,,,https://en.wikipedia.org/w/index.php?title=Cencora&oldid=1107999920,https://en.wikipedia.org/wiki/Cencora
2022,Costco Wholesale,,11,W. Craig Jelinek,,,,,,https://en.wikipedia.org/w/index.php?title=Costco&oldid=1098931030,https://en.wikipedia.org/wiki/Costco
2022,Cigna Group,,12,David Cordani,David M. Cordani,,,,,https://en.wikipedia.org/w/index.php?title=The_Cigna_Group&oldid=1095969101,https://en.wikipedia.org/wiki/The_Cigna_Group
2022,AT&T,,13,John T. Stankey,John Stankey,,,,,https://en.wikipedia.org/w/index.php?title=AT&T&oldid=1109595105,https://en.wikipedia.org/wiki/AT
2022,Microsoft,,14,Satya Nadella,,,,,,https://en.wikipedia.org/w/index.php?title=Microsoft&oldid=1098285326,https://en.wikipedia.org/wiki/Microsoft
2022,Cardinal Health,,15,Michael Kaufmann,,,,,,https://en.wikipedia.org/w/index.php?title=Cardinal_Health&oldid=1101035156,https://en.wikipedia.org/wiki/Cardinal_Health
2022,Chevron,,16,Michael K. Wirth,Michael Wirth,,,,,https://en.wikipedia.org/w/index.php?title=Chevron_Corporation&oldid=1096396932,https://en.wikipedia.org/wiki/Chevron_Corporation
2022,Home Depot,,17,Ted Decker,,,,,,https://en.wikipedia.org/w/index.php?title=Home_Depot&oldid=1098467029,https://en.wikipedia.org/wiki/Home_Depot
2022,Walgreens Boots Alliance,,18,Rosalind Brewer,,,,,,https://en.wikipedia.org/w/index.php?title=Walgreens_Boots_Alliance&oldid=1098285483,https://en.wikipedia.org/wiki/Walgreens_Boots_Alliance
2022,Marathon Petroleum,,19,Mike Hennigan,,,,,,https://en.wikipedia.org/w/index.php?title=Marathon_Petroleum&oldid=1097914420,https://en.wikipedia.org/wiki/Marathon_Petroleum
2022,Elevance Health,,20,Gail Koziara Boudreaux,,,,,,https://en.wikipedia.org/w/index.php?title=Elevance_Health&oldid=1099331911,https://en.wikipedia.org/wiki/Elevance_Health
2022,Kroger,,21,Rodney McMullen,,,,,,https://en.wikipedia.org/w/index.php?title=Kroger&oldid=1098084295,https://en.wikipedia.org/wiki/Kroger
2022,Ford Motor,,22,Jim Farley,,,,,,https://en.wikipedia.org/w/index.php?title=Ford_Motor_Company&oldid=1098942080,https://en.wikipedia.org/wiki/Ford_Motor_Company
2022,Verizon Communications,,23,Hans Vestberg,Hans E. Vestberg,,,,,https://en.wikipedia.org/w/index.php?title=Verizon&oldid=1098697322,https://en.wikipedia.org/wiki/Verizon
2022,JPMorgan Chase,,24,Jamie Dimon,,,,,,https://en.wikipedia.org/w/index.php?title=JPMorgan_Chase&oldid=1097930536,https://en.wikipedia.org/wiki/JPMorgan_Chase
2022,General Motors,,25,Mary T. Barra,Mary Barra,,,,,https://en.wikipedia.org/w/index.php?title=General_Motors&oldid=1098440714,https://en.wikipedia.org/wiki/General_Motors
2022,Centene,,26,Sarah London,Sarah M. London,,,,,https://en.wikipedia.org/w/index.php?title=Centene_Corporation&oldid=1099536870,https://en.wikipedia.org/wiki/Centene_Corporation
2022,Meta Platforms,,27,Mark Zuckerberg,,,,,,https://en.wikipedia.org/w/index.php?title=Meta_Platforms&oldid=1099518758,https://en.wikipedia.org/wiki/Meta_Platforms
2022,Comcast,,28,Brian L. Roberts,Brian Roberts,,,,,https://en.wikipedia.org/w/index.php?title=Comcast&oldid=1099027846,https://en.wikipedia.org/wiki/Comcast
2022,Phillips 66,,29,Greg Garland,,,,,,https://en.wikipedia.org/w/index.php?title=Phillips_66&oldid=1096072593,https://en.wikipedia.org/wiki/Phillips_66
2022,Valero Energy,,30,Joseph W. Gorder,Joseph Gorder,,,,,https://en.wikipedia.org/w/index.php?title=Valero_Energy&oldid=1100462377,https://en.wikipedia.org/wiki/Valero_Energy
2022,Dell Technologies,,31,Michael Dell,Michael S. Dell,,,,,https://en.wikipedia.org/w/index.php?title=Dell_Technologies&oldid=1095849797,https://en.wikipedia.org/wiki/Dell_Technologies
2022,Target,,32,Brian C. Cornell,Brian Cornell,,,,,https://en.wikipedia.org/w/index.php?title=Target_Corporation&oldid=1098848978,https://en.wikipedia.org/wiki/Target_Corporation
2022,Fannie Mae,,33,David C. Benson,,,,,,https://en.wikipedia.org/w/index.php?title=Fannie_Mae&oldid=1100643504,https://en.wikipedia.org/wiki/Fannie_Mae
2022,UPS,United Parcel Service,34,Carol Tomé,,,,,,https://en.wikipedia.org/w/index.php?title=United_Parcel_Service&oldid=1098195939,https://en.wikipedia.org/wiki/United_Parcel_Service
2022,Lowe's,,35,Marvin Ellison,Marvin R. Ellison,,,,,https://en.wikipedia.org/w/index.php?title=Lowe's&oldid=1096816340,https://en.wikipedia.org/wiki/Lowe's
2022,Bank of America,,36,Brian Moynihan,,,,,,https://en.wikipedia.org/w/index.php?title=Bank_of_America&oldid=1096697718,https://en.wikipedia.org/wiki/Bank_of_America
2022,Johnson & Johnson,,37,Joaquin Duato,,,,,,https://en.wikipedia.org/w/index.php?title=Johnson_&_Johnson&oldid=1087446094,https://en.wikipedia.org/wiki/Johnson_
2022,Archer Daniels Midland,,38,Juan Luciano,Juan R. Luciano,,,,,https://en.wikipedia.org/w/index.php?title=Archer_Daniels_Midland&oldid=1099258132,https://en.wikipedia.org/wiki/Archer_Daniels_Midland
2022,FedEx,,39,Frederick W.Smith,,Raj Subramaniam,,,,https://en.wikipedia.org/w/index.php?title=FedEx&oldid=1098051017,https://en.wikipedia.org/wiki/FedEx
2022,Humana,,40,Bruce D. Broussard,Bruce Broussard,,,,,https://en.wikipedia.org/w/index.php?title=Humana&oldid=1098266040,https://en.wikipedia.org/wiki/Humana
2022,Wells Fargo,,41,Charles Scharf,Charles W. Scharf,,,,,https://en.wikipedia.org/w/index.php?title=Wells_Fargo&oldid=1098707879,https://en.wikipedia.org/wiki/Wells_Fargo
2022,State Farm Insurance,,42,Michael L. Tipsord,Michael Tipsord,,,,,https://en.wikipedia.org/w/index.php?title=State_Farm&oldid=1096975150,https://en.wikipedia.org/wiki/State_Farm
2022,Pfizer,,43,Albert Bourla,,,,,,https://en.wikipedia.org/w/index.php?title=Pfizer&oldid=1098178539,https://en.wikipedia.org/wiki/Pfizer
2022,Citigroup,,44,Jane Fraser,,,,,,https://en.wikipedia.org/w/index.php?title=Citigroup&oldid=1099042131,https://en.wikipedia.org/wiki/Citigroup
2022,PepsiCo,,45,Ramon Laguarta,Ramon L. Laguarta,,,,,https://en.wikipedia.org/w/index.php?title=PepsiCo&oldid=1100282340,https://en.wikipedia.org/wiki/PepsiCo
2022,Intel,,46,Patrick P. Gelsinger,Patrick Gelsinger; Pat Gelsinger,,,,,https://en.wikipedia.org/w/index.php?title=Intel&oldid=1098521397,https://en.wikipedia.org/wiki/Intel
2022,Procter & Gamble,,47,Jon R. Moeller,,,,,,https://en.wikipedia.org/w/index.php?title=Procter_&_Gamble&oldid=1122314262,https://en.wikipedia.org/wiki/Procter_
2022,GE Aerospace,General Electric,48,H. Lawrence Culp Jr.,,,,,,https://en.wikipedia.org/w/index.php?title=GE_Aerospace&oldid=1097168146,https://en.wikipedia.org/wiki/GE_Aerospace
2022,IBM,International Business Machines,49,Arvind Krishna,,,,,,https://en.wikipedia.org/w/index.php?title=IBM&oldid=1099039094,https://en.wikipedia.org/wiki/IBM
2022,MetLife,,50,Michel A. Khalaf,Michel Khalaf,,,,,https://en.wikipedia.org/w/index.php?title=MetLife&oldid=1096590776,https://en.wikipedia.org/wiki/MetLife
2022,Prudential Financial,,51,Charles Lowrey,Charles F. Lowrey,,,,,https://en.wikipedia.org/w/index.php?title=Prudential_Financial&oldid=1085290147,https://en.wikipedia.org/wiki/Prudential_Financial
2022,Albertsons,,52,Vivek Sankaran,,,,,,https://en.wikipedia.org/w/index.php?title=Albertsons&oldid=1098606804,https://en.wikipedia.org/wiki/Albertsons
2022,Walt Disney,,53,Bob Chapek,,,,,,https://en.wikipedia.org/w/index.php?title=The_Walt_Disney_Company&oldid=1098461084,https://en.wikipedia.org/wiki/The_Walt_Disney_Company
2022,Energy Transfer,,54,Thomas E. Long,Thomas Long,Marshall S. McCrea III,Marshall McCrea III; Marshall McCrea,,,https://en.wikipedia.org/w/index.php?title=Energy_Transfer&oldid=1099129203,https://en.wikipedia.org/wiki/Energy_Transfer
2022,Lockheed Martin,,55,James D. Taiclet,,,,,,https://en.wikipedia.org/w/index.php?title=Lockheed_Martin&oldid=1097164827,https://en.wikipedia.org/wiki/Lockheed_Martin
2022,Freddie Mac,,56,Michael DeVito,,,,,,https://en.wikipedia.org/w/index.php?title=Freddie_Mac&oldid=1102015793,https://en.wikipedia.org/wiki/Freddie_Mac
2022,Goldman Sachs Group,,57,David M. Solomon,David Solomon,,,,,https://en.wikipedia.org/w/index.php?title=Goldman_Sachs&oldid=1097442672,https://en.wikipedia.org/wiki/Goldman_Sachs
2022,RTX,Raytheon Technologies,58,Gregory J. Hayes,Gregory Hayes,,,,,https://en.wikipedia.org/w/index.php?title=RTX_Corporation&oldid=1095353195,https://en.wikipedia.org/wiki/RTX_Corporation
2022,HP,,59,Enrique Lores,Enrique J. Lores,,,,,https://en.wikipedia.org/w/index.php?title=HP_Inc.&oldid=1098077858,https://en.wikipedia.org/wiki/HP_Inc.
2022,Boeing,,60,Dave Calhoun,,,,,,https://en.wikipedia.org/w/index.php?title=Boeing&oldid=1099206318,https://en.wikipedia.org/wiki/Boeing
2022,Morgan Stanley,,61,James P. Gorman,James Gorman,,,,,https://en.wikipedia.org/w/index.php?title=Morgan_Stanley&oldid=1098600393,https://en.wikipedia.org/wiki/Morgan_Stanley
2022,HCA Healthcare,,62,Samuel N. Hazen,Samuel Hazen; Sam Hazen,,,,,https://en.wikipedia.org/w/index.php?title=HCA_Healthcare&oldid=1098115076,https://en.wikipedia.org/wiki/HCA_Healthcare
2022,AbbVie,,63,Richard A. Gonzalez,Richard Gonzalez,,,,,https://en.wikipedia.org/w/index.php?title=AbbVie&oldid=1101715112,https://en.wikipedia.org/wiki/AbbVie
2022,Dow,,64,Jim Fitterling Chairman,,,,,,https://en.wikipedia.org/w/index.php?title=Dow_Chemical_Company&oldid=1095821034,https://en.wikipedia.org/wiki/Dow_Chemical_Company
2022,Tesla,,65,Elon Musk,,,,,,"https://en.wikipedia.org/w/index.php?title=Tesla,_Inc.&oldid=1098440099","https://en.wikipedia.org/wiki/Tesla,_Inc."
2022,Allstate,,66,Thomas J. Wilson,,,,,,https://en.wikipedia.org/w/index.php?title=Allstate&oldid=1096761345,https://en.wikipedia.org/wiki/Allstate
2022,AIG,American International Group,67,Peter Zaffino,Peter S. Zaffino,,,,,https://en.wikipedia.org/w/index.php?title=American_International_Group&oldid=1098623671,https://en.wikipedia.org/wiki/American_International_Group
2022,Best Buy,,68,Corie Barry,Corie S. Barry,,,,,https://en.wikipedia.org/w/index.php?title=Best_Buy&oldid=1095973316,https://en.wikipedia.org/wiki/Best_Buy
2022,Charter Communications,,69,Tom Rutledge,,,,,,https://en.wikipedia.org/w/index.php?title=Charter_Communications&oldid=1101136388,https://en.wikipedia.org/wiki/Charter_Communications
2022,Sysco,,70,Kevin Hourican,,,,,,https://en.wikipedia.org/w/index.php?title=Sysco&oldid=1099687498,https://en.wikipedia.org/wiki/Sysco
2022,Merck,,71,Robert M. Davis,,,,,,https://en.wikipedia.org/w/index.php?title=Merck_%26_Co.&oldid=1098549627,https://en.wikipedia.org/wiki/Merck_&_Co.
2022,New York Life Insurance,,72,Craig DeSanto,,,,,,https://en.wikipedia.org/w/index.php?title=New_York_Life_Insurance_Company&oldid=1096854080,https://en.wikipedia.org/wiki/New_York_Life_Insurance_Company
2022,Caterpillar,,73,Jim Umpleby,,,,,,https://en.wikipedia.org/w/index.php?title=Caterpillar_Inc.&oldid=1097803250,https://en.wikipedia.org/wiki/Caterpillar_Inc.
2022,Cisco Systems,,74,Chuck Robbins,,,,,,https://en.wikipedia.org/w/index.php?title=Cisco_Systems&oldid=1090054597,https://en.wikipedia.org/wiki/Cisco_Systems
2022,TJX,,75,Ernie Herrman,Ernie L. Herrman,,,,,https://en.wikipedia.org/w/index.php?title=TJX&oldid=1100431880,https://en.wikipedia.org/wiki/TJX
2022,Publix Super Markets,,76,Todd Jones,,,,,,https://en.wikipedia.org/w/index.php?title=Publix&oldid=1098007526,https://en.wikipedia.org/wiki/Publix
2022,ConocoPhillips,,77,Ryan Lance,Ryan M. Lance,,,,,https://en.wikipedia.org/w/index.php?title=ConocoPhillips&oldid=1094647049,https://en.wikipedia.org/wiki/ConocoPhillips
2022,Liberty Mutual Insurance Group,,78,David H. Long,,,,,,https://en.wikipedia.org/w/index.php?title=Liberty_Mutual&oldid=1101742616,https://en.wikipedia.org/wiki/Liberty_Mutual
2022,Progressive,,79,Tricia Griffith,,,,,,https://en.wikipedia.org/w/index.php?title=Progressive_Corporation&oldid=1098534093,https://en.wikipedia.org/wiki/Progressive_Corporation
2022,Nationwide,,80,Kirt Walker,Kirt A. Walker,,,,,https://en.wikipedia.org/w/index.php?title=Nationwide_Mutual_Insurance_Company&oldid=1095874195,https://en.wikipedia.org/wiki/Nationwide_Mutual_Insurance_Company
2022,Tyson Foods,,81,Donnie King,Donnie D. King,,,,,https://en.wikipedia.org/w/index.php?title=Tyson_Foods&oldid=1097861412,https://en.wikipedia.org/wiki/Tyson_Foods
2022,Bristol-Myers Squibb,,82,Giovanni Caforio,,,,,,https://en.wikipedia.org/w/index.php?title=Bristol_Myers_Squibb&oldid=1095469430,https://en.wikipedia.org/wiki/Bristol_Myers_Squibb
2022,Nike,,83,John Donahoe,,,,,,"https://en.wikipedia.org/w/index.php?title=Nike,_Inc.&oldid=1098586969","https://en.wikipedia.org/wiki/Nike,_Inc."
2022,Deere,,84,John C. May,John May,,,,,https://en.wikipedia.org/w/index.php?title=John_Deere&oldid=1099033631,https://en.wikipedia.org/wiki/John_Deere
2022,American Express,,85,Stephen J. Squeri,Stephen Squeri,,,,,https://en.wikipedia.org/w/index.php?title=American_Express&oldid=1099514147,https://en.wikipedia.org/wiki/American_Express
2022,Abbott Laboratories,,86,Robert B. Ford,Robert Ford,,,,,https://en.wikipedia.org/w/index.php?title=Abbott_Laboratories&oldid=1097297517,https://en.wikipedia.org/wiki/Abbott_Laboratories
2022,StoneX Group,,87,Sean M. O'Connor,Sean O'Connor,,,,,https://en.wikipedia.org/w/index.php?title=StoneX_Group_Inc.&oldid=1089487640,https://en.wikipedia.org/wiki/StoneX_Group_Inc.
2022,Plains GP Holdings,,88,Willie Chiang Chairman,,,,,,https://en.wikipedia.org/w/index.php?title=Plains_All_American_Pipeline&oldid=1094542052,https://en.wikipedia.org/wiki/Plains_All_American_Pipeline
2022,Enterprise Products Partners,,89,W. Randall Fowler,,James Teague,A.J. Teague; Jim Teague,,,https://en.wikipedia.org/w/index.php?title=Enterprise_Products&oldid=1093358148,https://en.wikipedia.org/wiki/Enterprise_Products
2022,TIAA,,90,Thasunda Brown Duckett,Thasunda Duckett,,,,,https://en.wikipedia.org/w/index.php?title=TIAA&oldid=1100327337,https://en.wikipedia.org/wiki/TIAA
2022,Oracle,,91,Safra Catz,Safra A. Catz,,,,,https://en.wikipedia.org/w/index.php?title=Oracle_Corporation&oldid=1097512459,https://en.wikipedia.org/wiki/Oracle_Corporation
2022,Thermo Fisher Scientific,,92,Marc N. Casper,Marc Casper,,,,,https://en.wikipedia.org/w/index.php?title=Thermo_Fisher_Scientific&oldid=1098291636,https://en.wikipedia.org/wiki/Thermo_Fisher_Scientific
2022,Coca-Cola,,93,James Quincey,James R. Quincey,,,,,https://en.wikipedia.org/w/index.php?title=The_Coca-Cola_Company&oldid=1098716758,https://en.wikipedia.org/wiki/The_Coca-Cola_Company
2022,General Dynamics,,94,Phebe Novakovic,Phebe N. Novakovic,,,,,https://en.wikipedia.org/w/index.php?title=General_Dynamics&oldid=1102016368,https://en.wikipedia.org/wiki/General_Dynamics
2022,CHS,,95,Jay Debertin,Jay D. Debertin,,,,,https://en.wikipedia.org/w/index.php?title=CHS_Inc.&oldid=1107376094,https://en.wikipedia.org/wiki/CHS_Inc.
2022,USAA,United Services Automobile Assn.,96,Wayne Peacock,,,,,,https://en.wikipedia.org/w/index.php?title=USAA&oldid=1098381291,https://en.wikipedia.org/wiki/USAA
2022,Northwestern Mutual,,97,John Schlifske,,,,,,https://en.wikipedia.org/w/index.php?title=Northwestern_Mutual&oldid=1110508830,https://en.wikipedia.org/wiki/Northwestern_Mutual
2022,Nucor,,98,Leon J. Topalian,,,,,,https://en.wikipedia.org/w/index.php?title=Nucor&oldid=1101845979,https://en.wikipedia.org/wiki/Nucor
2022,Exelon,,99,Christopher Crane,,,,,,https://en.wikipedia.org/w/index.php?title=Exelon&oldid=1098701611,https://en.wikipedia.org/wiki/Exelon
2022,Massachusetts Mutual Life,Massachusetts Mutual Life Insurance,100,Roger W. Crandall,,,,,,https://en.wikipedia.org/w/index.php?title=MassMutual&oldid=1107026256,https://en.wikipedia.org/wiki/MassMutual
2022,Northrop Grumman,,101,Kathy J. Warden,,,,,,https://en.wikipedia.org/w/index.php?title=Northrop_Grumman&oldid=1099384149,https://en.wikipedia.org/wiki/Northrop_Grumman
2022,3M,,102,Mike Roman,,,,,,https://en.wikipedia.org/w/index.php?title=3M&oldid=1100606084,https://en.wikipedia.org/wiki/3M
2022,Travelers,,103,Alan D. Schnitzer,,,,,,https://en.wikipedia.org/w/index.php?title=The_Travelers_Companies&oldid=1099010496,https://en.wikipedia.org/wiki/The_Travelers_Companies
2022,Arrow Electronics,,104,Sean Kerins,,,,,,https://en.wikipedia.org/w/index.php?title=Arrow_Electronics&oldid=1103732666,https://en.wikipedia.org/wiki/Arrow_Electronics
2022,Honeywell International,,105,Darius Adamczyk,,,,,,https://en.wikipedia.org/w/index.php?title=Honeywell&oldid=1100280651,https://en.wikipedia.org/wiki/Honeywell
2022,Dollar General,,106,Todd Vasos,,,,,,https://en.wikipedia.org/w/index.php?title=Dollar_General&oldid=1099915712,https://en.wikipedia.org/wiki/Dollar_General
2022,Qualcomm,,107,Cristiano Amon,,,,,,https://en.wikipedia.org/w/index.php?title=Qualcomm&oldid=1097155970,https://en.wikipedia.org/wiki/Qualcomm
2022,Capital One Financial,,108,Richard Fairbank,Richard D. Fairbank,,,,,https://en.wikipedia.org/w/index.php?title=Capital_One&oldid=1100250493,https://en.wikipedia.org/wiki/Capital_One
2022,TD Synnex,,109,Richard T. Hume,Richard Hume; Rich Hume,,,,,https://en.wikipedia.org/w/index.php?title=TD_Synnex&oldid=1095323930,https://en.wikipedia.org/wiki/TD_Synnex
2022,Philip Morris International,,110,Jacek Olczak,,,,,,https://en.wikipedia.org/w/index.php?title=Philip_Morris_International&oldid=1098987800,https://en.wikipedia.org/wiki/Philip_Morris_International
2022,World Kinect,World Fuel Services,111,Michael J. Kasbar,,,,,,https://en.wikipedia.org/w/index.php?title=World_Kinect_Corporation&oldid=1093238333,https://en.wikipedia.org/wiki/World_Kinect_Corporation
2022,Performance Food Group,,112,George L. Holm,George Holm,,,,,https://en.wikipedia.org/w/index.php?title=Performance_Food_Group&oldid=1099264398,https://en.wikipedia.org/wiki/Performance_Food_Group
2022,Delta Air Lines,,113,Ed Bastian,,,,,,https://en.wikipedia.org/w/index.php?title=Delta_Air_Lines&oldid=1097980734,https://en.wikipedia.org/wiki/Delta_Air_Lines
2022,American Airlines Group,,114,Robert Isom,Robert D. Isom,,,,,https://en.wikipedia.org/w/index.php?title=American_Airlines_Group&oldid=1094369129,https://en.wikipedia.org/wiki/American_Airlines_Group
2022,Netflix,,115,Reed Hastings,,Ted Sarandos,,,,https://en.wikipedia.org/w/index.php?title=Netflix&oldid=1098407192,https://en.wikipedia.org/wiki/Netflix
2022,Paramount Skydance,Paramount Global,116,Robert M. Bakish,Robert Bakish; Bob Bakish,,,,,,
2022,US Foods Holding,,117,Pietro Satriano,,,,,,https://en.wikipedia.org/w/index.php?title=US_Foods&oldid=1098348359,https://en.wikipedia.org/wiki/US_Foods
2022,Danaher,,118,Rainer M. Blair,,,,,,https://en.wikipedia.org/w/index.php?title=Danaher_Corporation&oldid=1104561790,https://en.wikipedia.org/wiki/Danaher_Corporation
2022,Jabil,,119,Mark T. Mondello,Mark Mondello,,,,,https://en.wikipedia.org/w/index.php?title=Jabil&oldid=1099210762,https://en.wikipedia.org/wiki/Jabil
2022,Starbucks,,120,Kevin Johnson,,,,,,https://en.wikipedia.org/w/index.php?title=Starbucks&oldid=1098583581,https://en.wikipedia.org/wiki/Starbucks
2022,Mondelez International,,121,Dirk Van de Put,,,,,,https://en.wikipedia.org/w/index.php?title=Mondelez_International&oldid=1098242983,https://en.wikipedia.org/wiki/Mondelez_International
2022,Eli Lilly,,122,David A. Ricks,David Ricks,,,,,https://en.wikipedia.org/w/index.php?title=Eli_Lilly_and_Company&oldid=1099505955,https://en.wikipedia.org/wiki/Eli_Lilly_and_Company
2022,Hewlett Packard Enterprise,,123,Antonio Neri,Antonio F. Neri,,,,,https://en.wikipedia.org/w/index.php?title=Hewlett_Packard_Enterprise&oldid=1097813140,https://en.wikipedia.org/wiki/Hewlett_Packard_Enterprise
2022,D.R. Horton,,124,David V. Auld,,,,,,https://en.wikipedia.org/w/index.php?title=D._R._Horton&oldid=1113559352,https://en.wikipedia.org/wiki/D._R._Horton
2022,Molina Healthcare,,125,Joseph Zubretsky,Joseph M. Zubretsky,,,,,https://en.wikipedia.org/w/index.php?title=Molina_Healthcare&oldid=1098056729,https://en.wikipedia.org/wiki/Molina_Healthcare
2022,CBRE Group,,126,Robert E. Sulentic,Robert Sulentic; Bob Sulentic,,,,,https://en.wikipedia.org/w/index.php?title=CBRE_Group&oldid=1097932239,https://en.wikipedia.org/wiki/CBRE_Group
2022,Micron Technology,,127,Sanjay Mehrotra,,,,,,https://en.wikipedia.org/w/index.php?title=Micron_Technology&oldid=1095582963,https://en.wikipedia.org/wiki/Micron_Technology
2022,Broadcom,,128,Tan Hock Eng,,,,,,https://en.wikipedia.org/w/index.php?title=Broadcom&oldid=1098937053,https://en.wikipedia.org/wiki/Broadcom
2022,Gilead Sciences,,129,Daniel O'Day,Daniel P. O'Day,,,,,https://en.wikipedia.org/w/index.php?title=Gilead_Sciences&oldid=1094377983,https://en.wikipedia.org/wiki/Gilead_Sciences
2022,PBF Energy,,130,Thomas J. Nimbley,Thomas Nimbley,,,,,https://en.wikipedia.org/w/index.php?title=PBF_Energy&oldid=1101002358,https://en.wikipedia.org/wiki/PBF_Energy
2022,Lennar,,131,Rick Beckwitt,,,,,,https://en.wikipedia.org/w/index.php?title=Lennar&oldid=1083477122,https://en.wikipedia.org/wiki/Lennar
2022,United Natural Foods,,132,J. Alexander,,,,,,https://en.wikipedia.org/w/index.php?title=United_Natural_Foods&oldid=1098010081,https://en.wikipedia.org/wiki/United_Natural_Foods
2022,NRG Energy,,133,Mauricio Gutierrez,,,,,,https://en.wikipedia.org/w/index.php?title=NRG_Energy&oldid=1098015215,https://en.wikipedia.org/wiki/NRG_Energy
2022,Nvidia,,134,Jensen Huang,,,,,,https://en.wikipedia.org/w/index.php?title=Nvidia&oldid=1099851417,https://en.wikipedia.org/wiki/Nvidia
2022,Occidental Petroleum,,135,Vicki Hollub,,,,,,https://en.wikipedia.org/w/index.php?title=Occidental_Petroleum&oldid=1098025897,https://en.wikipedia.org/wiki/Occidental_Petroleum
2022,Salesforce,,136,Marc Benioff,,Bret Taylor,,,,https://en.wikipedia.org/w/index.php?title=Salesforce&oldid=1099237362,https://en.wikipedia.org/wiki/Salesforce
2022,Dollar Tree,,137,Michael Witynski,,,,,,https://en.wikipedia.org/w/index.php?title=Dollar_Tree&oldid=1097030799,https://en.wikipedia.org/wiki/Dollar_Tree
2022,KKR,,138,Joseph Y. Bae,Joseph Bae,Scott Nuttall,,,,https://en.wikipedia.org/w/index.php?title=KKR_%26_Co.&oldid=1097109815,https://en.wikipedia.org/wiki/KKR_&_Co.
2022,Kraft Heinz,,139,Miguel Patricio,,,,,,https://en.wikipedia.org/w/index.php?title=Kraft_Heinz&oldid=1099249505,https://en.wikipedia.org/wiki/Kraft_Heinz
2022,Amgen,,140,Robert A. Bradway,Robert Bradway,,,,,https://en.wikipedia.org/w/index.php?title=Amgen&oldid=1099493396,https://en.wikipedia.org/wiki/Amgen
2022,AutoNation,,141,Mike Manley,Michael Manley,,,,,https://en.wikipedia.org/w/index.php?title=AutoNation&oldid=1097393906,https://en.wikipedia.org/wiki/AutoNation
2022,Penske Automotive Group,,142,Roger Penske,Roger S. Penske,,,,,https://en.wikipedia.org/w/index.php?title=Penske_Automotive_Group&oldid=1102963523,https://en.wikipedia.org/wiki/Penske_Automotive_Group
2022,PayPal Holdings,,143,Daniel H. Schulman,Daniel Schulman; Dan Schulman,,,,,https://en.wikipedia.org/w/index.php?title=PayPal_Holdings&oldid=1087291374,https://en.wikipedia.org/wiki/PayPal_Holdings
2022,Macy's,,144,Jeff Gennette,,,,,,https://en.wikipedia.org/w/index.php?title=Macy's&oldid=1098367252,https://en.wikipedia.org/wiki/Macy's
2022,Duke Energy,,145,Lynn J. Good,Lynn Good,,,,,https://en.wikipedia.org/w/index.php?title=Duke_Energy&oldid=1097989261,https://en.wikipedia.org/wiki/Duke_Energy
2022,United Airlines Holdings,,146,John Scott Kirby,Scott Kirby,,,,,https://en.wikipedia.org/w/index.php?title=United_Airlines&oldid=1098035093,https://en.wikipedia.org/wiki/United_Airlines
2022,Visa,,147,Alfred F. Kelly Jr.,,,,,,https://en.wikipedia.org/w/index.php?title=Visa_Inc.&oldid=1100183848,https://en.wikipedia.org/wiki/Visa_Inc.
2022,Rite Aid,,148,Heyward Donigan,,,,,,https://en.wikipedia.org/w/index.php?title=Rite_Aid&oldid=1098008274,https://en.wikipedia.org/wiki/Rite_Aid
2022,Cummins,,149,N. Thomas Linebarger,,,,,,https://en.wikipedia.org/w/index.php?title=Cummins&oldid=1098189641,https://en.wikipedia.org/wiki/Cummins
2022,U.S. Bancorp,,150,Andrew Cecere,Andrew J. Cecere,,,,,https://en.wikipedia.org/w/index.php?title=U.S._Bancorp&oldid=1097701962,https://en.wikipedia.org/wiki/U.S._Bancorp
2022,Paccar,,151,Preston Feight,,,,,,https://en.wikipedia.org/w/index.php?title=Paccar&oldid=1099613267,https://en.wikipedia.org/wiki/Paccar
2022,McDonald's,,152,Chris Kempczinski,,,,,,https://en.wikipedia.org/w/index.php?title=McDonald's&oldid=1098318290,https://en.wikipedia.org/wiki/McDonald's
2022,Southern,,153,Thomas A. Fanning,,,,,,https://en.wikipedia.org/w/index.php?title=Southern_Company&oldid=1100400728,https://en.wikipedia.org/wiki/Southern_Company
2022,C.H. Robinson Worldwide,,154,Robert C. Biesterfeld Jr.,,,,,,https://en.wikipedia.org/w/index.php?title=C._H._Robinson&oldid=1098873001,https://en.wikipedia.org/wiki/C._H._Robinson
2022,Truist Financial,,155,William H. Rogers Jr.,,,,,,https://en.wikipedia.org/w/index.php?title=Truist&oldid=1097678006,https://en.wikipedia.org/wiki/Truist
2022,Applied Materials,,156,Gary E. Dickerson,Gary Dickerson,,,,,https://en.wikipedia.org/w/index.php?title=Applied_Materials&oldid=1097989421,https://en.wikipedia.org/wiki/Applied_Materials
2022,Freeport-McMoRan,,157,Richard C. Adkerson,Richard Adkerson,,,,,https://en.wikipedia.org/w/index.php?title=Freeport-McMoRan&oldid=1099616430,https://en.wikipedia.org/wiki/Freeport-McMoRan
2022,Lithia Motors,,158,Bryan DeBoer,,,,,,https://en.wikipedia.org/w/index.php?title=Lithia_Motors&oldid=1103052117,https://en.wikipedia.org/wiki/Lithia_Motors
2022,Blackstone,,159,Stephen Schwarzman,Stephen A. Schwarzman,,,,,https://en.wikipedia.org/w/index.php?title=Blackstone_Inc.&oldid=1097981109,https://en.wikipedia.org/wiki/Blackstone_Inc.
2022,Hartford Insurance Group,Hartford Financial Services Group,160,Christopher J. Swift,Christopher Swift,,,,,https://en.wikipedia.org/w/index.php?title=The_Hartford&oldid=1100326621,https://en.wikipedia.org/wiki/The_Hartford
2022,Aflac,,161,Dan Amos,,,,,,https://en.wikipedia.org/w/index.php?title=Aflac&oldid=1098900101,https://en.wikipedia.org/wiki/Aflac
2022,Whirlpool,,162,Marc Bitzer,Marc R. Bitzer,,,,,https://en.wikipedia.org/w/index.php?title=Whirlpool_Corporation&oldid=1096923076,https://en.wikipedia.org/wiki/Whirlpool_Corporation
2022,Union Pacific,,163,Lance M. Fritz,Lance Fritz,,,,,https://en.wikipedia.org/w/index.php?title=Union_Pacific_Corporation&oldid=1101970377,https://en.wikipedia.org/wiki/Union_Pacific_Corporation
2022,International Paper,,164,Mark S. Sutton,Mark Sutton,,,,,https://en.wikipedia.org/w/index.php?title=International_Paper&oldid=1098395184,https://en.wikipedia.org/wiki/International_Paper
2022,Altria Group,,165,Billy Gifford,,,,,,https://en.wikipedia.org/w/index.php?title=Altria&oldid=1100972539,https://en.wikipedia.org/wiki/Altria
2022,CDW,,166,Christine Leahy,,,,,,https://en.wikipedia.org/w/index.php?title=CDW&oldid=1100295415,https://en.wikipedia.org/wiki/CDW
2022,ManpowerGroup,,167,Jonas Prising,,,,,,https://en.wikipedia.org/w/index.php?title=ManpowerGroup&oldid=1097906566,https://en.wikipedia.org/wiki/ManpowerGroup
2022,PG&E,,168,Patti Poppe,,,,,,https://en.wikipedia.org/w/index.php?title=PG&E&oldid=1092971581,https://en.wikipedia.org/wiki/PG
2022,Carrier Global,,169,Dave Gitlin,,,,,,https://en.wikipedia.org/w/index.php?title=Carrier_Global&oldid=1098447042,https://en.wikipedia.org/wiki/Carrier_Global
2022,Baker Hughes,,170,Lorenzo Simonelli,,,,,,https://en.wikipedia.org/w/index.php?title=Baker_Hughes&oldid=1107126581,https://en.wikipedia.org/wiki/Baker_Hughes
2022,Cleveland-Cliffs,,171,C. Lourenco Goncalves,,,,,,https://en.wikipedia.org/w/index.php?title=Cleveland-Cliffs&oldid=1099506058,https://en.wikipedia.org/wiki/Cleveland-Cliffs
2022,United States Steel,,172,David Burritt,David B. Burritt,,,,,https://en.wikipedia.org/w/index.php?title=U.S._Steel&oldid=1100579073,https://en.wikipedia.org/wiki/U.S._Steel
2022,Becton Dickinson,,173,Tom Polen,,,,,,https://en.wikipedia.org/w/index.php?title=BD_(company)&oldid=1100100208,https://en.wikipedia.org/wiki/BD_(company)
2022,CarMax,,174,William D. Nash,William Nash; Bill Nash,,,,,https://en.wikipedia.org/w/index.php?title=CarMax&oldid=1093780640,https://en.wikipedia.org/wiki/CarMax
2022,Sherwin-Williams,,175,John G. Morikis,,,,,,https://en.wikipedia.org/w/index.php?title=Sherwin-Williams&oldid=1099697437,https://en.wikipedia.org/wiki/Sherwin-Williams
2022,Builders FirstSource,,176,Dave Flitman,,,,,,https://en.wikipedia.org/w/index.php?title=Builders_FirstSource&oldid=1085649684,https://en.wikipedia.org/wiki/Builders_FirstSource
2022,Marsh & McLennan,,177,Daniel S. Glaser,,,,,,https://en.wikipedia.org/w/index.php?title=Marsh_&_McLennan&oldid=1089181608,https://en.wikipedia.org/wiki/Marsh_
2022,PNC Financial Services Group,,178,William S. Demchak,William Demchak,,,,,https://en.wikipedia.org/w/index.php?title=PNC_Financial_Services&oldid=1098626998,https://en.wikipedia.org/wiki/PNC_Financial_Services
2022,Lumen Technologies,,179,Jeff Storey,,,,,,https://en.wikipedia.org/w/index.php?title=Lumen_Technologies&oldid=1098396796,https://en.wikipedia.org/wiki/Lumen_Technologies
2022,Avnet,,180,Phil Gallagher,,,,,,https://en.wikipedia.org/w/index.php?title=Avnet&oldid=1097143560,https://en.wikipedia.org/wiki/Avnet
2022,Tenet Healthcare,,181,Saum Sutaria,,,,,,https://en.wikipedia.org/w/index.php?title=Tenet_Healthcare&oldid=1100405809,https://en.wikipedia.org/wiki/Tenet_Healthcare
2022,Kimberly-Clark,,182,Michael D. Hsu,,,,,,https://en.wikipedia.org/w/index.php?title=Kimberly-Clark&oldid=1092999026,https://en.wikipedia.org/wiki/Kimberly-Clark
2022,Kohl's,,183,Michelle Gass,,,,,,https://en.wikipedia.org/w/index.php?title=Kohl's&oldid=1096054367,https://en.wikipedia.org/wiki/Kohl's
2022,BlackRock,,184,Larry Fink,,,,,,https://en.wikipedia.org/w/index.php?title=BlackRock&oldid=1098376447,https://en.wikipedia.org/wiki/BlackRock
2022,Jones Lang LaSalle,,185,Christian Ulbrich,,,,,,https://en.wikipedia.org/w/index.php?title=JLL_(company)&oldid=1099271697,https://en.wikipedia.org/wiki/JLL_(company)
2022,Lear,,186,Ray Scott,,,,,,https://en.wikipedia.org/w/index.php?title=Lear_Corporation&oldid=1090825989,https://en.wikipedia.org/wiki/Lear_Corporation
2022,Lincoln National,,187,Ellen Cooper,,,,,,https://en.wikipedia.org/w/index.php?title=Lincoln_National_Corporation&oldid=1096376720,https://en.wikipedia.org/wiki/Lincoln_National_Corporation
2022,Charles Schwab,,188,Walter W Bettinger II,,,,,,https://en.wikipedia.org/w/index.php?title=Charles_Schwab_Corporation&oldid=1098379305,https://en.wikipedia.org/wiki/Charles_Schwab_Corporation
2022,Ross Stores,,189,Barbara Rentler,,,,,,https://en.wikipedia.org/w/index.php?title=Ross_Stores&oldid=1101129746,https://en.wikipedia.org/wiki/Ross_Stores
2022,Mastercard,,190,Michael Miebach,,,,,,https://en.wikipedia.org/w/index.php?title=Mastercard&oldid=1098885603,https://en.wikipedia.org/wiki/Mastercard
2022,Genuine Parts,,191,Paul D. Donohue,,,,,,https://en.wikipedia.org/w/index.php?title=Genuine_Parts_Company&oldid=1095470446,https://en.wikipedia.org/wiki/Genuine_Parts_Company
2022,WestRock,,192,David B. Sewell,,,,,,https://en.wikipedia.org/w/index.php?title=WestRock&oldid=1097135147,https://en.wikipedia.org/wiki/WestRock
2022,EOG Resources,,193,Ezra Y. Yacob,,,,,,https://en.wikipedia.org/w/index.php?title=EOG_Resources&oldid=1085688317,https://en.wikipedia.org/wiki/EOG_Resources
2022,Cognizant Technology Solutions,,194,Brian Humphries,,,,,,https://en.wikipedia.org/w/index.php?title=Cognizant&oldid=1096943699,https://en.wikipedia.org/wiki/Cognizant
2022,Moderna,,195,Stéphane Bancel,,,,,,https://en.wikipedia.org/w/index.php?title=Moderna&oldid=1099136724,https://en.wikipedia.org/wiki/Moderna
2022,Steel Dynamics,,196,Mark D. Millett,Mark Millett,,,,,https://en.wikipedia.org/w/index.php?title=Steel_Dynamics&oldid=1098425446,https://en.wikipedia.org/wiki/Steel_Dynamics
2022,HF Sinclair,,197,Michael C. Jennings,,,,,,https://en.wikipedia.org/w/index.php?title=HF_Sinclair&oldid=1098907590,https://en.wikipedia.org/wiki/HF_Sinclair
2022,Texas Instruments,,198,Rich Templeton,,,,,,https://en.wikipedia.org/w/index.php?title=Texas_Instruments&oldid=1097437977,https://en.wikipedia.org/wiki/Texas_Instruments
2022,Emerson Electric,,199,Lal Karsanbhai,Lal L. Karsanbhai,,,,,https://en.wikipedia.org/w/index.php?title=Emerson_Electric&oldid=1099454127,https://en.wikipedia.org/wiki/Emerson_Electric
2022,WESCO International,,200,John Engel,John J. Engel,,,,,https://en.wikipedia.org/w/index.php?title=WESCO_International&oldid=1100409215,https://en.wikipedia.org/wiki/WESCO_International
2022,General Mills,,201,Jeffrey Harmening,Jeffrey L. Harmening,,,,,https://en.wikipedia.org/w/index.php?title=General_Mills&oldid=1096627204,https://en.wikipedia.org/wiki/General_Mills
2022,Tenneco,,202,Brian Kesseler,,,,,,https://en.wikipedia.org/w/index.php?title=Tenneco&oldid=1096139634,https://en.wikipedia.org/wiki/Tenneco
2022,Waste Management,,203,James C. Fish Jr.,,,,,,"https://en.wikipedia.org/w/index.php?title=Waste_Management,_Inc.&oldid=1096664537","https://en.wikipedia.org/wiki/Waste_Management,_Inc."
2022,Viatris,,204,Michael Goettler,,,,,,https://en.wikipedia.org/w/index.php?title=Viatris&oldid=1099660670,https://en.wikipedia.org/wiki/Viatris
2022,DISH Network,,205,Erik Carlson,,,,,,https://en.wikipedia.org/w/index.php?title=Dish_Network&oldid=1098571713,https://en.wikipedia.org/wiki/Dish_Network
2022,L3Harris Technologies,,206,Christopher E. Kubasik,Christopher Kubasik; Chris Kubasik,,,,,https://en.wikipedia.org/w/index.php?title=L3Harris&oldid=1097575411,https://en.wikipedia.org/wiki/L3Harris
2022,DXC Technology,,207,Mike Salvino,,,,,,https://en.wikipedia.org/w/index.php?title=DXC_Technology&oldid=1098284866,https://en.wikipedia.org/wiki/DXC_Technology
2022,Block,,208,Jack Dorsey,,,,,,"https://en.wikipedia.org/w/index.php?title=Block,_Inc.&oldid=1098061750","https://en.wikipedia.org/wiki/Block,_Inc."
2022,Goodyear Tire & Rubber,,209,Richard J. Kramer,Richard Kramer,,,,,https://en.wikipedia.org/w/index.php?title=Goodyear_Tire_and_Rubber_Company&oldid=1098248399,https://en.wikipedia.org/wiki/Goodyear_Tire_and_Rubber_Company
2022,Uber Technologies,,210,Dara Khosrowshahi,,,,,,https://en.wikipedia.org/w/index.php?title=Uber&oldid=1098238035,https://en.wikipedia.org/wiki/Uber
2022,Colgate-Palmolive,,211,Noel Wallace,Noel R. Wallace,,,,,https://en.wikipedia.org/w/index.php?title=Colgate-Palmolive&oldid=1099446484,https://en.wikipedia.org/wiki/Colgate-Palmolive
2022,Stanley Black & Decker,,212,James M. Loree,,,,,,https://en.wikipedia.org/w/index.php?title=Stanley_Black_&_Decker&oldid=1116728639,https://en.wikipedia.org/wiki/Stanley_Black_
2022,DuPont,,213,Edward D. Breen,Edward Breen,,,,,https://en.wikipedia.org/w/index.php?title=DuPont&oldid=1101563438,https://en.wikipedia.org/wiki/DuPont
2022,Stryker,,214,Kevin A. Lobo,Kevin Lobo,,,,,https://en.wikipedia.org/w/index.php?title=Stryker_Corporation&oldid=1096169669,https://en.wikipedia.org/wiki/Stryker_Corporation
2022,NextEra Energy,,215,James L. Robo,,,,,,https://en.wikipedia.org/w/index.php?title=NextEra_Energy&oldid=1092445271,https://en.wikipedia.org/wiki/NextEra_Energy
2022,Targa Resources,,216,Matthew J. Meloy,Matthew Meloy; Matt Meloy,,,,,https://en.wikipedia.org/w/index.php?title=Targa_Resources&oldid=1098703824,https://en.wikipedia.org/wiki/Targa_Resources
2022,Western Digital,,217,David Goeckeler,David V. Goeckeler,,,,,https://en.wikipedia.org/w/index.php?title=Western_Digital&oldid=1101115778,https://en.wikipedia.org/wiki/Western_Digital
2022,PPG Industries,,218,Michael H. McGarry,,,,,,https://en.wikipedia.org/w/index.php?title=PPG_Industries&oldid=1101184888,https://en.wikipedia.org/wiki/PPG_Industries
2022,American Electric Power,,219,Nick Akins,,,,,,https://en.wikipedia.org/w/index.php?title=American_Electric_Power&oldid=1098019780,https://en.wikipedia.org/wiki/American_Electric_Power
2022,Gap,,220,Bob Martin,,,,,,https://en.wikipedia.org/w/index.php?title=Gap_Inc.&oldid=1098291298,https://en.wikipedia.org/wiki/Gap_Inc.
2022,BJ's Wholesale Club,,221,Bob Eddy,,,,,,https://en.wikipedia.org/w/index.php?title=BJ's_Wholesale_Club&oldid=1097824912,https://en.wikipedia.org/wiki/BJ's_Wholesale_Club
2022,Reinsurance Group of America,,222,Anna Manning,,,,,,https://en.wikipedia.org/w/index.php?title=Reinsurance_Group_of_America&oldid=1089370837,https://en.wikipedia.org/wiki/Reinsurance_Group_of_America
2022,Kinder Morgan,,223,Steven J. Kean,Steven Kean,,,,,https://en.wikipedia.org/w/index.php?title=Kinder_Morgan&oldid=1091426519,https://en.wikipedia.org/wiki/Kinder_Morgan
2022,Oneok,,224,Terry K. Spencer,,,,,,https://en.wikipedia.org/w/index.php?title=Oneok&oldid=1069989797,https://en.wikipedia.org/wiki/Oneok
2022,Expeditors Intl. of Washington,Expeditors International of Washington,225,Jeffrey S. Musser,,,,,,https://en.wikipedia.org/w/index.php?title=Expeditors_International&oldid=1073420321,https://en.wikipedia.org/wiki/Expeditors_International
2022,Advanced Micro Devices,,226,Lisa Su,Lisa T. Su,,,,,https://en.wikipedia.org/w/index.php?title=Advanced_Micro_Devices&oldid=1128512678,https://en.wikipedia.org/wiki/Advanced_Micro_Devices
2022,Fiserv,,227,Frank Bisignano,Frank J. Bisignano,,,,,https://en.wikipedia.org/w/index.php?title=Fiserv&oldid=1099700173,https://en.wikipedia.org/wiki/Fiserv
2022,Estée Lauder,,228,Fabrizio Freda,,,,,,https://en.wikipedia.org/w/index.php?title=Estée_Lauder&oldid=1098226024,https://en.wikipedia.org/wiki/Estée_Lauder
2022,Bank of New York (BNY),Bank of New York Mellon,229,Thomas P.,,,,,,https://en.wikipedia.org/w/index.php?title=BNY&oldid=1102378861,https://en.wikipedia.org/wiki/BNY
2022,Labcorp Holdings,Laboratory Corp. of America,230,Adam H. Schechter,Adam Schechter,,,,,https://en.wikipedia.org/w/index.php?title=Labcorp&oldid=1098049417,https://en.wikipedia.org/wiki/Labcorp
2022,Regeneron Pharmaceuticals,,231,Leonard Schleifer,Leonard S. Schleifer,,,,,https://en.wikipedia.org/w/index.php?title=Regeneron_Pharmaceuticals&oldid=1100389712,https://en.wikipedia.org/wiki/Regeneron_Pharmaceuticals
2022,Land O'Lakes,,232,Beth Ford,Beth E. Ford,,,,,https://en.wikipedia.org/w/index.php?title=Land_O'Lakes&oldid=1097866608,https://en.wikipedia.org/wiki/Land_O'Lakes
2022,Cheniere Energy,,233,Jack Fusco,,,,,,https://en.wikipedia.org/w/index.php?title=Cheniere_Energy&oldid=1094434323,https://en.wikipedia.org/wiki/Cheniere_Energy
2022,Southwest Airlines,,234,Robert E. Jordan,Robert Jordan; Bob Jordan,,,,,https://en.wikipedia.org/w/index.php?title=Southwest_Airlines&oldid=1097952333,https://en.wikipedia.org/wiki/Southwest_Airlines
2022,Adobe,,235,Shantanu Narayen,,,,,,https://en.wikipedia.org/w/index.php?title=Adobe_Inc.&oldid=1098779571,https://en.wikipedia.org/wiki/Adobe_Inc.
2022,Synchrony,Synchrony Financial,236,Brian Doubles,Brian D. Doubles,,,,,https://en.wikipedia.org/w/index.php?title=Synchrony_Financial&oldid=1107392776,https://en.wikipedia.org/wiki/Synchrony_Financial
2022,Corteva,,237,Chuck Magro,,,,,,https://en.wikipedia.org/w/index.php?title=Corteva&oldid=1094181082,https://en.wikipedia.org/wiki/Corteva
2022,Fidelity National Financial,,238,Raymond R. Quirk,,,,,,https://en.wikipedia.org/w/index.php?title=Fidelity_National_Financial&oldid=1100472884,https://en.wikipedia.org/wiki/Fidelity_National_Financial
2022,DTE Energy,,239,Gerardo Norcia,,,,,,https://en.wikipedia.org/w/index.php?title=DTE_Energy&oldid=1091896925,https://en.wikipedia.org/wiki/DTE_Energy
2022,Murphy USA,,240,R. Andrew Clyde,,,,,,https://en.wikipedia.org/w/index.php?title=Murphy_USA&oldid=1105090609,https://en.wikipedia.org/wiki/Murphy_USA
2022,Halliburton,,241,Jeff Miller,,,,,,https://en.wikipedia.org/w/index.php?title=Halliburton&oldid=1096611751,https://en.wikipedia.org/wiki/Halliburton
2022,Automatic Data Processing,,242,Carlos A. Rodriguez,,,,,,https://en.wikipedia.org/w/index.php?title=Automatic_Data_Processing&oldid=1120639900,https://en.wikipedia.org/wiki/Automatic_Data_Processing
2022,Edison International,,243,Pedro J. Pizarro,Pedro Pizarro,,,,,https://en.wikipedia.org/w/index.php?title=Edison_International&oldid=1099845918,https://en.wikipedia.org/wiki/Edison_International
2022,BorgWarner,,244,Frédéric Lissalde,,,,,,https://en.wikipedia.org/w/index.php?title=BorgWarner&oldid=1100847570,https://en.wikipedia.org/wiki/BorgWarner
2022,Nordstrom,,245,Erik Nordstrom,Erik B. Nordstrom,,,,,https://en.wikipedia.org/w/index.php?title=Nordstrom&oldid=1099335934,https://en.wikipedia.org/wiki/Nordstrom
2022,Loews,,246,James Tisch,,,,,,https://en.wikipedia.org/w/index.php?title=Loews_Corporation&oldid=1088868820,https://en.wikipedia.org/wiki/Loews_Corporation
2022,Guardian Life Ins. Co. of America,,247,Andrew McMahon,,,,,,https://en.wikipedia.org/w/index.php?title=The_Guardian_Life_Insurance_Company_of_America&oldid=1077786002,https://en.wikipedia.org/wiki/The_Guardian_Life_Insurance_Company_of_America
2022,Pioneer Natural Resources,,248,Scott D. Sheffield,,,,,,https://en.wikipedia.org/w/index.php?title=Pioneer_Natural_Resources&oldid=1091957209,https://en.wikipedia.org/wiki/Pioneer_Natural_Resources
2022,AutoZone,,249,William C. Rhodes III,,,,,,https://en.wikipedia.org/w/index.php?title=AutoZone&oldid=1095342278,https://en.wikipedia.org/wiki/AutoZone
2022,Lam Research,,250,Tim Archer,,,,,,https://en.wikipedia.org/w/index.php?title=Lam_Research&oldid=1097199960,https://en.wikipedia.org/wiki/Lam_Research
2022,American Family Insurance Group,,251,Jack Salzwedel,,,,,,https://en.wikipedia.org/w/index.php?title=American_Family_Insurance&oldid=1099637948,https://en.wikipedia.org/wiki/American_Family_Insurance
2022,Illinois Tool Works,,252,E. Scott Santi,,,,,,https://en.wikipedia.org/w/index.php?title=Illinois_Tool_Works&oldid=1106001887,https://en.wikipedia.org/wiki/Illinois_Tool_Works
2022,Parker-Hannifin,,253,Thomas L. Williams,,,,,,https://en.wikipedia.org/w/index.php?title=Parker_Hannifin&oldid=1098452381,https://en.wikipedia.org/wiki/Parker_Hannifin
2022,Otis Worldwide,,254,Judy Marks,,,,,,https://en.wikipedia.org/w/index.php?title=Otis_Worldwide&oldid=1098289229,https://en.wikipedia.org/wiki/Otis_Worldwide
2022,Omnicom Group,,255,John D. Wren,John Wren,,,,,https://en.wikipedia.org/w/index.php?title=Omnicom_Group&oldid=1097756709,https://en.wikipedia.org/wiki/Omnicom_Group
2022,Principal Financial,,256,Daniel J. Houston,Daniel Houston,,,,,https://en.wikipedia.org/w/index.php?title=Principal_Financial_Group&oldid=1096053550,https://en.wikipedia.org/wiki/Principal_Financial_Group
2022,Dominion Energy,,257,Robert Blue,Robert M. Blue,,,,,https://en.wikipedia.org/w/index.php?title=Dominion_Energy&oldid=1098021575,https://en.wikipedia.org/wiki/Dominion_Energy
2022,Kellanova,Kellogg,258,Steven Cahillane,Steven A. Cahillane,,,,,,
2022,Fluor,,259,David E. Constable,,,,,,https://en.wikipedia.org/w/index.php?title=Fluor_Corporation&oldid=1098046551,https://en.wikipedia.org/wiki/Fluor_Corporation
2022,AECOM,,260,W. Troy Rudd,Troy Rudd,,,,,https://en.wikipedia.org/w/index.php?title=AECOM&oldid=1097770240,https://en.wikipedia.org/wiki/AECOM
2022,Reliance,Reliance Steel & Aluminum,261,Jim Hoffman,,,,,,"https://en.wikipedia.org/w/index.php?title=Reliance,_Inc.&oldid=1108171178","https://en.wikipedia.org/wiki/Reliance,_Inc."
2022,Jacobs Solutions,,262,Steven J. Demetriou,,,,,,https://en.wikipedia.org/w/index.php?title=Jacobs_Solutions&oldid=1098477538,https://en.wikipedia.org/wiki/Jacobs_Solutions
2022,Corning,,263,Wendell P. Weeks,Wendell Weeks,,,,,https://en.wikipedia.org/w/index.php?title=Corning_Inc.&oldid=1096871060,https://en.wikipedia.org/wiki/Corning_Inc.
2022,Farmers Insurance Exchange,,264,Jeffrey J. Dailey,,,,,,https://en.wikipedia.org/w/index.php?title=Farmers_Insurance_Group&oldid=1092034193,https://en.wikipedia.org/wiki/Farmers_Insurance_Group
2022,QVC Group,Qurate Retail,265,David Rawlinson II,,,,,,https://en.wikipedia.org/w/index.php?title=QVC_Group&oldid=1096960410,https://en.wikipedia.org/wiki/QVC_Group
2022,Pacific Life,,266,Darryl Button,,,,,,https://en.wikipedia.org/w/index.php?title=Pacific_Life&oldid=1111712493,https://en.wikipedia.org/wiki/Pacific_Life
2022,PulteGroup,,267,Ryan R. Marshall,,,,,,https://en.wikipedia.org/w/index.php?title=PulteGroup&oldid=1096175058,https://en.wikipedia.org/wiki/PulteGroup
2022,Fidelity National Information (FIS),Fidelity National Information Services,268,Gary A. Norcross,,,,,,https://en.wikipedia.org/w/index.php?title=FIS_(company)&oldid=1095964751,https://en.wikipedia.org/wiki/FIS_(company)
2022,IQVIA Holdings,,269,Ari Bousbib,,,,,,https://en.wikipedia.org/w/index.php?title=IQVIA&oldid=1103687848,https://en.wikipedia.org/wiki/IQVIA
2022,Marriott International,,270,Anthony Capuano,Anthony G. Capuano,,,,,https://en.wikipedia.org/w/index.php?title=Marriott_International&oldid=1097218168,https://en.wikipedia.org/wiki/Marriott_International
2022,Berry Global Group,,271,Thomas E.,,,,,,https://en.wikipedia.org/w/index.php?title=Berry_Global&oldid=1099183431,https://en.wikipedia.org/wiki/Berry_Global
2022,Ball,,272,Dan Fisher,,,,,,https://en.wikipedia.org/w/index.php?title=Ball_Corporation&oldid=1096354589,https://en.wikipedia.org/wiki/Ball_Corporation
2022,Group 1 Automotive,,273,Earl J. Hesterberg,,,,,,https://en.wikipedia.org/w/index.php?title=Group_1_Automotive&oldid=1097982347,https://en.wikipedia.org/wiki/Group_1_Automotive
2022,Leidos Holdings,,274,Roger Krone,,,,,,https://en.wikipedia.org/w/index.php?title=Leidos&oldid=1102016449,https://en.wikipedia.org/wiki/Leidos
2022,Wayfair,,275,Niraj Shah,Niraj S. Shah,,,,,https://en.wikipedia.org/w/index.php?title=Wayfair&oldid=1099617119,https://en.wikipedia.org/wiki/Wayfair
2022,Consolidated Edison,,276,Tim Cawley,,,,,,https://en.wikipedia.org/w/index.php?title=Consolidated_Edison&oldid=1098010785,https://en.wikipedia.org/wiki/Consolidated_Edison
2022,Ameriprise Financial,,277,James M. Cracchiolo,,,,,,https://en.wikipedia.org/w/index.php?title=Ameriprise_Financial&oldid=1099535487,https://en.wikipedia.org/wiki/Ameriprise_Financial
2022,Xcel Energy,,278,Robert C. Frenzel,Robert Frenzel; Bob Frenzel,,,,,https://en.wikipedia.org/w/index.php?title=Xcel_Energy&oldid=1106135185,https://en.wikipedia.org/wiki/Xcel_Energy
2022,O'Reilly Automotive,,279,Gregory D. Johnson,Gregory Johnson; Greg Johnson,,,,,https://en.wikipedia.org/w/index.php?title=O%27Reilly_Auto_Parts&oldid=1096751185,https://en.wikipedia.org/wiki/O'Reilly_Auto_Parts
2022,Global Partners,,280,Eric Slifka,,,,,,,
2022,Discover,Discover Financial Services,281,Roger C. Hochschild,Roger Hochschild,,,,,https://en.wikipedia.org/w/index.php?title=Discover_Financial&oldid=1094701336,https://en.wikipedia.org/wiki/Discover_Financial
2022,Rocket Companies,,282,Jay Farner,,,,,,https://en.wikipedia.org/w/index.php?title=Rocket_Companies&oldid=1120231426,https://en.wikipedia.org/wiki/Rocket_Companies
2022,LKQ,,283,Dominick P. Zarcone,,,,,,https://en.wikipedia.org/w/index.php?title=LKQ_Corporation&oldid=1089559687,https://en.wikipedia.org/wiki/LKQ_Corporation
2022,W.W. Grainger,,284,D.G. Macpherson,,,,,,https://en.wikipedia.org/w/index.php?title=W._W._Grainger&oldid=1103390441,https://en.wikipedia.org/wiki/W._W._Grainger
2022,Quanta Services,,285,Earl C. Austin,Earl Austin; Duke Austin; Earl C. Austin Jr.,,,,,https://en.wikipedia.org/w/index.php?title=Quanta_Services&oldid=1098362122,https://en.wikipedia.org/wiki/Quanta_Services
2022,Crown Holdings,,286,Timothy J. Donahue,Timothy Donahue,,,,,https://en.wikipedia.org/w/index.php?title=Crown_Holdings&oldid=1102797340,https://en.wikipedia.org/wiki/Crown_Holdings
2022,Fox,,287,Lachlan Murdoch,Lachlan K. Murdoch,,,,,https://en.wikipedia.org/w/index.php?title=Fox_Corporation&oldid=1098117676,https://en.wikipedia.org/wiki/Fox_Corporation
2022,Sempra,,288,Jeffrey W. Martin,,,,,,https://en.wikipedia.org/w/index.php?title=Sempra&oldid=1105390470,https://en.wikipedia.org/wiki/Sempra
2022,Markel Group,Markel,289,Thomas S. Gayner,,Richard R. Whitt. III,,,,https://en.wikipedia.org/w/index.php?title=Markel_Group&oldid=1097853372,https://en.wikipedia.org/wiki/Markel_Group
2022,Carvana,,290,Ernest Garcia III,,,,,,https://en.wikipedia.org/w/index.php?title=Carvana&oldid=1099457771,https://en.wikipedia.org/wiki/Carvana
2022,XPO,,291,Brad Jacobs,,,,,,"https://en.wikipedia.org/w/index.php?title=XPO,_Inc.&oldid=1097961049","https://en.wikipedia.org/wiki/XPO,_Inc."
2022,Baxter International,,292,José E. Almeida,,,,,,https://en.wikipedia.org/w/index.php?title=Baxter_International&oldid=1106321966,https://en.wikipedia.org/wiki/Baxter_International
2022,Ecolab,,293,Christophe Beck,,,,,,https://en.wikipedia.org/w/index.php?title=Ecolab&oldid=1099114772,https://en.wikipedia.org/wiki/Ecolab
2022,Tractor Supply,,294,Hal Lawton,,,,,,https://en.wikipedia.org/w/index.php?title=Tractor_Supply_Company&oldid=1093507682,https://en.wikipedia.org/wiki/Tractor_Supply_Company
2022,Andersons,,295,Patrick E. Bowe,Patrick Bowe,,,,,https://en.wikipedia.org/w/index.php?title=The_Andersons&oldid=1108114432,https://en.wikipedia.org/wiki/The_Andersons
2022,Keurig Dr Pepper,,296,Robert Gamgort,Robert J. Gamgort,,,,,https://en.wikipedia.org/w/index.php?title=Keurig_Dr_Pepper&oldid=1099254973,https://en.wikipedia.org/wiki/Keurig_Dr_Pepper
2022,Universal Health Services,,297,Marc D. Miller,Marc Miller,,,,,https://en.wikipedia.org/w/index.php?title=Universal_Health_Services&oldid=1095804312,https://en.wikipedia.org/wiki/Universal_Health_Services
2022,CSX,,298,Steve Angel,,,,,,https://en.wikipedia.org/w/index.php?title=CSX_Transportation&oldid=1100975328,https://en.wikipedia.org/wiki/CSX_Transportation
2022,Henry Schein,,299,Stanley M. Bergman,Stanley Bergman,,,,,https://en.wikipedia.org/w/index.php?title=Henry_Schein&oldid=1099464953,https://en.wikipedia.org/wiki/Henry_Schein
2022,Sonic Automotive,,300,David Smith,,,,,,https://en.wikipedia.org/w/index.php?title=Sonic_Automotive&oldid=1094563239,https://en.wikipedia.org/wiki/Sonic_Automotive
2022,Ebay,,301,Jamie Iannone,,,,,,https://en.wikipedia.org/w/index.php?title=Ebay&oldid=1068430796,https://en.wikipedia.org/wiki/Ebay
2022,Textron,,302,Scott C. Donnelly,Scott Donnelly,,,,,https://en.wikipedia.org/w/index.php?title=Textron&oldid=1099816886,https://en.wikipedia.org/wiki/Textron
2022,Jones Financial (Edward Jones),,303,Penny Pennington,,,,,,https://en.wikipedia.org/w/index.php?title=Edward_Jones_Investments&oldid=1112472533,https://en.wikipedia.org/wiki/Edward_Jones_Investments
2022,Community Health Systems,,304,Tim Hingtgen,,,,,,https://en.wikipedia.org/w/index.php?title=Community_Health_Systems&oldid=1104115185,https://en.wikipedia.org/wiki/Community_Health_Systems
2022,Mosaic,,305,James C. O’Rourke,James O’Rourke; Joc O’Rourke,,,,,https://en.wikipedia.org/w/index.php?title=The_Mosaic_Company&oldid=1096464095,https://en.wikipedia.org/wiki/The_Mosaic_Company
2022,Thor Industries,,306,Bob Martin,,,,,,https://en.wikipedia.org/w/index.php?title=Thor_Industries&oldid=1097086931,https://en.wikipedia.org/wiki/Thor_Industries
2022,Dick's Sporting Goods,,307,Lauren Hobart,Lauren R. Hobart,,,,,https://en.wikipedia.org/w/index.php?title=Dick's_Sporting_Goods&oldid=1087801487,https://en.wikipedia.org/wiki/Dick's_Sporting_Goods
2022,Newmont,,308,Thomas R. Palmer,,,,,,https://en.wikipedia.org/w/index.php?title=Newmont&oldid=1078555997,https://en.wikipedia.org/wiki/Newmont
2022,Devon Energy,,309,Rick Muncrief,,,,,,https://en.wikipedia.org/w/index.php?title=Devon_Energy&oldid=1103481933,https://en.wikipedia.org/wiki/Devon_Energy
2022,Warner Bros. Discovery,,310,David M. Zaslav,David Zaslav,,,,,https://en.wikipedia.org/w/index.php?title=Warner_Bros._Discovery&oldid=1098296102,https://en.wikipedia.org/wiki/Warner_Bros._Discovery
2022,J.B. Hunt Transport Services,,311,John N. Roberts III,,,,,,https://en.wikipedia.org/w/index.php?title=J._B._Hunt&oldid=1100283993,https://en.wikipedia.org/wiki/J._B._Hunt
2022,Alcoa,,312,Roy C. Harvey,Roy Harvey,,,,,https://en.wikipedia.org/w/index.php?title=Alcoa&oldid=1097118603,https://en.wikipedia.org/wiki/Alcoa
2022,Peter Kiewit Sons',,313,Rick Lanoha,,,,,,https://en.wikipedia.org/w/index.php?title=Kiewit_Corporation&oldid=1095983748,https://en.wikipedia.org/wiki/Kiewit_Corporation
2022,Aramark,,314,John Zillmer,,,,,,https://en.wikipedia.org/w/index.php?title=Aramark&oldid=1107228414,https://en.wikipedia.org/wiki/Aramark
2022,Vistra,,315,Curtis A. Morgan,,,,,,https://en.wikipedia.org/w/index.php?title=Vistra_Corp.&oldid=1103093772,https://en.wikipedia.org/wiki/Vistra_Corp.
2022,State Street,,316,Ron O'Hanley,,,,,,https://en.wikipedia.org/w/index.php?title=State_Street_Corporation&oldid=1095805916,https://en.wikipedia.org/wiki/State_Street_Corporation
2022,Unum Group,,317,Rick McKenney,,,,,,https://en.wikipedia.org/w/index.php?title=Unum&oldid=1100995472,https://en.wikipedia.org/wiki/Unum
2022,Alleghany,,318,Joseph P. Brandon,,,,,,,
2022,Boston Scientific,,319,Michael F. Mahoney,,,,,,https://en.wikipedia.org/w/index.php?title=Boston_Scientific&oldid=1097372835,https://en.wikipedia.org/wiki/Boston_Scientific
2022,Westlake,,320,Albert Chao,,,,,,https://en.wikipedia.org/w/index.php?title=Westlake_Corporation&oldid=1107400126,https://en.wikipedia.org/wiki/Westlake_Corporation
2022,Entergy,,321,Leo Denault,,,,,,https://en.wikipedia.org/w/index.php?title=Entergy&oldid=1099626919,https://en.wikipedia.org/wiki/Entergy
2022,International Flavors & Fragrances,,322,Andreas Fibig,,,,,,https://en.wikipedia.org/w/index.php?title=International_Flavors_%26_Fragrances&oldid=1097383736,https://en.wikipedia.org/wiki/International_Flavors_&_Fragrances
2022,DaVita,,323,Javier J. Rodriguez,,,,,,https://en.wikipedia.org/w/index.php?title=DaVita&oldid=1099124100,https://en.wikipedia.org/wiki/DaVita
2022,Mutual of Omaha,Mutual of Omaha Insurance,324,James Blackledge,James T. Blackledge,,,,,https://en.wikipedia.org/w/index.php?title=Mutual_of_Omaha&oldid=1100491405,https://en.wikipedia.org/wiki/Mutual_of_Omaha
2022,Assurant,,325,Keith W. Demmings,Keith Demmings,,,,,https://en.wikipedia.org/w/index.php?title=Assurant&oldid=1095067422,https://en.wikipedia.org/wiki/Assurant
2022,Liberty Media,,326,Greg Maffei,,,,,,https://en.wikipedia.org/w/index.php?title=Liberty_Media&oldid=1102565755,https://en.wikipedia.org/wiki/Liberty_Media
2022,Hormel Foods,,327,James Snee,,,,,,https://en.wikipedia.org/w/index.php?title=Hormel_Foods&oldid=1095215885,https://en.wikipedia.org/wiki/Hormel_Foods
2022,Icahn Enterprises,,328,Keith Cozza,,,,,,https://en.wikipedia.org/w/index.php?title=Icahn_Enterprises&oldid=1080024783,https://en.wikipedia.org/wiki/Icahn_Enterprises
2022,Republic Services,,329,Jon Vander Ark,,,,,,https://en.wikipedia.org/w/index.php?title=Republic_Services&oldid=1096045710,https://en.wikipedia.org/wiki/Republic_Services
2022,Mohawk Industries,,330,Jeffrey Lorberbaum,Jeffrey S. Lorberbaum,,,,,https://en.wikipedia.org/w/index.php?title=Mohawk_Industries&oldid=1101026977,https://en.wikipedia.org/wiki/Mohawk_Industries
2022,Conagra Brands,,331,Sean Connolly,Sean M. Connolly,,,,,https://en.wikipedia.org/w/index.php?title=Conagra_Brands&oldid=1099959906,https://en.wikipedia.org/wiki/Conagra_Brands
2022,Norfolk Southern,,332,Alan H. Shaw,Alan Shaw,,,,,https://en.wikipedia.org/w/index.php?title=Norfolk_Southern_Railway&oldid=1098264924,https://en.wikipedia.org/wiki/Norfolk_Southern_Railway
2022,AES,,333,Andres Gluski,Andres R. Gluski,,,,,https://en.wikipedia.org/w/index.php?title=AES_Corporation&oldid=1103626475,https://en.wikipedia.org/wiki/AES_Corporation
2022,AGCO,,334,Eric Hansotia,Eric P. Hansotia,,,,,https://en.wikipedia.org/w/index.php?title=AGCO&oldid=1098497845,https://en.wikipedia.org/wiki/AGCO
2022,Caesars Entertainment,,335,Thomas Reeg,Thomas R. Reeg,,,,,https://en.wikipedia.org/w/index.php?title=Caesars_Entertainment&oldid=1098828959,https://en.wikipedia.org/wiki/Caesars_Entertainment
2022,Equitable Holdings,,336,Mark Pearson,,,,,,https://en.wikipedia.org/w/index.php?title=Equitable_Holdings&oldid=1094859996,https://en.wikipedia.org/wiki/Equitable_Holdings
2022,Advance Auto Parts,,337,Tom Greco,,,,,,https://en.wikipedia.org/w/index.php?title=Advance_Auto_Parts&oldid=1093575123,https://en.wikipedia.org/wiki/Advance_Auto_Parts
2022,Biogen,,338,Michel Vounatsos,,,,,,https://en.wikipedia.org/w/index.php?title=Biogen&oldid=1095124259,https://en.wikipedia.org/wiki/Biogen
2022,Auto-Owners Insurance,,339,Jamie Whisnant,,,,,,https://en.wikipedia.org/w/index.php?title=Auto-Owners_Insurance&oldid=1097369259,https://en.wikipedia.org/wiki/Auto-Owners_Insurance
2022,Booking Holdings,,340,Glenn D. Fogel,Glenn Fogel,,,,,https://en.wikipedia.org/w/index.php?title=Booking_Holdings&oldid=1097987032,https://en.wikipedia.org/wiki/Booking_Holdings
2022,Amphenol,,341,R. Adam Norwitt,,,,,,https://en.wikipedia.org/w/index.php?title=Amphenol&oldid=1093454106,https://en.wikipedia.org/wiki/Amphenol
2022,Quest Diagnostics,,342,Steve Rusckowski,,,,,,https://en.wikipedia.org/w/index.php?title=Quest_Diagnostics&oldid=1098369233,https://en.wikipedia.org/wiki/Quest_Diagnostics
2022,FirstEnergy,,343,Steve Strah,,,,,,https://en.wikipedia.org/w/index.php?title=FirstEnergy&oldid=1097997829,https://en.wikipedia.org/wiki/FirstEnergy
2022,DCP Midstream,,344,Wouter van Kempen,,,,,,,
2022,Ally Financial,,345,Jeffrey J. Brown,,,,,,https://en.wikipedia.org/w/index.php?title=Ally_Financial&oldid=1099107178,https://en.wikipedia.org/wiki/Ally_Financial
2022,Delek US Holdings,,346,Uzi Yemin,,,,,,https://en.wikipedia.org/w/index.php?title=Delek_US&oldid=1091937885,https://en.wikipedia.org/wiki/Delek_US
2022,Williams,,347,Alan S. Armstrong,Alan Armstrong,,,,,https://en.wikipedia.org/w/index.php?title=Williams_Companies&oldid=1108658394,https://en.wikipedia.org/wiki/Williams_Companies
2022,Newell Brands,,348,Ravi Saligram,,,,,,https://en.wikipedia.org/w/index.php?title=Newell_Brands&oldid=1097155883,https://en.wikipedia.org/wiki/Newell_Brands
2022,Eastman Chemical,,349,Mark J. Costa,,,,,,https://en.wikipedia.org/w/index.php?title=Eastman_Chemical_Company&oldid=1097686024,https://en.wikipedia.org/wiki/Eastman_Chemical_Company
2022,Air Products & Chemicals,,350,Seifi Ghasemi,,,,,,https://en.wikipedia.org/w/index.php?title=Air_Products_&_Chemicals&oldid=1097327422,https://en.wikipedia.org/wiki/Air_Products_
2022,Thrivent Financial,Thrivent Financial for Lutherans,351,Teresa J. Rasmussen,Teresa Rasmussen,,,,,https://en.wikipedia.org/w/index.php?title=Thrivent&oldid=1096941806,https://en.wikipedia.org/wiki/Thrivent
2022,Molson Coors Beverage,,352,Gavin Hattersley,,,,,,https://en.wikipedia.org/w/index.php?title=Molson_Coors&oldid=1098057842,https://en.wikipedia.org/wiki/Molson_Coors
2022,Interpublic Group,,353,Philippe Krakowsky,,,,,,https://en.wikipedia.org/w/index.php?title=The_Interpublic_Group_of_Companies&oldid=1113854191,https://en.wikipedia.org/wiki/The_Interpublic_Group_of_Companies
2022,Weyerhaeuser,,354,Devin Stockfish,Devin W. Stockfish,,,,,https://en.wikipedia.org/w/index.php?title=Weyerhaeuser&oldid=1094737488,https://en.wikipedia.org/wiki/Weyerhaeuser
2022,Optimum Communications,Altice USA,355,Dexter Goei,,,,,,https://en.wikipedia.org/w/index.php?title=Optimum_Communications&oldid=1099339271,https://en.wikipedia.org/wiki/Optimum_Communications
2022,Raymond James Financial,,356,Paul Reilly,Paul C. Reilly,,,,,https://en.wikipedia.org/w/index.php?title=Raymond_James_Financial&oldid=1096358519,https://en.wikipedia.org/wiki/Raymond_James_Financial
2022,EMCOR Group,,357,Anthony J. Guzzi,,,,,,https://en.wikipedia.org/w/index.php?title=Emcor&oldid=1079538089,https://en.wikipedia.org/wiki/Emcor
2022,Eversource Energy,,358,Joseph R. Nolan,Joseph Nolan,,,,,https://en.wikipedia.org/w/index.php?title=Eversource_Energy&oldid=1095886868,https://en.wikipedia.org/wiki/Eversource_Energy
2022,Yum China Holdings,,359,Joey Wat,,,,,,https://en.wikipedia.org/w/index.php?title=Yum_China&oldid=1098568409,https://en.wikipedia.org/wiki/Yum_China
2022,Asbury Automotive Group,,360,David W Hult,,,,,,https://en.wikipedia.org/w/index.php?title=Asbury_Automotive_Group&oldid=1094422168,https://en.wikipedia.org/wiki/Asbury_Automotive_Group
2022,Accendra Health,,361,Edward A. Pesicka,,,,,,https://en.wikipedia.org/w/index.php?title=Accendra_Health&oldid=1098311313,https://en.wikipedia.org/wiki/Accendra_Health
2022,Public Service Enterprise Group,,362,Ralph Izzo,,,,,,https://en.wikipedia.org/w/index.php?title=Public_Service_Enterprise_Group&oldid=1095830745,https://en.wikipedia.org/wiki/Public_Service_Enterprise_Group
2022,United Rentals,,363,Matthew Flannery,Matthew J. Flannery,,,,,https://en.wikipedia.org/w/index.php?title=United_Rentals&oldid=1087188959,https://en.wikipedia.org/wiki/United_Rentals
2022,MGM Resorts International,,364,Bill Hornbuckle,,,,,,https://en.wikipedia.org/w/index.php?title=MGM_Resorts_International&oldid=1098292235,https://en.wikipedia.org/wiki/MGM_Resorts_International
2022,Ryder System,,365,Robert E. Sanchez,Robert Sanchez,,,,,https://en.wikipedia.org/w/index.php?title=Ryder&oldid=1097642069,https://en.wikipedia.org/wiki/Ryder
2022,Intuit,,366,Sasan Goodarzi,Sasan K. Goodarzi,,,,,https://en.wikipedia.org/w/index.php?title=Intuit&oldid=1098489596,https://en.wikipedia.org/wiki/Intuit
2022,Cincinnati Financial,,367,Steven J. Johnston,,,,,,https://en.wikipedia.org/w/index.php?title=Cincinnati_Financial&oldid=1064404547,https://en.wikipedia.org/wiki/Cincinnati_Financial
2022,Erie Insurance Group,,368,Timothy G. NeCastro,,,,,,https://en.wikipedia.org/w/index.php?title=Erie_Insurance_Group&oldid=1099061403,https://en.wikipedia.org/wiki/Erie_Insurance_Group
2022,Univar Solutions,,369,David C. Jukes,,,,,,https://en.wikipedia.org/w/index.php?title=Univar_Solutions&oldid=1116903430,https://en.wikipedia.org/wiki/Univar_Solutions
2022,Huntington Ingalls Industries,,370,Christopher D. Kastner,Christopher Kastner,,,,,https://en.wikipedia.org/w/index.php?title=Huntington_Ingalls_Industries&oldid=1095215730,https://en.wikipedia.org/wiki/Huntington_Ingalls_Industries
2022,W.R. Berkley,,371,W. Robert Berkley Jr.,Robert Berkley,,,,,https://en.wikipedia.org/w/index.php?title=W._R._Berkley_Corporation&oldid=1108996430,https://en.wikipedia.org/wiki/W._R._Berkley_Corporation
2022,Western & Southern Financial Group,,372,John F. Barrett,John Barrett,,,,,https://en.wikipedia.org/w/index.php?title=Western_&_Southern_Financial_Group&oldid=1107356920,https://en.wikipedia.org/wiki/Western_
2022,Insight Enterprises,,373,Joyce Mullen,,,,,,https://en.wikipedia.org/w/index.php?title=Insight_Enterprises&oldid=1084651414,https://en.wikipedia.org/wiki/Insight_Enterprises
2022,News Corp.,,374,Robert James Thomson,,,,,,https://en.wikipedia.org/w/index.php?title=News_Corp&oldid=1097590290,https://en.wikipedia.org/wiki/News_Corp
2022,American Tower,,375,Tom Bartlett,,,,,,https://en.wikipedia.org/w/index.php?title=American_Tower&oldid=1109198589,https://en.wikipedia.org/wiki/American_Tower
2022,Old Republic International,,376,Craig R. Smiddy,Craig Smiddy,,,,,https://en.wikipedia.org/w/index.php?title=Old_Republic_International&oldid=1129132127,https://en.wikipedia.org/wiki/Old_Republic_International
2022,Burlington Stores,,377,Thomas A. Kingsbury,,,,,,https://en.wikipedia.org/w/index.php?title=Burlington_(department_store)&oldid=1098992791,https://en.wikipedia.org/wiki/Burlington_(department_store)
2022,Avis Budget Group,,378,Joe Ferraro,,,,,,https://en.wikipedia.org/w/index.php?title=Avis_Budget_Group&oldid=1099560724,https://en.wikipedia.org/wiki/Avis_Budget_Group
2022,ODP,,379,Gerry P. Smith,Gerry Smith,,,,,https://en.wikipedia.org/w/index.php?title=ODP&oldid=1097360726,https://en.wikipedia.org/wiki/ODP
2022,VF,,380,Steve Rendle,,,,,,https://en.wikipedia.org/w/index.php?title=VF_Corporation&oldid=1092237819,https://en.wikipedia.org/wiki/VF_Corporation
2022,Bed Bath & Beyond,,381,Jonathan E. Johnson,,,,,,https://en.wikipedia.org/w/index.php?title=Bed_Bath_%26_Beyond_(2023%E2%80%93present)&oldid=1098207989,https://en.wikipedia.org/wiki/Bed_Bath_&_Beyond_(2023–present)
2022,Seaboard,,382,Robert L. Steer,Robert Steer,,,,,https://en.wikipedia.org/w/index.php?title=Seaboard_Corporation&oldid=1105544812,https://en.wikipedia.org/wiki/Seaboard_Corporation
2022,First American Financial,,383,Kenneth D. Degiorgio,Kenneth Degiorgio; Ken DeGiorgio,,,,,,
2022,Intercontinental Exchange,,384,Jeffrey Sprecher,Jeffrey C. Sprecher,,,,,https://en.wikipedia.org/w/index.php?title=Intercontinental_Exchange&oldid=1097895286,https://en.wikipedia.org/wiki/Intercontinental_Exchange
2022,PVH,,385,Stefan Larsson,,,,,,https://en.wikipedia.org/w/index.php?title=PVH_Corp.&oldid=1096286072,https://en.wikipedia.org/wiki/PVH_Corp.
2022,Apollo Global Management,,386,Marc Rowan,,,,,,https://en.wikipedia.org/w/index.php?title=Apollo_Global_Management&oldid=1099136379,https://en.wikipedia.org/wiki/Apollo_Global_Management
2022,Jefferies Financial Group,,387,Richard B. Handler,,,,,,https://en.wikipedia.org/w/index.php?title=Jefferies_Financial_Group&oldid=1096140456,https://en.wikipedia.org/wiki/Jefferies_Financial_Group
2022,Hershey,,388,Michele Buck,Michele G. Buck,,,,,https://en.wikipedia.org/w/index.php?title=The_Hershey_Company&oldid=1100619670,https://en.wikipedia.org/wiki/The_Hershey_Company
2022,NVR,,389,Eugene J. Bredow,Eugene Bredow,,,,,"https://en.wikipedia.org/w/index.php?title=NVR,_Inc.&oldid=1095898911","https://en.wikipedia.org/wiki/NVR,_Inc."
2022,Foot Locker,,390,Richard A. Johnson,,,,,,https://en.wikipedia.org/w/index.php?title=Foot_Locker&oldid=1099303116,https://en.wikipedia.org/wiki/Foot_Locker
2022,Dana,,391,James K. Kamsickas,James Kamsickas,,,,,https://en.wikipedia.org/w/index.php?title=Dana_Incorporated&oldid=1100116790,https://en.wikipedia.org/wiki/Dana_Incorporated
2022,SpartanNash,,392,Tony B. Sarsam,,,,,,https://en.wikipedia.org/w/index.php?title=SpartanNash&oldid=1096353220,https://en.wikipedia.org/wiki/SpartanNash
2022,Olin,,393,Scott M. Sutton,Scott Sutton,,,,,https://en.wikipedia.org/w/index.php?title=Olin&oldid=1102584249,https://en.wikipedia.org/wiki/Olin
2022,Chewy,,394,Sumit Singh,,,,,,https://en.wikipedia.org/w/index.php?title=Chewy_(company)&oldid=1099482438,https://en.wikipedia.org/wiki/Chewy_(company)
2022,Jackson Financial,,395,Laura L. Prieskorn,Laura Prieskorn,,,,,,
2022,Activision Blizzard,,396,Bobby Kotick,,,,,,https://en.wikipedia.org/w/index.php?title=Activision_Blizzard&oldid=1098597484,https://en.wikipedia.org/wiki/Activision_Blizzard
2022,Toll Brothers,,397,Douglas C. Yearley Jr.,,,,,,https://en.wikipedia.org/w/index.php?title=Toll_Brothers&oldid=1088217472,https://en.wikipedia.org/wiki/Toll_Brothers
2022,Carlyle Group,,398,Kewsong Lee,,,,,,,
2022,Graybar Electric,,399,Kathleen Mazzarella,,,,,,https://en.wikipedia.org/w/index.php?title=Graybar&oldid=1079199504,https://en.wikipedia.org/wiki/Graybar
2022,Ovintiv,,400,Brendan McCracken,,,,,,https://en.wikipedia.org/w/index.php?title=Ovintiv&oldid=1099216057,https://en.wikipedia.org/wiki/Ovintiv
2022,UFP Industries,,401,Matt Missad,,,,,,https://en.wikipedia.org/w/index.php?title=UFP_Industries&oldid=1076528902,https://en.wikipedia.org/wiki/UFP_Industries
2022,Ulta Beauty,,402,Dave Kimbell,,,,,,https://en.wikipedia.org/w/index.php?title=Ulta_Beauty&oldid=1098356030,https://en.wikipedia.org/wiki/Ulta_Beauty
2022,Constellation Brands,,403,Bill Newlands,,,,,,https://en.wikipedia.org/w/index.php?title=Constellation_Brands&oldid=1072248654,https://en.wikipedia.org/wiki/Constellation_Brands
2022,Expedia Group,,404,Peter M. Kern,Peter Kern,,,,,https://en.wikipedia.org/w/index.php?title=Expedia_Group&oldid=1097114236,https://en.wikipedia.org/wiki/Expedia_Group
2022,Vistance Networks,CommScope Holding,405,Charles L. Treadway,Charles Treadway,,,,,,
2022,Celanese,,406,Lori J. Ryerkerk,Lori Ryerkerk,,,,,https://en.wikipedia.org/w/index.php?title=Celanese&oldid=1095607236,https://en.wikipedia.org/wiki/Celanese
2022,Global Payments,,407,Jeffrey S. Sloan,Jeffrey Sloan,,,,,https://en.wikipedia.org/w/index.php?title=Global_Payments&oldid=1097714298,https://en.wikipedia.org/wiki/Global_Payments
2022,Owens Corning,,408,Brian Chambers,Brian D. Chambers,,,,,https://en.wikipedia.org/w/index.php?title=Owens_Corning&oldid=1099825292,https://en.wikipedia.org/wiki/Owens_Corning
2022,Campbell's,Campbell Soup,409,Mark Clouse,Mark A. Clouse,,,,,https://en.wikipedia.org/w/index.php?title=Campbell's&oldid=1095842402,https://en.wikipedia.org/wiki/Campbell's
2022,Huntsman,,410,Peter R. Huntsman,Peter Huntsman,,,,,https://en.wikipedia.org/w/index.php?title=Huntsman&oldid=1104950841,https://en.wikipedia.org/wiki/Huntsman
2022,Franklin Resources,,411,Jennifer M. Johnson,,,,,,https://en.wikipedia.org/w/index.php?title=Franklin_Templeton&oldid=1100325653,https://en.wikipedia.org/wiki/Franklin_Templeton
2022,Avery Dennison,,412,Mitchell R. Butier,Mitchell Butier,,,,,https://en.wikipedia.org/w/index.php?title=Avery_Dennison&oldid=1098296429,https://en.wikipedia.org/wiki/Avery_Dennison
2022,Masco,,413,Keith J. Allman,Keith Allman,,,,,https://en.wikipedia.org/w/index.php?title=Masco&oldid=1097907084,https://en.wikipedia.org/wiki/Masco
2022,CenterPoint Energy,,414,David J. Lesar,,,,,,https://en.wikipedia.org/w/index.php?title=CenterPoint_Energy&oldid=1101802039,https://en.wikipedia.org/wiki/CenterPoint_Energy
2022,Fifth Third Bancorp,,415,Timothy N. Spence,Tim Spence,,,,,https://en.wikipedia.org/w/index.php?title=Fifth_Third_Bank&oldid=1098567737,https://en.wikipedia.org/wiki/Fifth_Third_Bank
2022,WEC Energy Group,,416,Scott Lauber,,,,,,https://en.wikipedia.org/w/index.php?title=WEC_Energy_Group&oldid=1125161562,https://en.wikipedia.org/wiki/WEC_Energy_Group
2022,S&P Global,,417,Douglas L. Peterson,Douglas Peterson,,,,,https://en.wikipedia.org/w/index.php?title=S&P_Global&oldid=1091558722,https://en.wikipedia.org/wiki/S
2022,FM,,418,Malcolm C. Roberts,Malcolm Roberts,,,,,https://en.wikipedia.org/w/index.php?title=FM_(insurance)&oldid=1104317847,https://en.wikipedia.org/wiki/FM_(insurance)
2022,Polaris,,419,Michael T. Speetzen,Michael Speetzen; Mike Speetzen,,,,,https://en.wikipedia.org/w/index.php?title=Polaris&oldid=1097722758,https://en.wikipedia.org/wiki/Polaris
2022,Williams-Sonoma,,420,Laura Alber,,,,,,"https://en.wikipedia.org/w/index.php?title=Williams-Sonoma,_Inc.&oldid=1090473307","https://en.wikipedia.org/wiki/Williams-Sonoma,_Inc."
2022,Autoliv,,421,Jan Carlson,,,,,,https://en.wikipedia.org/w/index.php?title=Autoliv&oldid=1098978171,https://en.wikipedia.org/wiki/Autoliv
2022,Arthur J. Gallagher,,422,J. Patrick Gallagher Jr.,,,,,,https://en.wikipedia.org/w/index.php?title=Arthur_J._Gallagher_%26_Co.&oldid=1099409182,https://en.wikipedia.org/wiki/Arthur_J._Gallagher_&_Co.
2022,Motorola Solutions,,423,Greg Brown,,,,,,https://en.wikipedia.org/w/index.php?title=Motorola_Solutions&oldid=1094047186,https://en.wikipedia.org/wiki/Motorola_Solutions
2022,Zillow Group,,424,Rich Barton,,,,,,,
2022,Opendoor Technologies,,425,Carrie Wheeler,,,,,,,
2022,J.M. Smucker,,426,Mark T. Smucker,Mark Smucker,,,,,https://en.wikipedia.org/w/index.php?title=The_J.M._Smucker_Company&oldid=1100646781,https://en.wikipedia.org/wiki/The_J.M._Smucker_Company
2022,Anywhere Real Estate,,427,Ryan Schneider,,,,,,https://en.wikipedia.org/w/index.php?title=Anywhere_Real_Estate&oldid=1096181419,https://en.wikipedia.org/wiki/Anywhere_Real_Estate
2022,Oshkosh,,428,John Pfeifer,John C. Pfeifer,,,,,https://en.wikipedia.org/w/index.php?title=Oshkosh_Corporation&oldid=1097950969,https://en.wikipedia.org/wiki/Oshkosh_Corporation
2022,MasTec,,429,Jose Mas,,,,,,https://en.wikipedia.org/w/index.php?title=MasTec&oldid=1092662555,https://en.wikipedia.org/wiki/MasTec
2022,GXO Logistics,,430,Malcolm Wilson,,,,,,https://en.wikipedia.org/w/index.php?title=GXO_Logistics&oldid=1094255730,https://en.wikipedia.org/wiki/GXO_Logistics
2022,APA,,431,John J. Christmann IV,,,,,,https://en.wikipedia.org/w/index.php?title=APA_Corporation&oldid=1097656445,https://en.wikipedia.org/wiki/APA_Corporation
2022,Boise Cascade,,432,Nate Jorgensen,,,,,,https://en.wikipedia.org/w/index.php?title=Boise_Cascade&oldid=1109416436,https://en.wikipedia.org/wiki/Boise_Cascade
2022,Dover,,433,Richard J. Tobin,Richard Tobin,,,,,https://en.wikipedia.org/w/index.php?title=Dover_Corporation&oldid=1096719585,https://en.wikipedia.org/wiki/Dover_Corporation
2022,Genworth Financial,,434,Tom McInerney,,,,,,https://en.wikipedia.org/w/index.php?title=Genworth_Financial&oldid=1101640770,https://en.wikipedia.org/wiki/Genworth_Financial
2022,Bath & Body Works,,435,Andrew Meslow,,,,,,https://en.wikipedia.org/w/index.php?title=Bath_&_Body_Works&oldid=1115122989,https://en.wikipedia.org/wiki/Bath_
2022,Booz Allen Hamilton Holding,,436,Horacio D. Rozanski,Horacio Rozanski,,,,,https://en.wikipedia.org/w/index.php?title=Booz_Allen_Hamilton&oldid=1100729384,https://en.wikipedia.org/wiki/Booz_Allen_Hamilton
2022,Coinbase Global,,437,Brian Armstrong,,,,,,,
2022,Zimmer Biomet Holdings,,438,Bryan C. Hanson,,,,,,https://en.wikipedia.org/w/index.php?title=Zimmer_Biomet&oldid=1098181405,https://en.wikipedia.org/wiki/Zimmer_Biomet
2022,Westinghouse Air Brake,Westinghouse Air Brake Technologies,439,Rafael O. Santana,Rafael Santana,,,,,https://en.wikipedia.org/w/index.php?title=Westinghouse_Air_Brake_Company&oldid=1083651832,https://en.wikipedia.org/wiki/Westinghouse_Air_Brake_Company
2022,Zoetis,,440,Kristin Peck,Kristin C. Peck,,,,,https://en.wikipedia.org/w/index.php?title=Zoetis&oldid=1099614076,https://en.wikipedia.org/wiki/Zoetis
2022,Packaging Corp. of America,,441,Mark W. Kowlzan,Mark Kowlzan,,,,,https://en.wikipedia.org/w/index.php?title=Packaging_Corporation_of_America&oldid=1096028748,https://en.wikipedia.org/wiki/Packaging_Corporation_of_America
2022,LPL Financial Holdings,,442,Dan Arnold,Dan H. Arnold,,,,,https://en.wikipedia.org/w/index.php?title=LPL_Financial&oldid=1092321932,https://en.wikipedia.org/wiki/LPL_Financial
2022,T. Rowe Price,,443,Rob Sharps,,,,,,https://en.wikipedia.org/w/index.php?title=T._Rowe_Price&oldid=1099019262,https://en.wikipedia.org/wiki/T._Rowe_Price
2022,Fortune Brands Innovations,,444,Nicholas I. Fink,,,,,,https://en.wikipedia.org/w/index.php?title=Fortune_Brands_Innovations&oldid=1101739506,https://en.wikipedia.org/wiki/Fortune_Brands_Innovations
2022,Casey's General Stores,,445,Darren Rebelez,,,,,,https://en.wikipedia.org/w/index.php?title=Casey%27s&oldid=1098187972,https://en.wikipedia.org/wiki/Casey's
2022,Gold.com,A-Mark Precious Metals,446,Gregory Roberts,Gregory N. Roberts,,,,,https://en.wikipedia.org/w/index.php?title=A-Mark_Precious_Metals&oldid=1093399056,https://en.wikipedia.org/wiki/A-Mark_Precious_Metals
2022,Hess,,447,John B. Hess,John Hess,,,,,https://en.wikipedia.org/w/index.php?title=Hess_Corporation&oldid=1098539960,https://en.wikipedia.org/wiki/Hess_Corporation
2022,Vertex Pharmaceuticals,,448,Reshma Kewalramani,,,,,,https://en.wikipedia.org/w/index.php?title=Vertex_Pharmaceuticals&oldid=1100366779,https://en.wikipedia.org/wiki/Vertex_Pharmaceuticals
2022,KeyCorp,,449,Christopher M. Gorman,Christopher Gorman,,,,,https://en.wikipedia.org/w/index.php?title=KeyBank&oldid=1098616850,https://en.wikipedia.org/wiki/KeyBank
2022,Chipotle Mexican Grill,,450,Brian Niccol,Brian R. Niccol,,,,,https://en.wikipedia.org/w/index.php?title=Chipotle_Mexican_Grill&oldid=1099466833,https://en.wikipedia.org/wiki/Chipotle_Mexican_Grill
2022,CMS Energy,,451,Garrick Rochow,Garrick J. Rochow,,,,,https://en.wikipedia.org/w/index.php?title=CMS_Energy&oldid=1094512311,https://en.wikipedia.org/wiki/CMS_Energy
2022,Arconic,,452,Timothy D Myers,,,,,,https://en.wikipedia.org/w/index.php?title=Arconic&oldid=1105736269,https://en.wikipedia.org/wiki/Arconic
2022,Taylor Morrison Home,,453,Sheryl D. Palmer,Sheryl Palmer,,,,,https://en.wikipedia.org/w/index.php?title=Taylor_Morrison_Home&oldid=1071248602,https://en.wikipedia.org/wiki/Taylor_Morrison_Home
2022,American Financial Group,,454,S. Craig Lindner,,Carl H. Lindner III,,,,https://en.wikipedia.org/w/index.php?title=American_Financial_Group&oldid=1101574060,https://en.wikipedia.org/wiki/American_Financial_Group
2022,UGI,,455,Roger Perreault,,,,,,,
2022,Science Applications International,,456,Nazzic S. Keene,Nazzic Keene,,,,,https://en.wikipedia.org/w/index.php?title=Science_Applications_International_Corporation&oldid=1102016534,https://en.wikipedia.org/wiki/Science_Applications_International_Corporation
2022,Avantor,,457,Michael Stubblefield,,,,,,https://en.wikipedia.org/w/index.php?title=Avantor&oldid=1090734116,https://en.wikipedia.org/wiki/Avantor
2022,Hanesbrands,,458,Stephen B. Bratspies,,,,,,https://en.wikipedia.org/w/index.php?title=Hanesbrands&oldid=1095894788,https://en.wikipedia.org/wiki/Hanesbrands
2022,Clorox,,459,Linda Rendle,,,,,,https://en.wikipedia.org/w/index.php?title=Clorox&oldid=1090748833,https://en.wikipedia.org/wiki/Clorox
2022,KBR,,460,Stuart Bradie,,,,,,"https://en.wikipedia.org/w/index.php?title=KBR,_Inc.&oldid=1099521083","https://en.wikipedia.org/wiki/KBR,_Inc."
2022,TravelCenters of America,,461,Jon Pertchik,,,,,,https://en.wikipedia.org/w/index.php?title=TravelCenters_of_America&oldid=1093474904,https://en.wikipedia.org/wiki/TravelCenters_of_America
2022,Hertz Global Holdings,,462,Mark Fields,,,,,,https://en.wikipedia.org/w/index.php?title=Hertz_Global_Holdings&oldid=1098597252,https://en.wikipedia.org/wiki/Hertz_Global_Holdings
2022,Analog Devices,,463,Vincent T. Roche,Vincent Roche,,,,,https://en.wikipedia.org/w/index.php?title=Analog_Devices&oldid=1096944298,https://en.wikipedia.org/wiki/Analog_Devices
2022,Securian Financial Group,,464,Christopher M. Hilger,,,,,,https://en.wikipedia.org/w/index.php?title=Securian_Financial_Group&oldid=1122299491,https://en.wikipedia.org/wiki/Securian_Financial_Group
2022,Darden Restaurants,,465,Gene Lee,,,,,,https://en.wikipedia.org/w/index.php?title=Darden_Restaurants&oldid=1096673040,https://en.wikipedia.org/wiki/Darden_Restaurants
2022,Graphic Packaging Holding,,466,Michael P. Doss,Michael Doss,,,,,https://en.wikipedia.org/w/index.php?title=Graphic_Packaging&oldid=1105840529,https://en.wikipedia.org/wiki/Graphic_Packaging
2022,NCR Voyix,NCR,466,Michael D. Hayford,Mike Hayford; Michael Hayford,,,,,https://en.wikipedia.org/w/index.php?title=NCR_Voyix&oldid=1098790451,https://en.wikipedia.org/wiki/NCR_Voyix
2022,Brighthouse Financial,,468,Eric T. Steigerwalt,Eric Steigerwalt,,,,,https://en.wikipedia.org/w/index.php?title=Brighthouse_Financial&oldid=1117696756,https://en.wikipedia.org/wiki/Brighthouse_Financial
2022,PPL,,469,Vincent Sorgi,,,,,,https://en.wikipedia.org/w/index.php?title=PPL_Corporation&oldid=1099305357,https://en.wikipedia.org/wiki/PPL_Corporation
2022,Cintas,,470,Todd Schneider,Todd M. Schneider,,,,,https://en.wikipedia.org/w/index.php?title=Cintas&oldid=1104980338,https://en.wikipedia.org/wiki/Cintas
2022,Xerox Holdings,,471,Steve Bandrowczak,,,,,,,
2022,Rockwell Automation,,472,Blake Moret Chairman,,,,,,https://en.wikipedia.org/w/index.php?title=Rockwell_Automation&oldid=1099450078,https://en.wikipedia.org/wiki/Rockwell_Automation
2022,Citizens Financial Group,,473,Bruce Van Saun,Bruce W. Van Saun,,,,,https://en.wikipedia.org/w/index.php?title=Citizens_Financial_Group&oldid=1097108239,https://en.wikipedia.org/wiki/Citizens_Financial_Group
2022,KLA,,474,Richard P. Wallace,,,,,,https://en.wikipedia.org/w/index.php?title=KLA_Corporation&oldid=1095175322,https://en.wikipedia.org/wiki/KLA_Corporation
2022,Camping World Holdings,,475,Marcus Lemonis,,,,,,,
2022,Ingredion,,476,James Zallie,,,,,,https://en.wikipedia.org/w/index.php?title=Ingredion&oldid=1098396515,https://en.wikipedia.org/wiki/Ingredion
2022,Veritiv,,477,Salvatore A. Abbate,,,,,,https://en.wikipedia.org/w/index.php?title=Veritiv&oldid=1128665955,https://en.wikipedia.org/wiki/Veritiv
2022,QXO Building Products,Beacon Roofing Supply,478,Julian G. Francis,Julian Francis,,,,,https://en.wikipedia.org/w/index.php?title=QXO&oldid=1102016216,https://en.wikipedia.org/wiki/QXO
2022,Diamondback Energy,,479,Travis D. Stice,,,,,,https://en.wikipedia.org/w/index.php?title=Diamondback_Energy&oldid=1090057535,https://en.wikipedia.org/wiki/Diamondback_Energy
2022,Victoria's Secret,,480,Martin Waters,,,,,,https://en.wikipedia.org/w/index.php?title=Victoria's_Secret&oldid=1098283345,https://en.wikipedia.org/wiki/Victoria's_Secret
2022,Academy Sports and Outdoors,,481,Ken C. Hicks,Ken Hicks,,,,,,
2022,Sanmina,,482,Jure Sola,,,,,,https://en.wikipedia.org/w/index.php?title=Sanmina_Corporation&oldid=1095880367,https://en.wikipedia.org/wiki/Sanmina_Corporation
2022,ON Semiconductor,,483,Hassane El-Khoury,,,,,,https://en.wikipedia.org/w/index.php?title=ON_Semiconductor&oldid=1065692784,https://en.wikipedia.org/wiki/ON_Semiconductor
2022,Commercial Metals,,484,Barbara R. Smith,,,,,,https://en.wikipedia.org/w/index.php?title=Commercial_Metals_Company&oldid=1129413265,https://en.wikipedia.org/wiki/Commercial_Metals_Company
2022,EnLink Midstream,,485,Jesse Arenivas,,,,,,,
2022,Southwestern Energy,,486,William J. Way,,,,,,https://en.wikipedia.org/w/index.php?title=Southwestern_Energy&oldid=1096692831,https://en.wikipedia.org/wiki/Southwestern_Energy
2022,Equinix,,487,Charles J. Meyers,,,,,,https://en.wikipedia.org/w/index.php?title=Equinix&oldid=1103060356,https://en.wikipedia.org/wiki/Equinix
2022,Dillard's,,488,William T. Dillard II,,,,,,https://en.wikipedia.org/w/index.php?title=Dillard's&oldid=1097514434,https://en.wikipedia.org/wiki/Dillard's
2022,Regions Financial,,489,John M. Turner Jr.,,,,,,https://en.wikipedia.org/w/index.php?title=Regions_Financial_Corporation&oldid=1099703308,https://en.wikipedia.org/wiki/Regions_Financial_Corporation
2022,Yum Brands,,490,David Gibbs,,,,,,https://en.wikipedia.org/w/index.php?title=Yum!_Brands&oldid=1098275928,https://en.wikipedia.org/wiki/Yum!_Brands
2022,Landstar System,,491,James B. Gattoni,James Gattoni,,,,,https://en.wikipedia.org/w/index.php?title=Landstar_System&oldid=1081907361,https://en.wikipedia.org/wiki/Landstar_System
2022,CF Industries Holdings,,492,W. Anthony Will,Tony Will; Anthony Will,,,,,,
2022,Northern Trust,,493,Michael G. O'Grady,,,,,,https://en.wikipedia.org/w/index.php?title=Northern_Trust&oldid=1095855416,https://en.wikipedia.org/wiki/Northern_Trust
2022,Robert Half,Robert Half International,494,M. Keith Waddell,,,,,,https://en.wikipedia.org/w/index.php?title=Robert_Half&oldid=1096368169,https://en.wikipedia.org/wiki/Robert_Half
2022,Compass,,495,Robert Reffkin,,,,,,"https://en.wikipedia.org/w/index.php?title=Compass,_Inc.&oldid=1097007608","https://en.wikipedia.org/wiki/Compass,_Inc."
2022,Hasbro,,496,Chris Cocks,,,,,,https://en.wikipedia.org/w/index.php?title=Hasbro&oldid=1098217554,https://en.wikipedia.org/wiki/Hasbro
2022,Roper Technologies,,497,Neil Hunn,,,,,,https://en.wikipedia.org/w/index.php?title=Roper_Technologies&oldid=1098187090,https://en.wikipedia.org/wiki/Roper_Technologies
2022,ARKO,,498,Arie Kotler,,,,,,,
2022,Frontier Communications,,499,Nick Jeffery,,,,,,https://en.wikipedia.org/w/index.php?title=Frontier_Communications&oldid=1098040876,https://en.wikipedia.org/wiki/Frontier_Communications
2022,Ameren,,500,Martin J. Lyons,Martin Lyons,,,,,,
2021,Walmart,,1,Doug McMillon,,,,,,https://en.wikipedia.org/w/index.php?title=Walmart&oldid=1033746848,https://en.wikipedia.org/wiki/Walmart
2021,Amazon,Amazon.com,2,Andy Jassy,Andrew Jassy; Andrew R. Jassy,,,,,https://en.wikipedia.org/w/index.php?title=Amazon_(company)&oldid=1033861573,https://en.wikipedia.org/wiki/Amazon_(company)
2021,Apple,,3,Tim Cook,,,,,,https://en.wikipedia.org/w/index.php?title=Apple_Inc.&oldid=1033806397,https://en.wikipedia.org/wiki/Apple_Inc.
2021,CVS Health,,4,Karen S. Lynch,Karen Lynch,,,,,https://en.wikipedia.org/w/index.php?title=CVS_Health&oldid=1033631837,https://en.wikipedia.org/wiki/CVS_Health
2021,UnitedHealth Group,,5,Andrew Witty,Andrew P. Witty,,,,,https://en.wikipedia.org/w/index.php?title=UnitedHealth_Group&oldid=1033439596,https://en.wikipedia.org/wiki/UnitedHealth_Group
2021,Berkshire Hathaway,,6,Warren Buffett,Warren E. Buffett,,,,,https://en.wikipedia.org/w/index.php?title=Berkshire_Hathaway&oldid=1033912085,https://en.wikipedia.org/wiki/Berkshire_Hathaway
2021,McKesson,,7,Brian S. Tyler,Brian Tyler,,,,,https://en.wikipedia.org/w/index.php?title=McKesson_Corporation&oldid=1034274469,https://en.wikipedia.org/wiki/McKesson_Corporation
2021,Cencora,AmerisourceBergen,8,Steven H. Collis,Steven Collis,,,,,https://en.wikipedia.org/w/index.php?title=Cencora&oldid=1036468863,https://en.wikipedia.org/wiki/Cencora
2021,Alphabet,,9,Sundar Pichai,,,,,,https://en.wikipedia.org/w/index.php?title=Alphabet_Inc.&oldid=1033718086,https://en.wikipedia.org/wiki/Alphabet_Inc.
2021,ExxonMobil Holdings,Exxon Mobil,10,Darren Woods,Darren W. Woods,,,,,https://en.wikipedia.org/w/index.php?title=ExxonMobil&oldid=1033860149,https://en.wikipedia.org/wiki/ExxonMobil
2021,AT&T,,11,John T. Stankey,John Stankey,,,,,https://en.wikipedia.org/w/index.php?title=AT&T&oldid=1036590704,https://en.wikipedia.org/wiki/AT
2021,Costco Wholesale,,12,W. Craig Jelinek,,,,,,https://en.wikipedia.org/w/index.php?title=Costco&oldid=1033869126,https://en.wikipedia.org/wiki/Costco
2021,Cigna Group,,13,David Cordani,David M. Cordani,,,,,https://en.wikipedia.org/w/index.php?title=The_Cigna_Group&oldid=1033638562,https://en.wikipedia.org/wiki/The_Cigna_Group
2021,Cardinal Health,,14,Michael Kaufmann,,,,,,https://en.wikipedia.org/w/index.php?title=Cardinal_Health&oldid=1032044189,https://en.wikipedia.org/wiki/Cardinal_Health
2021,Microsoft,,15,Satya Nadella,,,,,,https://en.wikipedia.org/w/index.php?title=Microsoft&oldid=1033575717,https://en.wikipedia.org/wiki/Microsoft
2021,Walgreens Boots Alliance,,16,Rosalind Brewer,,,,,,https://en.wikipedia.org/w/index.php?title=Walgreens_Boots_Alliance&oldid=1035700576,https://en.wikipedia.org/wiki/Walgreens_Boots_Alliance
2021,Kroger,,17,Rodney McMullen,,,,,,https://en.wikipedia.org/w/index.php?title=Kroger&oldid=1032995468,https://en.wikipedia.org/wiki/Kroger
2021,Home Depot,,18,Craig Menear,,,,,,https://en.wikipedia.org/w/index.php?title=Home_Depot&oldid=1033746980,https://en.wikipedia.org/wiki/Home_Depot
2021,JPMorgan Chase,,19,Jamie Dimon,,,,,,https://en.wikipedia.org/w/index.php?title=JPMorgan_Chase&oldid=1033969724,https://en.wikipedia.org/wiki/JPMorgan_Chase
2021,Verizon Communications,,20,Hans Vestberg,Hans E. Vestberg,,,,,https://en.wikipedia.org/w/index.php?title=Verizon&oldid=1033743076,https://en.wikipedia.org/wiki/Verizon
2021,Ford Motor,,21,Jim Farley,,,,,,https://en.wikipedia.org/w/index.php?title=Ford_Motor_Company&oldid=1033542196,https://en.wikipedia.org/wiki/Ford_Motor_Company
2021,General Motors,,22,Mary T. Barra,Mary Barra,,,,,https://en.wikipedia.org/w/index.php?title=General_Motors&oldid=1033805177,https://en.wikipedia.org/wiki/General_Motors
2021,Elevance Health,,23,Gail Koziara Boudreaux,,,,,,https://en.wikipedia.org/w/index.php?title=Elevance_Health&oldid=1043144716,https://en.wikipedia.org/wiki/Elevance_Health
2021,Centene,,24,Michael F. Neidorff,,,,,,https://en.wikipedia.org/w/index.php?title=Centene_Corporation&oldid=1033489296,https://en.wikipedia.org/wiki/Centene_Corporation
2021,Fannie Mae,,25,Hugh R. Frater,,,,,,https://en.wikipedia.org/w/index.php?title=Fannie_Mae&oldid=1034648942,https://en.wikipedia.org/wiki/Fannie_Mae
2021,Comcast,,26,Brian L. Roberts,Brian Roberts,,,,,https://en.wikipedia.org/w/index.php?title=Comcast&oldid=1033914832,https://en.wikipedia.org/wiki/Comcast
2021,Chevron,,27,Michael K. Wirth,Michael Wirth,,,,,https://en.wikipedia.org/w/index.php?title=Chevron_Corporation&oldid=1033551628,https://en.wikipedia.org/wiki/Chevron_Corporation
2021,Dell Technologies,,28,Michael Dell,Michael S. Dell,,,,,https://en.wikipedia.org/w/index.php?title=Dell_Technologies&oldid=1034924405,https://en.wikipedia.org/wiki/Dell_Technologies
2021,Bank of America,,29,Brian Moynihan,,,,,,https://en.wikipedia.org/w/index.php?title=Bank_of_America&oldid=1033348909,https://en.wikipedia.org/wiki/Bank_of_America
2021,Target,,30,Brian C. Cornell,Brian Cornell,,,,,https://en.wikipedia.org/w/index.php?title=Target_Corporation&oldid=1033840444,https://en.wikipedia.org/wiki/Target_Corporation
2021,Lowe's,,31,Marvin Ellison,Marvin R. Ellison,,,,,https://en.wikipedia.org/w/index.php?title=Lowe's&oldid=1033787826,https://en.wikipedia.org/wiki/Lowe's
2021,Marathon Petroleum,,32,Michael J. Hennigan,Michael Hennigan,,,,,https://en.wikipedia.org/w/index.php?title=Marathon_Petroleum&oldid=1034287271,https://en.wikipedia.org/wiki/Marathon_Petroleum
2021,Citigroup,,33,Jane Fraser,,,,,,https://en.wikipedia.org/w/index.php?title=Citigroup&oldid=1033348954,https://en.wikipedia.org/wiki/Citigroup
2021,Meta Platforms,,34,Mark Zuckerberg,,,,,,https://en.wikipedia.org/w/index.php?title=Meta_Platforms&oldid=1034032447,https://en.wikipedia.org/wiki/Meta_Platforms
2021,UPS,United Parcel Service,35,Carol Tomé,,,,,,https://en.wikipedia.org/w/index.php?title=United_Parcel_Service&oldid=1033939346,https://en.wikipedia.org/wiki/United_Parcel_Service
2021,Johnson & Johnson,,36,Alex Gorsky,,,,,,https://en.wikipedia.org/w/index.php?title=Johnson_&_Johnson&oldid=1047581714,https://en.wikipedia.org/wiki/Johnson_
2021,Wells Fargo,,37,Charles Scharf,Charles W. Scharf,,,,,https://en.wikipedia.org/w/index.php?title=Wells_Fargo&oldid=1033348823,https://en.wikipedia.org/wiki/Wells_Fargo
2021,GE Aerospace,General Electric,38,John S. Slattery,,,,,,https://en.wikipedia.org/w/index.php?title=GE_Aerospace&oldid=1036397158,https://en.wikipedia.org/wiki/GE_Aerospace
2021,State Farm Insurance,,39,Michael L. Tipsord,Michael Tipsord,,,,,https://en.wikipedia.org/w/index.php?title=State_Farm&oldid=1031838863,https://en.wikipedia.org/wiki/State_Farm
2021,Intel,,40,Patrick P. Gelsinger,Patrick Gelsinger; Pat Gelsinger,,,,,https://en.wikipedia.org/w/index.php?title=Intel&oldid=1033786161,https://en.wikipedia.org/wiki/Intel
2021,Humana,,41,Bruce D. Broussard,Bruce Broussard,,,,,https://en.wikipedia.org/w/index.php?title=Humana&oldid=1032074669,https://en.wikipedia.org/wiki/Humana
2021,IBM,International Business Machines,42,Arvind Krishna,,,,,,https://en.wikipedia.org/w/index.php?title=IBM&oldid=1033344863,https://en.wikipedia.org/wiki/IBM
2021,Procter & Gamble,,43,David S. Taylor,,,,,,https://en.wikipedia.org/w/index.php?title=Procter_%26_Gamble&oldid=1033012266,https://en.wikipedia.org/wiki/Procter_&_Gamble
2021,PepsiCo,,44,Ramon Laguarta,Ramon L. Laguarta,,,,,https://en.wikipedia.org/w/index.php?title=PepsiCo&oldid=1032744493,https://en.wikipedia.org/wiki/PepsiCo
2021,FedEx,,45,Frederick W. Smith,,,,,,https://en.wikipedia.org/w/index.php?title=FedEx&oldid=1032874051,https://en.wikipedia.org/wiki/FedEx
2021,MetLife,,46,Michel A. Khalaf,Michel Khalaf,,,,,https://en.wikipedia.org/w/index.php?title=MetLife&oldid=1034566104,https://en.wikipedia.org/wiki/MetLife
2021,Freddie Mac,,47,Michael DeVito,,,,,,https://en.wikipedia.org/w/index.php?title=Freddie_Mac&oldid=1035880626,https://en.wikipedia.org/wiki/Freddie_Mac
2021,Phillips 66,,48,Greg Garland,,,,,,https://en.wikipedia.org/w/index.php?title=Phillips_66&oldid=1033492578,https://en.wikipedia.org/wiki/Phillips_66
2021,Lockheed Martin,,49,James Taiclet,,,,,,https://en.wikipedia.org/w/index.php?title=Lockheed_Martin&oldid=1033402018,https://en.wikipedia.org/wiki/Lockheed_Martin
2021,Walt Disney,,50,Bob Chapek,,,,,,https://en.wikipedia.org/w/index.php?title=The_Walt_Disney_Company&oldid=1033707665,https://en.wikipedia.org/wiki/The_Walt_Disney_Company
2021,Archer Daniels Midland,,51,Juan Luciano,Juan R. Luciano,,,,,https://en.wikipedia.org/w/index.php?title=Archer_Daniels_Midland&oldid=1031257610,https://en.wikipedia.org/wiki/Archer_Daniels_Midland
2021,Albertsons,,52,Vivek Sankaran,,,,,,https://en.wikipedia.org/w/index.php?title=Albertsons&oldid=1032864780,https://en.wikipedia.org/wiki/Albertsons
2021,Valero Energy,,53,Joseph W. Gorder,Joseph Gorder,,,,,https://en.wikipedia.org/w/index.php?title=Valero_Energy&oldid=1025660890,https://en.wikipedia.org/wiki/Valero_Energy
2021,Boeing,,54,Dave Calhoun,,,,,,https://en.wikipedia.org/w/index.php?title=Boeing&oldid=1032882827,https://en.wikipedia.org/wiki/Boeing
2021,Prudential Financial,,55,Charles Lowrey,Charles F. Lowrey,,,,,https://en.wikipedia.org/w/index.php?title=Prudential_Financial&oldid=1034712687,https://en.wikipedia.org/wiki/Prudential_Financial
2021,HP,,56,Enrique Lores,Enrique J. Lores,,,,,https://en.wikipedia.org/w/index.php?title=HP_Inc.&oldid=1028920830,https://en.wikipedia.org/wiki/HP_Inc.
2021,RTX,Raytheon Technologies,57,Gregory J. Hayes,Gregory Hayes,,,,,https://en.wikipedia.org/w/index.php?title=RTX_Corporation&oldid=1033757910,https://en.wikipedia.org/wiki/RTX_Corporation
2021,StoneX Group,,58,Sean M. O'Connor,Sean O'Connor,,,,,https://en.wikipedia.org/w/index.php?title=StoneX_Group&oldid=1051183951,https://en.wikipedia.org/wiki/StoneX_Group
2021,Goldman Sachs Group,,59,David M. Solomon,David Solomon,,,,,https://en.wikipedia.org/w/index.php?title=Goldman_Sachs&oldid=1033572310,https://en.wikipedia.org/wiki/Goldman_Sachs
2021,Sysco,,60,Kevin Hourican,,,,,,https://en.wikipedia.org/w/index.php?title=Sysco&oldid=1036581853,https://en.wikipedia.org/wiki/Sysco
2021,Morgan Stanley,,61,James P. Gorman,James Gorman,,,,,https://en.wikipedia.org/w/index.php?title=Morgan_Stanley&oldid=1033725121,https://en.wikipedia.org/wiki/Morgan_Stanley
2021,HCA Healthcare,,62,Samuel N. Hazen,Samuel Hazen; Sam Hazen,,,,,https://en.wikipedia.org/w/index.php?title=HCA_Healthcare&oldid=1032967414,https://en.wikipedia.org/wiki/HCA_Healthcare
2021,Cisco Systems,,63,Chuck Robbins,,,,,,https://en.wikipedia.org/w/index.php?title=Cisco&oldid=1032046933,https://en.wikipedia.org/wiki/Cisco
2021,Charter Communications,,64,Tom Rutledge,,,,,,https://en.wikipedia.org/w/index.php?title=Charter_Communications&oldid=1033777797,https://en.wikipedia.org/wiki/Charter_Communications
2021,Merck,,65,Robert M. Davis,,,,,,https://en.wikipedia.org/w/index.php?title=Merck_%26_Co.&oldid=1035099757,https://en.wikipedia.org/wiki/Merck_&_Co.
2021,Best Buy,,66,Corie Barry,Corie S. Barry,,,,,https://en.wikipedia.org/w/index.php?title=Best_Buy&oldid=1033402163,https://en.wikipedia.org/wiki/Best_Buy
2021,New York Life Insurance,,67,Ted Mathas,,,,,,https://en.wikipedia.org/w/index.php?title=New_York_Life_Insurance_Company&oldid=1031830125,https://en.wikipedia.org/wiki/New_York_Life_Insurance_Company
2021,AbbVie,,68,Richard A. Gonzalez,Richard Gonzalez,,,,,https://en.wikipedia.org/w/index.php?title=AbbVie&oldid=1034353222,https://en.wikipedia.org/wiki/AbbVie
2021,Publix Super Markets,,69,Todd Jones,,,,,,https://en.wikipedia.org/w/index.php?title=Publix&oldid=1033576601,https://en.wikipedia.org/wiki/Publix
2021,Allstate,,70,Thomas J. Wilson,,,,,,https://en.wikipedia.org/w/index.php?title=Allstate&oldid=1032770076,https://en.wikipedia.org/wiki/Allstate
2021,Liberty Mutual Insurance Group,,71,David H. Long,,,,,,https://en.wikipedia.org/w/index.php?title=Liberty_Mutual&oldid=1035796809,https://en.wikipedia.org/wiki/Liberty_Mutual
2021,AIG,American International Group,72,Peter Zaffino,Peter S. Zaffino,,,,,https://en.wikipedia.org/w/index.php?title=American_International_Group&oldid=1032957823,https://en.wikipedia.org/wiki/American_International_Group
2021,Tyson Foods,,73,Donnie King,Donnie D. King,,,,,https://en.wikipedia.org/w/index.php?title=Tyson_Foods&oldid=1033361808,https://en.wikipedia.org/wiki/Tyson_Foods
2021,Progressive,,74,Tricia Griffith,,,,,,https://en.wikipedia.org/w/index.php?title=Progressive_Corporation&oldid=1034604363,https://en.wikipedia.org/wiki/Progressive_Corporation
2021,Bristol-Myers Squibb,,75,Giovanni Caforio,,,,,,https://en.wikipedia.org/w/index.php?title=Bristol_Myers_Squibb&oldid=1032042518,https://en.wikipedia.org/wiki/Bristol_Myers_Squibb
2021,Nationwide,,76,Kirt Walker,Kirt A. Walker,,,,,https://en.wikipedia.org/w/index.php?title=Nationwide_Mutual_Insurance_Company&oldid=1037477922,https://en.wikipedia.org/wiki/Nationwide_Mutual_Insurance_Company
2021,Pfizer,,77,Albert Bourla,,,,,,https://en.wikipedia.org/w/index.php?title=Pfizer&oldid=1033664095,https://en.wikipedia.org/wiki/Pfizer
2021,Caterpillar,,78,Jim Umpleby,,,,,,https://en.wikipedia.org/w/index.php?title=Caterpillar_Inc.&oldid=1032265540,https://en.wikipedia.org/wiki/Caterpillar_Inc.
2021,TIAA,,79,Thasunda Brown Duckett,Thasunda Duckett,,,,,https://en.wikipedia.org/w/index.php?title=TIAA&oldid=1033438292,https://en.wikipedia.org/wiki/TIAA
2021,Oracle,,80,Safra Catz,Safra A. Catz,,,,,https://en.wikipedia.org/w/index.php?title=Oracle_Corporation&oldid=1034600879,https://en.wikipedia.org/wiki/Oracle_Corporation
2021,Energy Transfer,,81,Thomas E. Long,Thomas Long,Marshall S. McCrea III,Marshall McCrea III; Marshall McCrea,,,https://en.wikipedia.org/w/index.php?title=Energy_Transfer&oldid=1034450423,https://en.wikipedia.org/wiki/Energy_Transfer
2021,Dow,,82,Jim Fitterling,,,,,,https://en.wikipedia.org/w/index.php?title=Dow_Chemical_Company&oldid=1034358714,https://en.wikipedia.org/wiki/Dow_Chemical_Company
2021,American Express,,83,Stephen J. Squeri,Stephen Squeri,,,,,https://en.wikipedia.org/w/index.php?title=American_Express&oldid=1032992589,https://en.wikipedia.org/wiki/American_Express
2021,General Dynamics,,84,Phebe Novakovic,Phebe N. Novakovic,,,,,https://en.wikipedia.org/w/index.php?title=General_Dynamics&oldid=1032066002,https://en.wikipedia.org/wiki/General_Dynamics
2021,Nike,,85,John Donahoe,,,,,,"https://en.wikipedia.org/w/index.php?title=Nike,_Inc.&oldid=1033653878","https://en.wikipedia.org/wiki/Nike,_Inc."
2021,Northrop Grumman,,86,Kathy J. Warden,,,,,,https://en.wikipedia.org/w/index.php?title=Northrop_Grumman&oldid=1032115631,https://en.wikipedia.org/wiki/Northrop_Grumman
2021,USAA,United Services Automobile Assn.,87,Wayne Peacock,,,,,,https://en.wikipedia.org/w/index.php?title=USAA&oldid=1033946234,https://en.wikipedia.org/wiki/USAA
2021,Deere,,88,John C. May,John May,,,,,https://en.wikipedia.org/w/index.php?title=John_Deere&oldid=1032442905,https://en.wikipedia.org/wiki/John_Deere
2021,Abbott Laboratories,,89,Robert B. Ford,Robert Ford,,,,,https://en.wikipedia.org/w/index.php?title=Abbott_Laboratories&oldid=1034274772,https://en.wikipedia.org/wiki/Abbott_Laboratories
2021,Northwestern Mutual,,90,John Schlifske,,,,,,https://en.wikipedia.org/w/index.php?title=Northwestern_Mutual&oldid=1034094069,https://en.wikipedia.org/wiki/Northwestern_Mutual
2021,Dollar General,,91,Todd Vasos,,,,,,https://en.wikipedia.org/w/index.php?title=Dollar_General&oldid=1032844671,https://en.wikipedia.org/wiki/Dollar_General
2021,Exelon,,92,Christopher Crane,,,,,,https://en.wikipedia.org/w/index.php?title=Exelon&oldid=1034160106,https://en.wikipedia.org/wiki/Exelon
2021,Coca-Cola,,93,James Quincey,James R. Quincey,,,,,https://en.wikipedia.org/w/index.php?title=The_Coca-Cola_Company&oldid=1033385007,https://en.wikipedia.org/wiki/The_Coca-Cola_Company
2021,Honeywell International,,94,Darius Adamczyk,,,,,,https://en.wikipedia.org/w/index.php?title=Honeywell&oldid=1033533849,https://en.wikipedia.org/wiki/Honeywell
2021,Thermo Fisher Scientific,,95,Marc N. Casper,Marc Casper,,,,,https://en.wikipedia.org/w/index.php?title=Thermo_Fisher_Scientific&oldid=1032818347,https://en.wikipedia.org/wiki/Thermo_Fisher_Scientific
2021,3M,,96,Mike Roman,,,,,,https://en.wikipedia.org/w/index.php?title=3M&oldid=1032705045,https://en.wikipedia.org/wiki/3M
2021,TJX,,97,Ernie Herrman,Ernie L. Herrman,,,,,https://en.wikipedia.org/w/index.php?title=TJX&oldid=1040668785,https://en.wikipedia.org/wiki/TJX
2021,Travelers,,98,Alan D. Schnitzer,,,,,,https://en.wikipedia.org/w/index.php?title=The_Travelers_Companies&oldid=1034287343,https://en.wikipedia.org/wiki/The_Travelers_Companies
2021,Capital One Financial,,99,Richard Fairbank,Richard D. Fairbank,,,,,https://en.wikipedia.org/w/index.php?title=Capital_One&oldid=1034293421,https://en.wikipedia.org/wiki/Capital_One
2021,Tesla,,100,Elon Musk,,,,,,"https://en.wikipedia.org/w/index.php?title=Tesla,_Inc.&oldid=1033806643","https://en.wikipedia.org/wiki/Tesla,_Inc."
2021,Philip Morris International,,101,Jacek Olczak,,,,,,https://en.wikipedia.org/w/index.php?title=Philip_Morris_International&oldid=1033580411,https://en.wikipedia.org/wiki/Philip_Morris_International
2021,Arrow Electronics,,102,Michael J. Long,,,,,,https://en.wikipedia.org/w/index.php?title=Arrow_Electronics&oldid=1035738339,https://en.wikipedia.org/wiki/Arrow_Electronics
2021,CHS,,103,Jay Debertin,Jay D. Debertin,,,,,https://en.wikipedia.org/w/index.php?title=CHS_Inc.&oldid=1035278968,https://en.wikipedia.org/wiki/CHS_Inc.
2021,Jabil,,104,Mark Mondello,,,,,,https://en.wikipedia.org/w/index.php?title=Jabil&oldid=1032080685,https://en.wikipedia.org/wiki/Jabil
2021,Enterprise Products Partners,,105,W. Randall Fowler,,James Teague,A.J. Teague; Jim Teague,,,https://en.wikipedia.org/w/index.php?title=Enterprise_Products&oldid=1036081080,https://en.wikipedia.org/wiki/Enterprise_Products
2021,Hewlett Packard Enterprise,,106,Antonio Neri,Antonio F. Neri,,,,,https://en.wikipedia.org/w/index.php?title=Hewlett_Packard_Enterprise&oldid=1034296618,https://en.wikipedia.org/wiki/Hewlett_Packard_Enterprise
2021,United Natural Foods,,107,Steven L. Spinner,,,,,,https://en.wikipedia.org/w/index.php?title=United_Natural_Foods&oldid=1019217834,https://en.wikipedia.org/wiki/United_Natural_Foods
2021,Mondelez International,,108,Dirk Van de Put,,,,,,https://en.wikipedia.org/w/index.php?title=Mondelez_International&oldid=1033760765,https://en.wikipedia.org/wiki/Mondelez_International
2021,Paramount Skydance,Paramount Global,109,Robert M. Bakish,Robert Bakish; Bob Bakish,,,,,,
2021,Kraft Heinz,,110,Miguel Patricio,,,,,,https://en.wikipedia.org/w/index.php?title=Kraft_Heinz&oldid=1033785143,https://en.wikipedia.org/wiki/Kraft_Heinz
2021,Dollar Tree,,111,Mike Witynski,,,,,,https://en.wikipedia.org/w/index.php?title=Dollar_Tree&oldid=1033730925,https://en.wikipedia.org/wiki/Dollar_Tree
2021,Amgen,,112,Robert A. Bradway,Robert Bradway,,,,,https://en.wikipedia.org/w/index.php?title=Amgen&oldid=1035983717,https://en.wikipedia.org/wiki/Amgen
2021,U.S. Bancorp,,113,Andrew Cecere,Andrew J. Cecere,,,,,https://en.wikipedia.org/w/index.php?title=U.S._Bancorp&oldid=1033946441,https://en.wikipedia.org/wiki/U.S._Bancorp
2021,Performance Food Group,,114,George L. Holm,George Holm,,,,,https://en.wikipedia.org/w/index.php?title=Performance_Food_Group&oldid=1026354612,https://en.wikipedia.org/wiki/Performance_Food_Group
2021,Netflix,,115,Reed Hastings,,Ted Sarandos,,,,https://en.wikipedia.org/w/index.php?title=Netflix&oldid=1033770270,https://en.wikipedia.org/wiki/Netflix
2021,Gilead Sciences,,116,Daniel O'Day,Daniel P. O'Day,,,,,https://en.wikipedia.org/w/index.php?title=Gilead_Sciences&oldid=1032875110,https://en.wikipedia.org/wiki/Gilead_Sciences
2021,TD Synnex,,117,Richard T. Hume,Richard Hume; Rich Hume,,,,,https://en.wikipedia.org/w/index.php?title=TD_Synnex&oldid=1054181856,https://en.wikipedia.org/wiki/TD_Synnex
2021,Eli Lilly,,118,David A. Ricks,David Ricks,,,,,https://en.wikipedia.org/w/index.php?title=Eli_Lilly_and_Company&oldid=1034102530,https://en.wikipedia.org/wiki/Eli_Lilly_and_Company
2021,Truist Financial,,119,Kelly King,,,,,,https://en.wikipedia.org/w/index.php?title=Truist&oldid=1030903431,https://en.wikipedia.org/wiki/Truist
2021,PNC Financial Services Group,,120,William S. Demchak,William Demchak,,,,,https://en.wikipedia.org/w/index.php?title=PNC_Financial_Services&oldid=1033869730,https://en.wikipedia.org/wiki/PNC_Financial_Services
2021,Broadcom,,121,Tan Hock Eng,,,,,,https://en.wikipedia.org/w/index.php?title=Broadcom&oldid=1033247893,https://en.wikipedia.org/wiki/Broadcom
2021,CBRE Group,,122,Robert E. Sulentic,Robert Sulentic; Bob Sulentic,,,,,https://en.wikipedia.org/w/index.php?title=CBRE_Group&oldid=1035749717,https://en.wikipedia.org/wiki/CBRE_Group
2021,Massachusetts Mutual Life,Massachusetts Mutual Life Insurance,123,Roger W. Crandall,,,,,,https://en.wikipedia.org/w/index.php?title=MassMutual&oldid=1018772592,https://en.wikipedia.org/wiki/MassMutual
2021,Qualcomm,,124,Cristiano Amon,,,,,,https://en.wikipedia.org/w/index.php?title=Qualcomm&oldid=1033514580,https://en.wikipedia.org/wiki/Qualcomm
2021,Starbucks,,125,Kevin Johnson,,,,,,https://en.wikipedia.org/w/index.php?title=Starbucks&oldid=1034162304,https://en.wikipedia.org/wiki/Starbucks
2021,Duke Energy,,126,Lynn J. Good,Lynn Good,,,,,https://en.wikipedia.org/w/index.php?title=Duke_Energy&oldid=1036394319,https://en.wikipedia.org/wiki/Duke_Energy
2021,Plains GP Holdings,,127,Willie Chiang,,,,,,https://en.wikipedia.org/w/index.php?title=Plains_All_American_Pipeline&oldid=1032633707,https://en.wikipedia.org/wiki/Plains_All_American_Pipeline
2021,US Foods Holding,,128,Pietro Satriano,,,,,,https://en.wikipedia.org/w/index.php?title=US_Foods&oldid=1032167584,https://en.wikipedia.org/wiki/US_Foods
2021,Lennar,,129,Rick Beckwitt,,,,,,https://en.wikipedia.org/w/index.php?title=Lennar&oldid=1031278008,https://en.wikipedia.org/wiki/Lennar
2021,Danaher,,130,Rainer M. Blair,,,,,,https://en.wikipedia.org/w/index.php?title=Danaher_Corporation&oldid=1032051091,https://en.wikipedia.org/wiki/Danaher_Corporation
2021,Aflac,,131,Dan Amos,,,,,,https://en.wikipedia.org/w/index.php?title=Aflac&oldid=1028956664,https://en.wikipedia.org/wiki/Aflac
2021,Rite Aid,,132,Heyward Donigan,,,,,,https://en.wikipedia.org/w/index.php?title=Rite_Aid&oldid=1033588664,https://en.wikipedia.org/wiki/Rite_Aid
2021,Visa,,133,Alfred F. Kelly Jr.,,,,,,https://en.wikipedia.org/w/index.php?title=Visa_Inc.&oldid=1034448109,https://en.wikipedia.org/wiki/Visa_Inc.
2021,PayPal Holdings,,134,Daniel H. Schulman,Daniel Schulman; Dan Schulman,,,,,https://en.wikipedia.org/w/index.php?title=PayPal&oldid=1033590693,https://en.wikipedia.org/wiki/PayPal
2021,Micron Technology,,135,Sanjay Mehrotra,,,,,,https://en.wikipedia.org/w/index.php?title=Micron_Technology&oldid=1031722677,https://en.wikipedia.org/wiki/Micron_Technology
2021,CarMax,,136,William D. Nash,William Nash; Bill Nash,,,,,https://en.wikipedia.org/w/index.php?title=CarMax&oldid=1034290340,https://en.wikipedia.org/wiki/CarMax
2021,Salesforce,,137,Marc Benioff,Marc R. Benioff,,,,,https://en.wikipedia.org/w/index.php?title=Salesforce&oldid=1034964509,https://en.wikipedia.org/wiki/Salesforce
2021,Altria Group,,138,Billy Gifford,,,,,,https://en.wikipedia.org/w/index.php?title=Altria&oldid=1033409177,https://en.wikipedia.org/wiki/Altria
2021,Lumen Technologies,,139,Jeff Storey,,,,,,https://en.wikipedia.org/w/index.php?title=Lumen_Technologies&oldid=1032996050,https://en.wikipedia.org/wiki/Lumen_Technologies
2021,Baker Hughes,,140,Lorenzo Simonelli,,,,,,https://en.wikipedia.org/w/index.php?title=Baker_Hughes&oldid=1035922620,https://en.wikipedia.org/wiki/Baker_Hughes
2021,International Paper,,141,Mark S. Sutton,Mark Sutton,,,,,https://en.wikipedia.org/w/index.php?title=International_Paper&oldid=1042108828,https://en.wikipedia.org/wiki/International_Paper
2021,Hartford Insurance Group,Hartford Financial Services Group,142,Christopher J. Swift,Christopher Swift,,,,,https://en.wikipedia.org/w/index.php?title=The_Hartford&oldid=1026415887,https://en.wikipedia.org/wiki/The_Hartford
2021,Penske Automotive Group,,143,Roger Penske,Roger S. Penske,,,,,https://en.wikipedia.org/w/index.php?title=Penske_Automotive_Group&oldid=1028076865,https://en.wikipedia.org/wiki/Penske_Automotive_Group
2021,DuPont,,144,Edward D. Breen,Edward Breen,,,,,https://en.wikipedia.org/w/index.php?title=DuPont&oldid=1033455724,https://en.wikipedia.org/wiki/DuPont
2021,AutoNation,,145,Mike Manley,Michael Manley,,,,,https://en.wikipedia.org/w/index.php?title=AutoNation&oldid=1034858193,https://en.wikipedia.org/wiki/AutoNation
2021,Southern,,146,Thomas A. Fanning,,,,,,https://en.wikipedia.org/w/index.php?title=Southern_Company&oldid=1034924587,https://en.wikipedia.org/wiki/Southern_Company
2021,World Kinect,World Fuel Services,147,Michael J. Kasbar,Michael Kasbar,,,,,https://en.wikipedia.org/w/index.php?title=World_Kinect_Corporation&oldid=1031744073,https://en.wikipedia.org/wiki/World_Kinect_Corporation
2021,D.R. Horton,,148,David V. Auld,,,,,,https://en.wikipedia.org/w/index.php?title=D._R._Horton&oldid=1022344082,https://en.wikipedia.org/wiki/D._R._Horton
2021,Nucor,,149,Leon Topalian,Leon J. Topalian,,,,,https://en.wikipedia.org/w/index.php?title=Nucor&oldid=1030932660,https://en.wikipedia.org/wiki/Nucor
2021,Cummins,,150,N. Thomas Linebarger,,,,,,https://en.wikipedia.org/w/index.php?title=Cummins&oldid=1033897791,https://en.wikipedia.org/wiki/Cummins
2021,NGL Energy Partners,,151,H. Michael Krimbill,Michael Krimbill,,,,,,
2021,DXC Technology,,152,Mike Salvino,,,,,,https://en.wikipedia.org/w/index.php?title=DXC_Technology&oldid=1033637503,https://en.wikipedia.org/wiki/DXC_Technology
2021,Union Pacific,,153,Lance M. Fritz,Lance Fritz,,,,,https://en.wikipedia.org/w/index.php?title=Union_Pacific_Corporation&oldid=1033725574,https://en.wikipedia.org/wiki/Union_Pacific_Corporation
2021,Whirlpool,,154,Marc Bitzer,Marc R. Bitzer,,,,,https://en.wikipedia.org/w/index.php?title=Whirlpool_Corporation&oldid=1034032611,https://en.wikipedia.org/wiki/Whirlpool_Corporation
2021,Molina Healthcare,,155,Joseph Zubretsky,Joseph M. Zubretsky,,,,,https://en.wikipedia.org/w/index.php?title=Molina_Healthcare&oldid=1033012332,https://en.wikipedia.org/wiki/Molina_Healthcare
2021,ConocoPhillips,,156,Ryan Lance,Ryan M. Lance,,,,,https://en.wikipedia.org/w/index.php?title=ConocoPhillips&oldid=1031219557,https://en.wikipedia.org/wiki/ConocoPhillips
2021,McDonald's,,157,Chris Kempczinski,,,,,,https://en.wikipedia.org/w/index.php?title=McDonald's&oldid=1033796730,https://en.wikipedia.org/wiki/McDonald's
2021,Kimberly-Clark,,158,Michael D. Hsu,,,,,,https://en.wikipedia.org/w/index.php?title=Kimberly-Clark&oldid=1032535113,https://en.wikipedia.org/wiki/Kimberly-Clark
2021,Paccar,,159,Preston Feight,,,,,,https://en.wikipedia.org/w/index.php?title=Paccar&oldid=1027398432,https://en.wikipedia.org/wiki/Paccar
2021,PG&E,,160,Patti Poppe,,,,,,https://en.wikipedia.org/w/index.php?title=PG&E&oldid=1035647372,https://en.wikipedia.org/wiki/PG
2021,CDW,,161,Christine Leahy,Christine A. Leahy,,,,,https://en.wikipedia.org/w/index.php?title=CDW&oldid=1032404397,https://en.wikipedia.org/wiki/CDW
2021,Sherwin-Williams,,162,John G. Morikis,,,,,,https://en.wikipedia.org/w/index.php?title=Sherwin-Williams&oldid=1033614546,https://en.wikipedia.org/wiki/Sherwin-Williams
2021,L3Harris Technologies,,163,Christopher E. Kubasik,Christopher Kubasik; Chris Kubasik,,,,,https://en.wikipedia.org/w/index.php?title=L3Harris&oldid=1034588212,https://en.wikipedia.org/wiki/L3Harris
2021,Macy's,,164,Jeff Gennette,,,,,,https://en.wikipedia.org/w/index.php?title=Macy's&oldid=1037507454,https://en.wikipedia.org/wiki/Macy's
2021,ManpowerGroup,,165,Jonas Prising,,,,,,https://en.wikipedia.org/w/index.php?title=ManpowerGroup&oldid=1034900006,https://en.wikipedia.org/wiki/ManpowerGroup
2021,NextEra Energy,,166,James L. Robo,,,,,,https://en.wikipedia.org/w/index.php?title=NextEra_Energy&oldid=1031993558,https://en.wikipedia.org/wiki/NextEra_Energy
2021,Tenet Healthcare,,167,Ronald Rittenmeyer,,,,,,https://en.wikipedia.org/w/index.php?title=Tenet_Healthcare&oldid=1032155442,https://en.wikipedia.org/wiki/Tenet_Healthcare
2021,Avnet,,168,Phil Gallagher,,,,,,https://en.wikipedia.org/w/index.php?title=Avnet&oldid=1030318057,https://en.wikipedia.org/wiki/Avnet
2021,General Mills,,169,Jeffrey L. Harmening,Jeffrey Harmening,,,,,https://en.wikipedia.org/w/index.php?title=General_Mills&oldid=1032066072,https://en.wikipedia.org/wiki/General_Mills
2021,WestRock,,170,David B. Sewell,,,,,,https://en.wikipedia.org/w/index.php?title=WestRock&oldid=1030938452,https://en.wikipedia.org/wiki/WestRock
2021,Carrier Global,,171,Dave Gitlin,,,,,,https://en.wikipedia.org/w/index.php?title=Carrier_Global&oldid=1034292340,https://en.wikipedia.org/wiki/Carrier_Global
2021,Lincoln National,,172,Dennis Glass,,,,,,https://en.wikipedia.org/w/index.php?title=Lincoln_National_Corporation&oldid=1024398500,https://en.wikipedia.org/wiki/Lincoln_National_Corporation
2021,Genuine Parts,,173,Paul D. Donohue,,,,,,https://en.wikipedia.org/w/index.php?title=Genuine_Parts_Company&oldid=1042077768,https://en.wikipedia.org/wiki/Genuine_Parts_Company
2021,American Airlines Group,,174,Doug Parker,,,,,,https://en.wikipedia.org/w/index.php?title=American_Airlines_Group&oldid=1032992430,https://en.wikipedia.org/wiki/American_Airlines_Group
2021,Marsh & McLennan,,175,Daniel S. Glaser,,,,,,https://en.wikipedia.org/w/index.php?title=Marsh_&_McLennan&oldid=1043451546,https://en.wikipedia.org/wiki/Marsh_
2021,Applied Materials,,176,Gary E. Dickerson,Gary Dickerson,,,,,https://en.wikipedia.org/w/index.php?title=Applied_Materials&oldid=1033893232,https://en.wikipedia.org/wiki/Applied_Materials
2021,Becton Dickinson,,177,Tom Polen,,,,,,https://en.wikipedia.org/w/index.php?title=BD_(company)&oldid=1032867749,https://en.wikipedia.org/wiki/BD_(company)
2021,Delta Air Lines,,178,Ed Bastian,,,,,,https://en.wikipedia.org/w/index.php?title=Delta_Air_Lines&oldid=1034304091,https://en.wikipedia.org/wiki/Delta_Air_Lines
2021,Lear,,179,Ray Scott,,,,,,https://en.wikipedia.org/w/index.php?title=Lear_Corporation&oldid=1032498880,https://en.wikipedia.org/wiki/Lear_Corporation
2021,Bank of New York (BNY),Bank of New York Mellon,180,Thomas P. Gibbons,Thomas Gibbons; Todd Gibbons,,,,,https://en.wikipedia.org/w/index.php?title=BNY&oldid=1034221454,https://en.wikipedia.org/wiki/BNY
2021,Emerson Electric,,181,Lal Karsanbhai,Lal L. Karsanbhai,,,,,https://en.wikipedia.org/w/index.php?title=Emerson_Electric&oldid=1031604641,https://en.wikipedia.org/wiki/Emerson_Electric
2021,Western Digital,,182,David Goeckeler,David V. Goeckeler,,,,,https://en.wikipedia.org/w/index.php?title=Western_Digital&oldid=1035555564,https://en.wikipedia.org/wiki/Western_Digital
2021,Occidental Petroleum,,183,Vicki Hollub,,,,,,https://en.wikipedia.org/w/index.php?title=Occidental_Petroleum&oldid=1038690361,https://en.wikipedia.org/wiki/Occidental_Petroleum
2021,Nvidia,,184,Jensen Huang,,,,,,https://en.wikipedia.org/w/index.php?title=Nvidia&oldid=1032938639,https://en.wikipedia.org/wiki/Nvidia
2021,Cognizant Technology Solutions,,185,Brian Humphries,,,,,,https://en.wikipedia.org/w/index.php?title=Cognizant&oldid=1033677344,https://en.wikipedia.org/wiki/Cognizant
2021,Jones Lang LaSalle,,186,Christian Ulbrich,,,,,,https://en.wikipedia.org/w/index.php?title=JLL_(company)&oldid=1037016455,https://en.wikipedia.org/wiki/JLL_(company)
2021,Synchrony,Synchrony Financial,187,Brian Doubles,Brian D. Doubles,,,,,https://en.wikipedia.org/w/index.php?title=Synchrony_Financial&oldid=1034133166,https://en.wikipedia.org/wiki/Synchrony_Financial
2021,Colgate-Palmolive,,188,Noel Wallace,Noel R. Wallace,,,,,https://en.wikipedia.org/w/index.php?title=Colgate-Palmolive&oldid=1032870930,https://en.wikipedia.org/wiki/Colgate-Palmolive
2021,AECOM,,189,W. Troy Rudd,Troy Rudd,,,,,https://en.wikipedia.org/w/index.php?title=AECOM&oldid=1032992407,https://en.wikipedia.org/wiki/AECOM
2021,XPO,,190,Brad Jacobs,,,,,,"https://en.wikipedia.org/w/index.php?title=XPO,_Inc.&oldid=1032173055","https://en.wikipedia.org/wiki/XPO,_Inc."
2021,C.H. Robinson Worldwide,,191,Robert C. Biesterfeld Jr.,,,,,,https://en.wikipedia.org/w/index.php?title=C._H._Robinson&oldid=1034292059,https://en.wikipedia.org/wiki/C._H._Robinson
2021,BlackRock,,192,Larry Fink,,,,,,https://en.wikipedia.org/w/index.php?title=BlackRock&oldid=1033833290,https://en.wikipedia.org/wiki/BlackRock
2021,Dominion Energy,,193,Robert Blue,Robert M. Blue,,,,,https://en.wikipedia.org/w/index.php?title=Dominion_Energy&oldid=1033474175,https://en.wikipedia.org/wiki/Dominion_Energy
2021,Rocket Companies,,194,Jay Farner,,,,,,https://en.wikipedia.org/w/index.php?title=Rocket_Companies&oldid=1010040322,https://en.wikipedia.org/wiki/Rocket_Companies
2021,Kohl's,,195,Michelle Gass,,,,,,https://en.wikipedia.org/w/index.php?title=Kohl's&oldid=1034094580,https://en.wikipedia.org/wiki/Kohl's
2021,Fluor,,196,David E. Constable,David Constable,,,,,https://en.wikipedia.org/w/index.php?title=Fluor_Corporation&oldid=1032876853,https://en.wikipedia.org/wiki/Fluor_Corporation
2021,DISH Network,,197,Erik Carlson,,,,,,,
2021,BJ's Wholesale Club,,198,Bob Eddy,,,,,,https://en.wikipedia.org/w/index.php?title=BJ's_Wholesale_Club&oldid=1032100145,https://en.wikipedia.org/wiki/BJ's_Wholesale_Club
2021,Tenneco,,199,Brian Kesseler,,,,,,https://en.wikipedia.org/w/index.php?title=Tenneco&oldid=1034273747,https://en.wikipedia.org/wiki/Tenneco
2021,United Airlines Holdings,,200,John Scott Kirby,Scott Kirby,,,,,https://en.wikipedia.org/w/index.php?title=United_Airlines&oldid=1032894263,https://en.wikipedia.org/wiki/United_Airlines
2021,Mastercard,,201,Michael Miebach,,,,,,https://en.wikipedia.org/w/index.php?title=Mastercard&oldid=1033397203,https://en.wikipedia.org/wiki/Mastercard
2021,Waste Management,,202,James C. Fish Jr.,,,,,,"https://en.wikipedia.org/w/index.php?title=Waste_Management,_Inc.&oldid=1034124119","https://en.wikipedia.org/wiki/Waste_Management,_Inc."
2021,PBF Energy,,203,Thomas J. Nimbley,Thomas Nimbley,,,,,https://en.wikipedia.org/w/index.php?title=PBF_Energy&oldid=1033916142,https://en.wikipedia.org/wiki/PBF_Energy
2021,American Electric Power,,204,Nick Akins,,,,,,https://en.wikipedia.org/w/index.php?title=American_Electric_Power&oldid=1039471667,https://en.wikipedia.org/wiki/American_Electric_Power
2021,Fiserv,,205,Frank Bisignano,Frank J. Bisignano,,,,,https://en.wikipedia.org/w/index.php?title=Fiserv&oldid=1035429094,https://en.wikipedia.org/wiki/Fiserv
2021,Principal Financial,,206,Daniel J. Houston,Daniel Houston,,,,,https://en.wikipedia.org/w/index.php?title=Principal_Financial_Group&oldid=1032969464,https://en.wikipedia.org/wiki/Principal_Financial_Group
2021,Reinsurance Group of America,,207,Anna Manning,,,,,,https://en.wikipedia.org/w/index.php?title=Reinsurance_Group_of_America&oldid=1027575215,https://en.wikipedia.org/wiki/Reinsurance_Group_of_America
2021,Automatic Data Processing,,208,Kathleen Winters,,,,,,https://en.wikipedia.org/w/index.php?title=ADP_(company)&oldid=1026135935,https://en.wikipedia.org/wiki/ADP_(company)
2021,Stanley Black & Decker,,209,James M. Loree,,,,,,https://en.wikipedia.org/w/index.php?title=Stanley_Black_&_Decker&oldid=1033181585,https://en.wikipedia.org/wiki/Stanley_Black_
2021,Texas Instruments,,210,Rich Templeton,,,,,,https://en.wikipedia.org/w/index.php?title=Texas_Instruments&oldid=1035610363,https://en.wikipedia.org/wiki/Texas_Instruments
2021,Halliburton,,211,Jeff Miller,,,,,,https://en.wikipedia.org/w/index.php?title=Halliburton&oldid=1033580935,https://en.wikipedia.org/wiki/Halliburton
2021,Stryker,,212,Kevin A. Lobo,Kevin Lobo,,,,,https://en.wikipedia.org/w/index.php?title=Stryker_Corporation&oldid=1032013311,https://en.wikipedia.org/wiki/Stryker_Corporation
2021,Estée Lauder,,213,Fabrizio Freda,,,,,,https://en.wikipedia.org/w/index.php?title=Est%C3%A9e_Lauder_Companies&oldid=1033340986,https://en.wikipedia.org/wiki/Estée_Lauder_Companies
2021,Corteva,,214,"James Collins",Jim Collins,,,,,https://en.wikipedia.org/w/index.php?title=Corteva&oldid=1034289864,https://en.wikipedia.org/wiki/Corteva
2021,Freeport-McMoRan,,215,Richard C. Adkerson,Richard Adkerson,,,,,https://en.wikipedia.org/w/index.php?title=Freeport-McMoRan&oldid=1033595557,https://en.wikipedia.org/wiki/Freeport-McMoRan
2021,QVC Group,Qurate Retail,216,David Rawlinson II,,,,,,https://en.wikipedia.org/w/index.php?title=QVC_Group&oldid=1033406668,https://en.wikipedia.org/wiki/QVC_Group
2021,Wayfair,,217,Niraj Shah,Niraj S. Shah,,,,,https://en.wikipedia.org/w/index.php?title=Wayfair&oldid=1035041112,https://en.wikipedia.org/wiki/Wayfair
2021,Labcorp Holdings,Laboratory Corp. of America,218,Adam H. Schechter,Adam Schechter,,,,,https://en.wikipedia.org/w/index.php?title=Labcorp&oldid=1033995784,https://en.wikipedia.org/wiki/Labcorp
2021,Land O'Lakes,,219,Beth Ford,Beth E. Ford,,,,,https://en.wikipedia.org/w/index.php?title=Land_O'Lakes&oldid=1031874693,https://en.wikipedia.org/wiki/Land_O'Lakes
2021,PPG Industries,,220,Michael H. McGarry,,,,,,https://en.wikipedia.org/w/index.php?title=PPG_Industries&oldid=1032128399,https://en.wikipedia.org/wiki/PPG_Industries
2021,Gap,,221,Sonia Syngal,,,,,,https://en.wikipedia.org/w/index.php?title=Gap_Inc.&oldid=1033719387,https://en.wikipedia.org/wiki/Gap_Inc.
2021,Kellanova,Kellogg,222,Steven Cahillane,Steven A. Cahillane,,,,,,
2021,Parker-Hannifin,,223,Thomas L. Williams,,,,,,https://en.wikipedia.org/w/index.php?title=Parker_Hannifin&oldid=1032876674,https://en.wikipedia.org/wiki/Parker_Hannifin
2021,Core-Mark Holding,,224,Scott E. McPherson,Scott McPherson,,,,,,
2021,Jacobs Solutions,,225,Steven J. Demetriou,,,,,,https://en.wikipedia.org/w/index.php?title=Jacobs_Solutions&oldid=1032288247,https://en.wikipedia.org/wiki/Jacobs_Solutions
2021,Edison International,,226,Pedro J. Pizarro,Pedro Pizarro,,,,,https://en.wikipedia.org/w/index.php?title=Edison_International&oldid=1046924770,https://en.wikipedia.org/wiki/Edison_International
2021,Guardian Life Ins. Co. of America,,227,Andrew McMahon,,,,,,https://en.wikipedia.org/w/index.php?title=The_Guardian_Life_Insurance_Company_of_America&oldid=1037960750,https://en.wikipedia.org/wiki/The_Guardian_Life_Insurance_Company_of_America
2021,Biogen,,228,Michel Vounatsos,,,,,,https://en.wikipedia.org/w/index.php?title=Biogen&oldid=1032040984,https://en.wikipedia.org/wiki/Biogen
2021,Omnicom Group,,229,John D. Wren,John Wren,,,,,https://en.wikipedia.org/w/index.php?title=Omnicom_Group&oldid=1032669419,https://en.wikipedia.org/wiki/Omnicom_Group
2021,Unum Group,,230,Rick McKenney,,,,,,https://en.wikipedia.org/w/index.php?title=Unum&oldid=1035421098,https://en.wikipedia.org/wiki/Unum
2021,Lithia Motors,,231,Bryan DeBoer,,,,,,https://en.wikipedia.org/w/index.php?title=Lithia_Motors&oldid=1025412755,https://en.wikipedia.org/wiki/Lithia_Motors
2021,American Family Insurance Group,,232,Jack Salzwedel,,,,,,https://en.wikipedia.org/w/index.php?title=American_Family_Insurance&oldid=1033142925,https://en.wikipedia.org/wiki/American_Family_Insurance
2021,Discover,Discover Financial Services,233,Roger C. Hochschild,Roger Hochschild,,,,,https://en.wikipedia.org/w/index.php?title=Discover_Financial&oldid=1035428571,https://en.wikipedia.org/wiki/Discover_Financial
2021,Adobe,,234,Shantanu Narayen,,,,,,https://en.wikipedia.org/w/index.php?title=Adobe_Inc.&oldid=1033605390,https://en.wikipedia.org/wiki/Adobe_Inc.
2021,Aramark,,235,John Zillmer,John J. Zillmer,,,,,https://en.wikipedia.org/w/index.php?title=Aramark&oldid=1033804404,https://en.wikipedia.org/wiki/Aramark
2021,Otis Worldwide,,236,Judy Marks,,,,,,https://en.wikipedia.org/w/index.php?title=Otis_Worldwide&oldid=1034292271,https://en.wikipedia.org/wiki/Otis_Worldwide
2021,Ecolab,,237,Christophe Beck.,,,,,,https://en.wikipedia.org/w/index.php?title=Ecolab&oldid=1032872731,https://en.wikipedia.org/wiki/Ecolab
2021,AutoZone,,238,William C. Rhodes III,,,,,,https://en.wikipedia.org/w/index.php?title=AutoZone&oldid=1032873302,https://en.wikipedia.org/wiki/AutoZone
2021,Loews,,239,James Tisch,James S. Tisch,,,,,https://en.wikipedia.org/w/index.php?title=Loews_Corporation&oldid=1043232841,https://en.wikipedia.org/wiki/Loews_Corporation
2021,Illinois Tool Works,,240,E. Scott Santi,,,,,,https://en.wikipedia.org/w/index.php?title=Illinois_Tool_Works&oldid=1029358565,https://en.wikipedia.org/wiki/Illinois_Tool_Works
2021,Fidelity National Information (FIS),Fidelity National Information Services,241,Gary A. Norcross,,,,,,https://en.wikipedia.org/w/index.php?title=FIS_(company)&oldid=1032230879,https://en.wikipedia.org/wiki/FIS_(company)
2021,Ross Stores,,242,Barbara Rentler,,,,,,https://en.wikipedia.org/w/index.php?title=Ross_Stores&oldid=1036615668,https://en.wikipedia.org/wiki/Ross_Stores
2021,Peter Kiewit Sons',,243,Rick Lanoha,,,,,,https://en.wikipedia.org/w/index.php?title=Kiewit_Corporation&oldid=1031450746,https://en.wikipedia.org/wiki/Kiewit_Corporation
2021,Equitable Holdings,,244,Mark Pearson,,,,,,https://en.wikipedia.org/w/index.php?title=Equitable_Holdings&oldid=1035420620,https://en.wikipedia.org/wiki/Equitable_Holdings
2021,WESCO International,,245,John Engel,John J. Engel,,,,,https://en.wikipedia.org/w/index.php?title=WESCO_International&oldid=1034605352,https://en.wikipedia.org/wiki/WESCO_International
2021,Goodyear Tire & Rubber,,246,Richard J. Kramer,Richard Kramer,,,,,https://en.wikipedia.org/w/index.php?title=Goodyear_Tire_and_Rubber_Company&oldid=1033340227,https://en.wikipedia.org/wiki/Goodyear_Tire_and_Rubber_Company
2021,Fox,,247,Lachlan Murdoch,Lachlan K. Murdoch,,,,,https://en.wikipedia.org/w/index.php?title=Fox_Corporation&oldid=1033997187,https://en.wikipedia.org/wiki/Fox_Corporation
2021,Leidos Holdings,,248,Roger Krone,,,,,,https://en.wikipedia.org/w/index.php?title=Leidos&oldid=1032531643,https://en.wikipedia.org/wiki/Leidos
2021,Consolidated Edison,,249,Tim Cawley,,,,,,https://en.wikipedia.org/w/index.php?title=Consolidated_Edison&oldid=1033591152,https://en.wikipedia.org/wiki/Consolidated_Edison
2021,DTE Energy,,250,Gerardo Norcia,,,,,,https://en.wikipedia.org/w/index.php?title=DTE_Energy&oldid=1033301426,https://en.wikipedia.org/wiki/DTE_Energy
2021,Charles Schwab,,251,Walter W Bettinger II,,,,,,https://en.wikipedia.org/w/index.php?title=Charles_Schwab_Corporation&oldid=1033725538,https://en.wikipedia.org/wiki/Charles_Schwab_Corporation
2021,State Street,,252,Ron O'Hanley,,,,,,https://en.wikipedia.org/w/index.php?title=State_Street_Corporation&oldid=1025660636,https://en.wikipedia.org/wiki/State_Street_Corporation
2021,Ameriprise Financial,,253,James M. Cracchiolo,James Cracchiolo,,,,,https://en.wikipedia.org/w/index.php?title=Ameriprise_Financial&oldid=1034292606,https://en.wikipedia.org/wiki/Ameriprise_Financial
2021,Viatris,,254,Michael Goettler,,,,,,https://en.wikipedia.org/w/index.php?title=Viatris&oldid=1034685350,https://en.wikipedia.org/wiki/Viatris
2021,Sempra,,255,Jeffrey W. Martin,,,,,,https://en.wikipedia.org/w/index.php?title=Sempra&oldid=1034743935,https://en.wikipedia.org/wiki/Sempra
2021,Farmers Insurance Exchange,,256,Jeffrey J. Dailey,,,,,,https://en.wikipedia.org/w/index.php?title=Farmers_Insurance_Group&oldid=1034003517,https://en.wikipedia.org/wiki/Farmers_Insurance_Group
2021,Bath & Body Works,,257,Andrew Meslow,,,,,,https://en.wikipedia.org/w/index.php?title=Bath_&_Body_Works&oldid=1017075588,https://en.wikipedia.org/wiki/Bath_
2021,W.W. Grainger,,258,D.G. Macpherson,,,,,,https://en.wikipedia.org/w/index.php?title=W._W._Grainger&oldid=1032874982,https://en.wikipedia.org/wiki/W._W._Grainger
2021,Community Health Systems,,259,Wayne T. Smith,,,,,,https://en.wikipedia.org/w/index.php?title=Community_Health_Systems&oldid=1035961109,https://en.wikipedia.org/wiki/Community_Health_Systems
2021,Ball,,260,John A Hayes,,,,,,https://en.wikipedia.org/w/index.php?title=Ball_Corporation&oldid=1028993682,https://en.wikipedia.org/wiki/Ball_Corporation
2021,Berry Global Group,,261,Thomas E.,,,,,,https://en.wikipedia.org/w/index.php?title=Berry_Global&oldid=1032004011,https://en.wikipedia.org/wiki/Berry_Global
2021,Kinder Morgan,,262,Steven J. Kean,Steven Kean,,,,,https://en.wikipedia.org/w/index.php?title=Kinder_Morgan&oldid=1033648767,https://en.wikipedia.org/wiki/Kinder_Morgan
2021,VF,,263,Steve Rendle,,,,,,https://en.wikipedia.org/w/index.php?title=VF_Corporation&oldid=1034286150,https://en.wikipedia.org/wiki/VF_Corporation
2021,Baxter International,,264,José E. Almeida,,,,,,https://en.wikipedia.org/w/index.php?title=Baxter_International&oldid=1033597656,https://en.wikipedia.org/wiki/Baxter_International
2021,Textron,,265,Scott C. Donnelly,Scott Donnelly,,,,,https://en.wikipedia.org/w/index.php?title=Textron&oldid=1029479056,https://en.wikipedia.org/wiki/Textron
2021,LKQ,,266,Dominick P. Zarcone,,,,,,https://en.wikipedia.org/w/index.php?title=LKQ&oldid=1030412899,https://en.wikipedia.org/wiki/LKQ
2021,Keurig Dr Pepper,,267,Robert Gamgort,Robert J. Gamgort,,,,,https://en.wikipedia.org/w/index.php?title=Keurig_Dr_Pepper&oldid=1032269123,https://en.wikipedia.org/wiki/Keurig_Dr_Pepper
2021,O'Reilly Automotive,,268,Gregory D. Johnson,Gregory Johnson; Greg Johnson,,,,,https://en.wikipedia.org/w/index.php?title=O%27Reilly_Auto_Parts&oldid=1033429878,https://en.wikipedia.org/wiki/O'Reilly_Auto_Parts
2021,Crown Holdings,,269,Timothy J. Donahue,Timothy Donahue,,,,,https://en.wikipedia.org/w/index.php?title=Crown_Holdings&oldid=1041942099,https://en.wikipedia.org/wiki/Crown_Holdings
2021,Universal Health Services,,270,Alan B. Miller,,,,,,https://en.wikipedia.org/w/index.php?title=Universal_Health_Services&oldid=1032145243,https://en.wikipedia.org/wiki/Universal_Health_Services
2021,DaVita,,271,Javier J. Rodriguez,Javier Rodriguez,,,,,https://en.wikipedia.org/w/index.php?title=DaVita&oldid=1033793552,https://en.wikipedia.org/wiki/DaVita
2021,Xcel Energy,,272,Ben Fowke,,,,,,https://en.wikipedia.org/w/index.php?title=Xcel_Energy&oldid=1033129593,https://en.wikipedia.org/wiki/Xcel_Energy
2021,Newmont,,273,Tom Palmer,,,,,,https://en.wikipedia.org/w/index.php?title=Newmont&oldid=1034904122,https://en.wikipedia.org/wiki/Newmont
2021,Vistra,,274,Curtis A. Morgan,Curtis Morgan; Curt Morgan,,,,,https://en.wikipedia.org/w/index.php?title=Vistra_Corp.&oldid=1044551203,https://en.wikipedia.org/wiki/Vistra_Corp.
2021,IQVIA Holdings,,275,Ari Bousbib,,,,,,https://en.wikipedia.org/w/index.php?title=IQVIA&oldid=1033423429,https://en.wikipedia.org/wiki/IQVIA
2021,Ebay,,276,Jamie Iannone,,,,,,https://en.wikipedia.org/w/index.php?title=EBay&oldid=1034249746,https://en.wikipedia.org/wiki/EBay
2021,Corning,,277,Wendell P. Weeks,Wendell Weeks,,,,,https://en.wikipedia.org/w/index.php?title=Corning_Inc.&oldid=1024433506,https://en.wikipedia.org/wiki/Corning_Inc.
2021,Quanta Services,,278,Earl C. Austin,Earl Austin; Duke Austin; Earl C. Austin Jr.,,,,,https://en.wikipedia.org/w/index.php?title=Quanta_Services&oldid=1026221453,https://en.wikipedia.org/wiki/Quanta_Services
2021,HF Sinclair,,279,Michael C. Jennings,,,,,,https://en.wikipedia.org/w/index.php?title=HF_Sinclair&oldid=1036923147,https://en.wikipedia.org/wiki/HF_Sinclair
2021,Bed Bath & Beyond,,280,Mark Tritton,,,,,,,
2021,Uber Technologies,,281,Dara Khosrowshahi,,,,,,https://en.wikipedia.org/w/index.php?title=Uber&oldid=1034052851,https://en.wikipedia.org/wiki/Uber
2021,Mutual of Omaha,Mutual of Omaha Insurance,282,James Blackledge,James T. Blackledge,,,,,https://en.wikipedia.org/w/index.php?title=Mutual_of_Omaha&oldid=1031108718,https://en.wikipedia.org/wiki/Mutual_of_Omaha
2021,Conagra Brands,,283,Sean Connolly,Sean M. Connolly,,,,,https://en.wikipedia.org/w/index.php?title=Conagra_Brands&oldid=1032870212,https://en.wikipedia.org/wiki/Conagra_Brands
2021,PulteGroup,,284,Ryan R. Marshall,Ryan Marshall,,,,,https://en.wikipedia.org/w/index.php?title=PulteGroup&oldid=1022865106,https://en.wikipedia.org/wiki/PulteGroup
2021,EOG Resources,,285,William R. Thomas,,,,,,https://en.wikipedia.org/w/index.php?title=EOG_Resources&oldid=1033592781,https://en.wikipedia.org/wiki/EOG_Resources
2021,Group 1 Automotive,,286,Earl J. Hesterberg,,,,,,https://en.wikipedia.org/w/index.php?title=Group_1_Automotive&oldid=1044866437,https://en.wikipedia.org/wiki/Group_1_Automotive
2021,Ally Financial,,287,Jeffrey J. Brown,Jeffrey Brown,,,,,https://en.wikipedia.org/w/index.php?title=Ally_Financial&oldid=1035421409,https://en.wikipedia.org/wiki/Ally_Financial
2021,Fidelity National Financial,,288,Raymond R. Quirk,,,,,,https://en.wikipedia.org/w/index.php?title=Fidelity_National_Financial&oldid=1032039897,https://en.wikipedia.org/wiki/Fidelity_National_Financial
2021,Nordstrom,,289,Erik Nordstrom,Erik B. Nordstrom,,,,,https://en.wikipedia.org/w/index.php?title=Nordstrom&oldid=1033340840,https://en.wikipedia.org/wiki/Nordstrom
2021,Warner Bros. Discovery,,290,David M. Zaslav,David Zaslav,,,,,https://en.wikipedia.org/w/index.php?title=Warner_Bros._Discovery&oldid=1034903709,https://en.wikipedia.org/wiki/Warner_Bros._Discovery
2021,Tractor Supply,,291,Hal Lawton,,,,,,https://en.wikipedia.org/w/index.php?title=Tractor_Supply_Company&oldid=1034388459,https://en.wikipedia.org/wiki/Tractor_Supply_Company
2021,CSX,,292,Steve Angel,,,,,,https://en.wikipedia.org/w/index.php?title=CSX&oldid=1023401645,https://en.wikipedia.org/wiki/CSX
2021,Marriott International,,293,Anthony Capuano,Anthony G. Capuano,,,,,https://en.wikipedia.org/w/index.php?title=Marriott_International&oldid=1033340476,https://en.wikipedia.org/wiki/Marriott_International
2021,FirstEnergy,,294,Steve Strah,,,,,,https://en.wikipedia.org/w/index.php?title=FirstEnergy&oldid=1035599656,https://en.wikipedia.org/wiki/FirstEnergy
2021,BorgWarner,,295,Frédéric Lissalde,,,,,,https://en.wikipedia.org/w/index.php?title=BorgWarner&oldid=1051961856,https://en.wikipedia.org/wiki/BorgWarner
2021,Jones Financial (Edward Jones),,295,Penny Pennington,,,,,,https://en.wikipedia.org/w/index.php?title=Edward_Jones_Investments&oldid=1038273979,https://en.wikipedia.org/wiki/Edward_Jones_Investments
2021,Republic Services,,297,Jon Vander Ark,,,,,,https://en.wikipedia.org/w/index.php?title=Republic_Services&oldid=1033012555,https://en.wikipedia.org/wiki/Republic_Services
2021,Henry Schein,,298,Stanley M. Bergman,Stanley Bergman,,,,,https://en.wikipedia.org/w/index.php?title=Henry_Schein&oldid=1019215487,https://en.wikipedia.org/wiki/Henry_Schein
2021,Expeditors Intl. of Washington,Expeditors International of Washington,299,Jeffrey S. Musser,,,,,,https://en.wikipedia.org/w/index.php?title=Expeditors_International&oldid=1024495117,https://en.wikipedia.org/wiki/Expeditors_International
2021,Entergy,,300,Leo Denault,,,,,,https://en.wikipedia.org/w/index.php?title=Entergy&oldid=1030386097,https://en.wikipedia.org/wiki/Entergy
2021,Advance Auto Parts,,301,Tom Greco,,,,,,https://en.wikipedia.org/w/index.php?title=Advance_Auto_Parts&oldid=1032030656,https://en.wikipedia.org/wiki/Advance_Auto_Parts
2021,Assurant,,302,Alan B. Colberg,,,,,,https://en.wikipedia.org/w/index.php?title=Assurant&oldid=1032866551,https://en.wikipedia.org/wiki/Assurant
2021,Pacific Life,,303,James T. Morris,,,,,,https://en.wikipedia.org/w/index.php?title=Pacific_Life&oldid=1046387277,https://en.wikipedia.org/wiki/Pacific_Life
2021,Lam Research,,304,Tim Archer,,,,,,https://en.wikipedia.org/w/index.php?title=Lam_Research&oldid=1038957617,https://en.wikipedia.org/wiki/Lam_Research
2021,Boston Scientific,,305,Michael F. Mahoney,Michael Mahoney,,,,,https://en.wikipedia.org/w/index.php?title=Boston_Scientific&oldid=1032868681,https://en.wikipedia.org/wiki/Boston_Scientific
2021,Optimum Communications,Altice USA,306,Dexter Goei,,,,,,https://en.wikipedia.org/w/index.php?title=Optimum_Communications&oldid=1034971687,https://en.wikipedia.org/wiki/Optimum_Communications
2021,Norfolk Southern,,307,James A. Squires,James Squires; Jim Squires,,,,,https://en.wikipedia.org/w/index.php?title=Norfolk_Southern_Railway&oldid=1031345560,https://en.wikipedia.org/wiki/Norfolk_Southern_Railway
2021,Sonic Automotive,,308,David Smith,,,,,,https://en.wikipedia.org/w/index.php?title=Sonic_Automotive&oldid=1034410267,https://en.wikipedia.org/wiki/Sonic_Automotive
2021,Advanced Micro Devices,,309,Lisa Su,Lisa T. Su,,,,,https://en.wikipedia.org/w/index.php?title=AMD&oldid=1033355137,https://en.wikipedia.org/wiki/AMD
2021,United States Steel,,310,David Burritt,David B. Burritt,,,,,https://en.wikipedia.org/w/index.php?title=U.S._Steel&oldid=1034849320,https://en.wikipedia.org/wiki/U.S._Steel
2021,Markel Group,Markel,311,Thomas S. Gayner,,Richard R. Whitt. III ,,,,https://en.wikipedia.org/w/index.php?title=Markel_Group&oldid=1029895338,https://en.wikipedia.org/wiki/Markel_Group
2021,ODP,,312,Gerry P. Smith,Gerry Smith,,,,,,
2021,AES,,313,Andres Gluski,Andres R. Gluski,,,,,https://en.wikipedia.org/w/index.php?title=AES_Corporation&oldid=1029043798,https://en.wikipedia.org/wiki/AES_Corporation
2021,Molson Coors Beverage,,314,Gavin Hattersley,,,,,,https://en.wikipedia.org/w/index.php?title=Molson_Coors&oldid=1033588538,https://en.wikipedia.org/wiki/Molson_Coors
2021,J.B. Hunt Transport Services,,315,John N. Roberts III,,,,,,https://en.wikipedia.org/w/index.php?title=J._B._Hunt&oldid=1026520094,https://en.wikipedia.org/wiki/J._B._Hunt
2021,KKR,,316,Henry Kravis,,George R. Roberts,,,,https://en.wikipedia.org/w/index.php?title=KKR_%26_Co.&oldid=1034675820,https://en.wikipedia.org/wiki/KKR_&_Co.
2021,Hormel Foods,,317,James Snee,,,,,,https://en.wikipedia.org/w/index.php?title=Hormel_Foods&oldid=1033124294,https://en.wikipedia.org/wiki/Hormel_Foods
2021,Public Service Enterprise Group,,318,Ralph Izzo,,,,,,https://en.wikipedia.org/w/index.php?title=Public_Service_Enterprise_Group&oldid=1032888375,https://en.wikipedia.org/wiki/Public_Service_Enterprise_Group
2021,Steel Dynamics,,319,Mark D. Millett,Mark Millett,,,,,https://en.wikipedia.org/w/index.php?title=Steel_Dynamics&oldid=1037192686,https://en.wikipedia.org/wiki/Steel_Dynamics
2021,Dick's Sporting Goods,,320,Lauren Hobart,Lauren R. Hobart,,,,,https://en.wikipedia.org/w/index.php?title=Dick's_Sporting_Goods&oldid=1037230306,https://en.wikipedia.org/wiki/Dick's_Sporting_Goods
2021,Mohawk Industries,,321,Jeffrey Lorberbaum,Jeffrey S. Lorberbaum,,,,,https://en.wikipedia.org/w/index.php?title=Mohawk_Industries&oldid=1032876032,https://en.wikipedia.org/wiki/Mohawk_Industries
2021,Murphy USA,,322,R. Andrew Clyde,,,,,,https://en.wikipedia.org/w/index.php?title=Murphy_USA&oldid=1034288322,https://en.wikipedia.org/wiki/Murphy_USA
2021,Block,,323,,,,,,,"https://en.wikipedia.org/w/index.php?title=Block,_Inc.&oldid=1034093430","https://en.wikipedia.org/wiki/Block,_Inc."
2021,Quest Diagnostics,,324,Steve Rusckowski,,,,,,https://en.wikipedia.org/w/index.php?title=Quest_Diagnostics&oldid=1029481114,https://en.wikipedia.org/wiki/Quest_Diagnostics
2021,Newell Brands,,325,Ravi Saligram,,,,,,https://en.wikipedia.org/w/index.php?title=Newell_Brands&oldid=1033131305,https://en.wikipedia.org/wiki/Newell_Brands
2021,Liberty Media,,326,Greg Maffei,,,,,,https://en.wikipedia.org/w/index.php?title=Liberty_Media&oldid=1037733674,https://en.wikipedia.org/wiki/Liberty_Media
2021,Huntington Ingalls Industries,,327,C. Michael Petters,,,,,,https://en.wikipedia.org/w/index.php?title=Huntington_Ingalls_Industries&oldid=1033451844,https://en.wikipedia.org/wiki/Huntington_Ingalls_Industries
2021,Cheniere Energy,,328,Jack Fusco,,,,,,https://en.wikipedia.org/w/index.php?title=Cheniere_Energy&oldid=1032419861,https://en.wikipedia.org/wiki/Cheniere_Energy
2021,SpartanNash,,329,Tony B. Sarsam,,,,,,https://en.wikipedia.org/w/index.php?title=SpartanNash&oldid=1034995060,https://en.wikipedia.org/wiki/SpartanNash
2021,Alcoa,,330,Roy C. Harvey,Roy Harvey,,,,,https://en.wikipedia.org/w/index.php?title=Alcoa&oldid=1034357027,https://en.wikipedia.org/wiki/Alcoa
2021,AGCO,,331,Eric Hansotia,Eric P. Hansotia,,,,,https://en.wikipedia.org/w/index.php?title=AGCO&oldid=1033870655,https://en.wikipedia.org/wiki/AGCO
2021,Voya Financial,,332,Rodney O. Martin Jr.,,,,,,https://en.wikipedia.org/w/index.php?title=Voya_Financial&oldid=1016098267,https://en.wikipedia.org/wiki/Voya_Financial
2021,NRG Energy,,333,Mauricio Gutierrez,,,,,,https://en.wikipedia.org/w/index.php?title=NRG_Energy&oldid=1034560161,https://en.wikipedia.org/wiki/NRG_Energy
2021,Interpublic Group,,334,Philippe Krakowsky,,,,,,https://en.wikipedia.org/w/index.php?title=The_Interpublic_Group_of_Companies&oldid=1033306388,https://en.wikipedia.org/wiki/The_Interpublic_Group_of_Companies
2021,Campbell's,Campbell Soup,335,Mark Clouse,Mark A. Clouse,,,,,https://en.wikipedia.org/w/index.php?title=Campbell's&oldid=1029493245,https://en.wikipedia.org/wiki/Campbell's
2021,Southwest Airlines,,336,Gary C. Kelly,,,,,,https://en.wikipedia.org/w/index.php?title=Southwest_Airlines&oldid=1032696625,https://en.wikipedia.org/wiki/Southwest_Airlines
2021,News Corp.,,337,Robert James Thomson,,,,,,https://en.wikipedia.org/w/index.php?title=News_Corp&oldid=1032885928,https://en.wikipedia.org/wiki/News_Corp
2021,Eversource Energy,,338,Joseph R. Nolan,Joseph Nolan,,,,,https://en.wikipedia.org/w/index.php?title=Eversource_Energy&oldid=1033167114,https://en.wikipedia.org/wiki/Eversource_Energy
2021,Alleghany,,339,Weston M. Hicks,,,,,,,
2021,Air Products & Chemicals,,340,Seifi Ghasemi,,,,,,https://en.wikipedia.org/w/index.php?title=Air_Products_&_Chemicals&oldid=1026462204,https://en.wikipedia.org/wiki/Air_Products_
2021,Auto-Owners Insurance,,341,Jeffrey S. Tagsold,,,,,,https://en.wikipedia.org/w/index.php?title=Auto-Owners_Insurance&oldid=1025305951,https://en.wikipedia.org/wiki/Auto-Owners_Insurance
2021,CenterPoint Energy,,342,David J. Lesar,David Lesar,,,,,https://en.wikipedia.org/w/index.php?title=CenterPoint_Energy&oldid=1032873896,https://en.wikipedia.org/wiki/CenterPoint_Energy
2021,Reliance,Reliance Steel & Aluminum,343,Jim Hoffman,,,,,,"https://en.wikipedia.org/w/index.php?title=Reliance,_Inc.&oldid=1033317988","https://en.wikipedia.org/wiki/Reliance,_Inc."
2021,EMCOR Group,,344,Anthony J. Guzzi,,,,,,https://en.wikipedia.org/w/index.php?title=Emcor&oldid=1033960448,https://en.wikipedia.org/wiki/Emcor
2021,Accendra Health,,345,Edward A. Pesicka,,,,,,https://en.wikipedia.org/w/index.php?title=Accendra_Health&oldid=1036658207,https://en.wikipedia.org/wiki/Accendra_Health
2021,Mosaic,,346,James C. O’Rourke,James O’Rourke; Joc O’Rourke,,,,,https://en.wikipedia.org/w/index.php?title=The_Mosaic_Company&oldid=1021298654,https://en.wikipedia.org/wiki/The_Mosaic_Company
2021,Erie Insurance Group,,347,Timothy G. NeCastro,,,,,,https://en.wikipedia.org/w/index.php?title=Erie_Insurance_Group&oldid=1044685265,https://en.wikipedia.org/wiki/Erie_Insurance_Group
2021,Genworth Financial,,348,Tom McInerney,,,,,,https://en.wikipedia.org/w/index.php?title=Genworth_Financial&oldid=1034290611,https://en.wikipedia.org/wiki/Genworth_Financial
2021,Amphenol,,349,R. Adam Norwitt,,,,,,https://en.wikipedia.org/w/index.php?title=Amphenol&oldid=1032877635,https://en.wikipedia.org/wiki/Amphenol
2021,Builders FirstSource,,350,Dave Flitman,,,,,,https://en.wikipedia.org/w/index.php?title=Builders_FirstSource&oldid=1035866019,https://en.wikipedia.org/wiki/Builders_FirstSource
2021,Oneok,,351,Terry K. Spencer,,,,,,https://en.wikipedia.org/w/index.php?title=Oneok&oldid=1032944722,https://en.wikipedia.org/wiki/Oneok
2021,United Rentals,,352,Matthew Flannery,Matthew J. Flannery,,,,,https://en.wikipedia.org/w/index.php?title=United_Rentals&oldid=1035808707,https://en.wikipedia.org/wiki/United_Rentals
2021,Brighthouse Financial,,353,Eric T. Steigerwalt,Eric Steigerwalt,,,,,https://en.wikipedia.org/w/index.php?title=Brighthouse_Financial&oldid=1027471994,https://en.wikipedia.org/wiki/Brighthouse_Financial
2021,Regeneron Pharmaceuticals,,354,Leonard Schleifer,Leonard S. Schleifer,,,,,https://en.wikipedia.org/w/index.php?title=Regeneron_Pharmaceuticals&oldid=1035484902,https://en.wikipedia.org/wiki/Regeneron_Pharmaceuticals
2021,Eastman Chemical,,355,Mark J. Costa,,,,,,https://en.wikipedia.org/w/index.php?title=Eastman_Chemical_Company&oldid=1032930374,https://en.wikipedia.org/wiki/Eastman_Chemical_Company
2021,Vistance Networks,CommScope Holding,356,Charles L. Treadway,Charles Treadway,,,,,,
2021,Ryder System,,357,Robert E. Sanchez,Robert Sanchez,,,,,https://en.wikipedia.org/w/index.php?title=Ryder&oldid=1039124842,https://en.wikipedia.org/wiki/Ryder
2021,Fifth Third Bancorp,,358,Greg D. Carmichael,,,,,,https://en.wikipedia.org/w/index.php?title=Fifth_Third_Bank&oldid=1041637063,https://en.wikipedia.org/wiki/Fifth_Third_Bank
2021,Constellation Brands,,359,Bill Newlands,,,,,,https://en.wikipedia.org/w/index.php?title=Constellation_Brands&oldid=1033341985,https://en.wikipedia.org/wiki/Constellation_Brands
2021,Insight Enterprises,,360,Ken Lamneck,,,,,,https://en.wikipedia.org/w/index.php?title=Insight_Enterprises&oldid=1034536713,https://en.wikipedia.org/wiki/Insight_Enterprises
2021,Global Partners,,361,Eric Slifka,,,,,,https://en.wikipedia.org/w/index.php?title=Global_Partners&oldid=1032067725,https://en.wikipedia.org/wiki/Global_Partners
2021,Univar Solutions,,362,David C. Jukes,David Jukes,,,,,https://en.wikipedia.org/w/index.php?title=Univar_Solutions&oldid=1031758660,https://en.wikipedia.org/wiki/Univar_Solutions
2021,Yum China Holdings,,363,Joey Wat,,,,,,https://en.wikipedia.org/w/index.php?title=Yum_China&oldid=1034293545,https://en.wikipedia.org/wiki/Yum_China
2021,Targa Resources,,364,Matthew J. Meloy,Matthew Meloy; Matt Meloy,,,,,https://en.wikipedia.org/w/index.php?title=Targa_Resources&oldid=1027943051,https://en.wikipedia.org/wiki/Targa_Resources
2021,Intercontinental Exchange,,365,Jeffrey Sprecher,Jeffrey C. Sprecher,,,,,https://en.wikipedia.org/w/index.php?title=Intercontinental_Exchange&oldid=1032077703,https://en.wikipedia.org/wiki/Intercontinental_Exchange
2021,Andersons,,366,Patrick E. Bowe,Patrick Bowe,,,,,https://en.wikipedia.org/w/index.php?title=The_Andersons&oldid=1039232513,https://en.wikipedia.org/wiki/The_Andersons
2021,Raymond James Financial,,367,Paul Reilly,Paul C. Reilly,,,,,https://en.wikipedia.org/w/index.php?title=Raymond_James_Financial&oldid=1032969575,https://en.wikipedia.org/wiki/Raymond_James_Financial
2021,Thor Industries,,368,Bob Martin,,,,,,https://en.wikipedia.org/w/index.php?title=Thor_Industries&oldid=1032125424,https://en.wikipedia.org/wiki/Thor_Industries
2021,Thrivent Financial,Thrivent Financial for Lutherans,369,Teresa J. Rasmussen,Teresa Rasmussen,,,,,https://en.wikipedia.org/w/index.php?title=Thrivent&oldid=1032892687,https://en.wikipedia.org/wiki/Thrivent
2021,Hershey,,370,Michele Buck,Michele G. Buck,,,,,https://en.wikipedia.org/w/index.php?title=The_Hershey_Company&oldid=1033136324,https://en.wikipedia.org/wiki/The_Hershey_Company
2021,Casey's General Stores,,371,Darren Rebelez,,,,,,https://en.wikipedia.org/w/index.php?title=Casey%27s&oldid=1030406648,https://en.wikipedia.org/wiki/Casey's
2021,W.R. Berkley,,372,W. Robert Berkley Jr.,Robert Berkley,,,,,https://en.wikipedia.org/w/index.php?title=W._R._Berkley_Corporation&oldid=1022958129,https://en.wikipedia.org/wiki/W._R._Berkley_Corporation
2021,Activision Blizzard,,373,Bobby Kotick,,,,,,https://en.wikipedia.org/w/index.php?title=Activision_Blizzard&oldid=1034119338,https://en.wikipedia.org/wiki/Activision_Blizzard
2021,Western & Southern Financial Group,,374,John F. Barrett,John Barrett,,,,,https://en.wikipedia.org/w/index.php?title=Western_&_Southern_Financial_Group&oldid=1026686209,https://en.wikipedia.org/wiki/Western_
2021,American Tower,,375,Tom Bartlett,,,,,,https://en.wikipedia.org/w/index.php?title=American_Tower&oldid=1041196235,https://en.wikipedia.org/wiki/American_Tower
2021,American Financial Group,,376,S. Craig Lindner,,Carl H. Lindner III,,,,https://en.wikipedia.org/w/index.php?title=American_Financial_Group&oldid=1032538066,https://en.wikipedia.org/wiki/American_Financial_Group
2021,Darden Restaurants,,377,Eugene Lee,,,,,,https://en.wikipedia.org/w/index.php?title=Darden_Restaurants&oldid=1030741588,https://en.wikipedia.org/wiki/Darden_Restaurants
2021,J.M. Smucker,,378,Mark T. Smucker,Mark Smucker,,,,,https://en.wikipedia.org/w/index.php?title=The_J.M._Smucker_Company&oldid=1032640856,https://en.wikipedia.org/wiki/The_J.M._Smucker_Company
2021,Williams,,379,Alan S. Armstrong,Alan Armstrong,,,,,https://en.wikipedia.org/w/index.php?title=Williams_Companies&oldid=1025914370,https://en.wikipedia.org/wiki/Williams_Companies
2021,Intuit,,380,Sasan Goodarzi,Sasan K. Goodarzi,,,,,https://en.wikipedia.org/w/index.php?title=Intuit&oldid=1032859656,https://en.wikipedia.org/wiki/Intuit
2021,Citizens Financial Group,,381,Bruce Van Saun,Bruce W. Van Saun,,,,,https://en.wikipedia.org/w/index.php?title=Citizens_Financial_Group&oldid=1032542552,https://en.wikipedia.org/wiki/Citizens_Financial_Group
2021,PPL,,382,Vincent Sorgi,,,,,,https://en.wikipedia.org/w/index.php?title=PPL_Corporation&oldid=1032029637,https://en.wikipedia.org/wiki/PPL_Corporation
2021,NVR,,383,Paul C. Saville,Paul Saville,,,,,"https://en.wikipedia.org/w/index.php?title=NVR,_Inc.&oldid=1023896101","https://en.wikipedia.org/wiki/NVR,_Inc."
2021,Westinghouse Air Brake,Westinghouse Air Brake Technologies,384,Rafael O. Santana,Rafael Santana,,,,,https://en.wikipedia.org/w/index.php?title=Westinghouse_Air_Brake_Company&oldid=1032847762,https://en.wikipedia.org/wiki/Westinghouse_Air_Brake_Company
2021,Foot Locker,,385,Richard A. Johnson,,,,,,https://en.wikipedia.org/w/index.php?title=Foot_Locker&oldid=1034621404,https://en.wikipedia.org/wiki/Foot_Locker
2021,Cincinnati Financial,,386,Steven J. Johnston,,,,,,https://en.wikipedia.org/w/index.php?title=Cincinnati_Financial&oldid=1028172241,https://en.wikipedia.org/wiki/Cincinnati_Financial
2021,Weyerhaeuser,,387,Devin W. Stockfish,Devin Stockfish,,,,,https://en.wikipedia.org/w/index.php?title=Weyerhaeuser&oldid=1033463192,https://en.wikipedia.org/wiki/Weyerhaeuser
2021,Westlake,,388,Albert Chao,,,,,,https://en.wikipedia.org/w/index.php?title=Westlake_Corporation&oldid=1030150753,https://en.wikipedia.org/wiki/Westlake_Corporation
2021,Navistar International,,389,Persio V. Lisboa,Persio Lisboa,,,,,,
2021,Magellan Health,,390,Kenneth Fasola,,,,,,https://en.wikipedia.org/w/index.php?title=Magellan_Health&oldid=1050585290,https://en.wikipedia.org/wiki/Magellan_Health
2021,Booz Allen Hamilton Holding,,391,Horacio D. Rozanski,Horacio Rozanski,,,,,https://en.wikipedia.org/w/index.php?title=Booz_Allen_Hamilton&oldid=1035307288,https://en.wikipedia.org/wiki/Booz_Allen_Hamilton
2021,Autoliv,,392,Jan Carlson,,,,,,https://en.wikipedia.org/w/index.php?title=Autoliv&oldid=1037306811,https://en.wikipedia.org/wiki/Autoliv
2021,S&P Global,,393,Douglas L. Peterson,Douglas Peterson,,,,,https://en.wikipedia.org/w/index.php?title=S&P_Global&oldid=1031664107,https://en.wikipedia.org/wiki/S
2021,Global Payments,,394,Jeffrey S. Sloan,Jeffrey Sloan,,,,,https://en.wikipedia.org/w/index.php?title=Global_Payments&oldid=1034517286,https://en.wikipedia.org/wiki/Global_Payments
2021,Motorola Solutions,,395,Greg Brown,,,,,,https://en.wikipedia.org/w/index.php?title=Motorola_Solutions&oldid=1033469901,https://en.wikipedia.org/wiki/Motorola_Solutions
2021,KeyCorp,,396,Christopher M. Gorman,Christopher Gorman,,,,,https://en.wikipedia.org/w/index.php?title=KeyBank&oldid=1034175984,https://en.wikipedia.org/wiki/KeyBank
2021,Delek US Holdings,,397,Uzi Yemin,,,,,,https://en.wikipedia.org/w/index.php?title=Delek_US&oldid=1033392632,https://en.wikipedia.org/wiki/Delek_US
2021,Masco,,398,Keith J. Allman,Keith Allman,,,,,https://en.wikipedia.org/w/index.php?title=Masco&oldid=1032876092,https://en.wikipedia.org/wiki/Masco
2021,Graybar Electric,,399,Kathleen Mazzarella,,,,,,https://en.wikipedia.org/w/index.php?title=Graybar&oldid=1037944437,https://en.wikipedia.org/wiki/Graybar
2021,WEC Energy Group,,400,Kevin Fletcher,,,,,,https://en.wikipedia.org/w/index.php?title=WEC_Energy_Group&oldid=1032873434,https://en.wikipedia.org/wiki/WEC_Energy_Group
2021,Old Republic International,,401,Craig R. Smiddy,Craig Smiddy,,,,,https://en.wikipedia.org/w/index.php?title=Old_Republic_International&oldid=1003690217,https://en.wikipedia.org/wiki/Old_Republic_International
2021,Frontier Communications,,402,Nick Jeffery,,,,,,https://en.wikipedia.org/w/index.php?title=Frontier_Communications&oldid=1035221371,https://en.wikipedia.org/wiki/Frontier_Communications
2021,Chewy,,403,Sumit Singh,,,,,,https://en.wikipedia.org/w/index.php?title=Chewy_(company)&oldid=1034751033,https://en.wikipedia.org/wiki/Chewy_(company)
2021,PVH,,404,Stefan Larsson,,,,,,https://en.wikipedia.org/w/index.php?title=PVH_Corp.&oldid=1032888406,https://en.wikipedia.org/wiki/PVH_Corp.
2021,Asbury Automotive Group,,405,David W Hult,,,,,,https://en.wikipedia.org/w/index.php?title=Asbury_Automotive_Group&oldid=1041898916,https://en.wikipedia.org/wiki/Asbury_Automotive_Group
2021,Seaboard,,406,Robert L. Steer,Robert Steer,,,,,https://en.wikipedia.org/w/index.php?title=Seaboard_Corporation&oldid=1034724615,https://en.wikipedia.org/wiki/Seaboard_Corporation
2021,Polaris,,407,Michael T. Speetzen,Michael Speetzen; Mike Speetzen,,,,,https://en.wikipedia.org/w/index.php?title=Polaris&oldid=1032758387,https://en.wikipedia.org/wiki/Polaris
2021,Dana,,408,James K. Kamsickas,James Kamsickas,,,,,https://en.wikipedia.org/w/index.php?title=Dana_Incorporated&oldid=1029041014,https://en.wikipedia.org/wiki/Dana_Incorporated
2021,First American Financial,,409,Dennis J. Gilmore,Dennis Gilmore,,,,,,
2021,Cintas,,410,Todd Schneider,Todd M. Schneider,,,,,https://en.wikipedia.org/w/index.php?title=Cintas&oldid=1037339752,https://en.wikipedia.org/wiki/Cintas
2021,Toll Brothers,,411,Douglas C. Yearley Jr.,,,,,,https://en.wikipedia.org/w/index.php?title=Toll_Brothers&oldid=1033317770,https://en.wikipedia.org/wiki/Toll_Brothers
2021,Science Applications International,,412,Nazzic S. Keene,Nazzic Keene,,,,,https://en.wikipedia.org/w/index.php?title=Science_Applications_International_Corporation&oldid=1034293478,https://en.wikipedia.org/wiki/Science_Applications_International_Corporation
2021,Owens Corning,,413,Brian Chambers,Brian D. Chambers,,,,,https://en.wikipedia.org/w/index.php?title=Owens_Corning&oldid=1035484071,https://en.wikipedia.org/wiki/Owens_Corning
2021,Zimmer Biomet Holdings,,414,Bryan C. Hanson,,,,,,https://en.wikipedia.org/w/index.php?title=Zimmer_Biomet&oldid=1033012922,https://en.wikipedia.org/wiki/Zimmer_Biomet
2021,Xerox Holdings,,415,John Visentin,,,,,,,
2021,Arthur J. Gallagher,,416,J. Patrick Gallagher Jr.,,,,,,https://en.wikipedia.org/w/index.php?title=Arthur_J._Gallagher_%26_Co.&oldid=1028349468,https://en.wikipedia.org/wiki/Arthur_J._Gallagher_&_Co.
2021,Avery Dennison,,417,Mitchell R. Butier,Mitchell Butier,,,,,https://en.wikipedia.org/w/index.php?title=Avery_Dennison&oldid=1030035563,https://en.wikipedia.org/wiki/Avery_Dennison
2021,Sanmina,,418,Jure Sola,,,,,,https://en.wikipedia.org/w/index.php?title=Sanmina_Corporation&oldid=1032889909,https://en.wikipedia.org/wiki/Sanmina_Corporation
2021,Jefferies Financial Group,,419,Richard B. Handler,,,,,,https://en.wikipedia.org/w/index.php?title=Jefferies_Financial_Group&oldid=1031356630,https://en.wikipedia.org/wiki/Jefferies_Financial_Group
2021,QXO Building Products,Beacon Roofing Supply,420,Julian G. Francis,Julian Francis,,,,,https://en.wikipedia.org/w/index.php?title=QXO&oldid=1041908192,https://en.wikipedia.org/wiki/QXO
2021,Securian Financial Group,,421,Christopher M. Hilger,,,,,,https://en.wikipedia.org/w/index.php?title=Securian_Financial_Group&oldid=999508948,https://en.wikipedia.org/wiki/Securian_Financial_Group
2021,Oshkosh,,422,John Pfeifer,John C. Pfeifer,,,,,https://en.wikipedia.org/w/index.php?title=Oshkosh_Corporation&oldid=1038593142,https://en.wikipedia.org/wiki/Oshkosh_Corporation
2021,FM,,423,Thomas A. Lawson,Thomas Lawson,,,,,https://en.wikipedia.org/w/index.php?title=FM_(insurance)&oldid=1045699402,https://en.wikipedia.org/wiki/FM_(insurance)
2021,Booking Holdings,,424,Glenn D. Fogel,Glenn Fogel,,,,,https://en.wikipedia.org/w/index.php?title=Booking_Holdings&oldid=1032162060,https://en.wikipedia.org/wiki/Booking_Holdings
2021,Williams-Sonoma,,425,Laura Alber,,,,,,"https://en.wikipedia.org/w/index.php?title=Williams-Sonoma,_Inc.&oldid=1035161109","https://en.wikipedia.org/wiki/Williams-Sonoma,_Inc."
2021,Coty,,426,Sue Nabi,,,,,,https://en.wikipedia.org/w/index.php?title=Coty&oldid=1033583537,https://en.wikipedia.org/wiki/Coty
2021,Clorox,,427,Linda Rendle,,,,,,https://en.wikipedia.org/w/index.php?title=Clorox&oldid=1033826418,https://en.wikipedia.org/wiki/Clorox
2021,Pioneer Natural Resources,,428,Scott D. Sheffield,,,,,,https://en.wikipedia.org/w/index.php?title=Pioneer_Natural_Resources&oldid=1043294653,https://en.wikipedia.org/wiki/Pioneer_Natural_Resources
2021,Dover,,429,Richard J. Tobin,Richard Tobin,,,,,https://en.wikipedia.org/w/index.php?title=Dover_Corporation&oldid=1032055619,https://en.wikipedia.org/wiki/Dover_Corporation
2021,CMS Energy,,430,Garrick Rochow,Garrick J. Rochow,,,,,https://en.wikipedia.org/w/index.php?title=CMS_Energy&oldid=1019033481,https://en.wikipedia.org/wiki/CMS_Energy
2021,Zoetis,,431,Kristin Peck,Kristin C. Peck,,,,,https://en.wikipedia.org/w/index.php?title=Zoetis&oldid=1037923886,https://en.wikipedia.org/wiki/Zoetis
2021,Hanesbrands,,432,Stephen B. Bratspies,,,,,,https://en.wikipedia.org/w/index.php?title=Hanesbrands&oldid=1034718801,https://en.wikipedia.org/wiki/Hanesbrands
2021,Packaging Corp. of America,,433,Mark W. Kowlzan,Mark Kowlzan,,,,,https://en.wikipedia.org/w/index.php?title=Packaging_Corporation_of_America&oldid=1032875669,https://en.wikipedia.org/wiki/Packaging_Corporation_of_America
2021,Regions Financial,,434,John M. Turner Jr.,,,,,,https://en.wikipedia.org/w/index.php?title=Regions_Financial_Corporation&oldid=1033576752,https://en.wikipedia.org/wiki/Regions_Financial_Corporation
2021,Graphic Packaging Holding,,435,Michael P. Doss,Michael Doss,,,,,https://en.wikipedia.org/w/index.php?title=Graphic_Packaging&oldid=1042085008,https://en.wikipedia.org/wiki/Graphic_Packaging
2021,UGI,,436,Roger Perreault,,,,,,,
2021,Sprouts Farmers Market,,437,Jack Sinclair,,,,,,https://en.wikipedia.org/w/index.php?title=Sprouts_Farmers_Market&oldid=1027448673,https://en.wikipedia.org/wiki/Sprouts_Farmers_Market
2021,Avantor,,438,Michael Stubblefield,,,,,,https://en.wikipedia.org/w/index.php?title=Avantor&oldid=1028133315,https://en.wikipedia.org/wiki/Avantor
2021,Veritiv,,439,Salvatore A. Abbate,,,,,,https://en.wikipedia.org/w/index.php?title=Veritiv&oldid=1018995794,https://en.wikipedia.org/wiki/Veritiv
2021,Rockwell Automation,,440,Blake Moret,,,,,,https://en.wikipedia.org/w/index.php?title=Rockwell_Automation&oldid=1032872473,https://en.wikipedia.org/wiki/Rockwell_Automation
2021,MasTec,,441,Jose Mas,,,,,,https://en.wikipedia.org/w/index.php?title=MasTec&oldid=1029941104,https://en.wikipedia.org/wiki/MasTec
2021,DCP Midstream,,442,Wouter van Kempen,,,,,,,
2021,Northern Trust,,443,Michael G. O'Grady,,,,,,https://en.wikipedia.org/w/index.php?title=Northern_Trust&oldid=1032869380,https://en.wikipedia.org/wiki/Northern_Trust
2021,M&T Bank,,444,René F. Jones,René Jones,,,,,https://en.wikipedia.org/w/index.php?title=M&T_Bank&oldid=1025929676,https://en.wikipedia.org/wiki/M
2021,Anywhere Real Estate,,445,Ryan Schneider,,,,,,https://en.wikipedia.org/w/index.php?title=Anywhere_Real_Estate&oldid=1019146469,https://en.wikipedia.org/wiki/Anywhere_Real_Estate
2021,NCR Voyix,NCR,446,Michael D. Hayford,Mike Hayford; Michael Hayford,,,,,https://en.wikipedia.org/w/index.php?title=NCR_Voyix&oldid=1033834213,https://en.wikipedia.org/wiki/NCR_Voyix
2021,T. Rowe Price,,447,William J. Stromberg,,,,,,https://en.wikipedia.org/w/index.php?title=T._Rowe_Price&oldid=1035021867,https://en.wikipedia.org/wiki/T._Rowe_Price
2021,Vertex Pharmaceuticals,,448,Reshma Kewalramani,,,,,,https://en.wikipedia.org/w/index.php?title=Vertex_Pharmaceuticals&oldid=1038587448,https://en.wikipedia.org/wiki/Vertex_Pharmaceuticals
2021,Big Lots,,449,Bruce Thorn,,,,,,https://en.wikipedia.org/w/index.php?title=Big_Lots&oldid=1033786605,https://en.wikipedia.org/wiki/Big_Lots
2021,Ralph Lauren,,450,Patrice Louvet,,,,,,https://en.wikipedia.org/w/index.php?title=Ralph_Lauren&oldid=1033302324,https://en.wikipedia.org/wiki/Ralph_Lauren
2021,Ulta Beauty,,451,Dave Kimbell,,,,,,https://en.wikipedia.org/w/index.php?title=Ulta_Beauty&oldid=1033592591,https://en.wikipedia.org/wiki/Ulta_Beauty
2021,Taylor Morrison Home,,452,Sheryl D. Palmer,Sheryl Palmer,,,,,https://en.wikipedia.org/w/index.php?title=Taylor_Morrison&oldid=1032876152,https://en.wikipedia.org/wiki/Taylor_Morrison
2021,Icahn Enterprises,,453,Keith Cozza,,,,,,https://en.wikipedia.org/w/index.php?title=Icahn_Enterprises&oldid=1032609114,https://en.wikipedia.org/wiki/Icahn_Enterprises
2021,Blackstone,,454,Stephen Schwarzman,Stephen A. Schwarzman,,,,,https://en.wikipedia.org/w/index.php?title=Blackstone_Inc.&oldid=1033844665,https://en.wikipedia.org/wiki/Blackstone_Inc.
2021,O-I Glass,,455,Andres A. Lopez,Andres Lopez,,,,,https://en.wikipedia.org/w/index.php?title=O-I_Glass&oldid=1024446169,https://en.wikipedia.org/wiki/O-I_Glass
2021,Fortune Brands Innovations,,456,Nicholas I. Fink,,,,,,https://en.wikipedia.org/w/index.php?title=Fortune_Brands_Innovations&oldid=1032871931,https://en.wikipedia.org/wiki/Fortune_Brands_Innovations
2021,NOV,,457,Clay C. Williams,,,,,,https://en.wikipedia.org/w/index.php?title=NOV_Inc.&oldid=1040179550,https://en.wikipedia.org/wiki/NOV_Inc.
2021,Ovintiv,,458,Doug Suttles,,,,,,https://en.wikipedia.org/w/index.php?title=Ovintiv&oldid=1042237859,https://en.wikipedia.org/wiki/Ovintiv
2021,Alexion Pharmaceuticals,,459,Ludwig N. Hantson,,,,,,https://en.wikipedia.org/w/index.php?title=Alexion_Pharmaceuticals&oldid=1034741920,https://en.wikipedia.org/wiki/Alexion_Pharmaceuticals
2021,Huntsman,,460,Peter R. Huntsman,Peter Huntsman,,,,,,
2021,Equinix,,461,Charles J. Meyers,,,,,,https://en.wikipedia.org/w/index.php?title=Equinix&oldid=1036105191,https://en.wikipedia.org/wiki/Equinix
2021,ABM Industries,,462,Scott Salmirs,Scott B. Salmirs,,,,,https://en.wikipedia.org/w/index.php?title=ABM_Industries&oldid=1024982183,https://en.wikipedia.org/wiki/ABM_Industries
2021,Ingredion,,463,James Zallie,,,,,,https://en.wikipedia.org/w/index.php?title=Ingredion&oldid=1029992724,https://en.wikipedia.org/wiki/Ingredion
2021,Chipotle Mexican Grill,,464,Brian Niccol,Brian R. Niccol,,,,,https://en.wikipedia.org/w/index.php?title=Chipotle_Mexican_Grill&oldid=1033210801,https://en.wikipedia.org/wiki/Chipotle_Mexican_Grill
2021,Sinclair,,465,Christopher Ripley,,,,,,https://en.wikipedia.org/w/index.php?title=Sinclair&oldid=1007081456,https://en.wikipedia.org/wiki/Sinclair
2021,LPL Financial Holdings,,466,Dan Arnold,Dan H. Arnold,,,,,https://en.wikipedia.org/w/index.php?title=LPL_Financial&oldid=1031611924,https://en.wikipedia.org/wiki/LPL_Financial
2021,Crown Castle,,467,Jay A. Brown,Jay Brown,,,,,https://en.wikipedia.org/w/index.php?title=Crown_Castle&oldid=1035955592,https://en.wikipedia.org/wiki/Crown_Castle
2021,KLA,,468,Richard P. Wallace,,,,,,https://en.wikipedia.org/w/index.php?title=KLA_Corporation&oldid=1029398383,https://en.wikipedia.org/wiki/KLA_Corporation
2021,Ameren,,469,Warner L. Baxter,,,,,,https://en.wikipedia.org/w/index.php?title=Ameren&oldid=1033271730,https://en.wikipedia.org/wiki/Ameren
2021,KBR,,470,Stuart Bradie,,,,,,"https://en.wikipedia.org/w/index.php?title=KBR,_Inc.&oldid=1031665976","https://en.wikipedia.org/wiki/KBR,_Inc."
2021,Burlington Stores,,471,Thomas A. Kingsbury,,,,,,https://en.wikipedia.org/w/index.php?title=Burlington_(department_store)&oldid=1028512058,https://en.wikipedia.org/wiki/Burlington_(department_store)
2021,Olin,,472,Scott M. Sutton,Scott Sutton,,,,,https://en.wikipedia.org/w/index.php?title=Olin&oldid=1019268315,https://en.wikipedia.org/wiki/Olin
2021,CACI International,,473,John Mengucci,,,,,,https://en.wikipedia.org/w/index.php?title=CACI&oldid=1032877035,https://en.wikipedia.org/wiki/CACI
2021,Post Holdings,,474,Rob Vitale,,,,,,https://en.wikipedia.org/w/index.php?title=Post_Holdings&oldid=1032190969,https://en.wikipedia.org/wiki/Post_Holdings
2021,Academy Sports and Outdoors,,475,Ken C. Hicks,Ken Hicks,,,,,,
2021,Arconic,,476,Timothy D Myers,,,,,,https://en.wikipedia.org/w/index.php?title=Arconic&oldid=1034292680,https://en.wikipedia.org/wiki/Arconic
2021,Celanese,,477,Lori J. Ryerkerk,Lori Ryerkerk,,,,,https://en.wikipedia.org/w/index.php?title=Celanese&oldid=1032897267,https://en.wikipedia.org/wiki/Celanese
2021,Yum Brands,,478,David Gibbs,,,,,,https://en.wikipedia.org/w/index.php?title=Yum!_Brands&oldid=1033122958,https://en.wikipedia.org/wiki/Yum!_Brands
2021,Fastenal,,479,Daniel L. Florness,,,,,,https://en.wikipedia.org/w/index.php?title=Fastenal&oldid=1027875212,https://en.wikipedia.org/wiki/Fastenal
2021,Nasdaq,,480,Adena Friedman,,,,,,"https://en.wikipedia.org/w/index.php?title=Nasdaq,_Inc.&oldid=1032111030","https://en.wikipedia.org/wiki/Nasdaq,_Inc."
2021,Analog Devices,,481,Vincent T. Roche,Vincent Roche,,,,,https://en.wikipedia.org/w/index.php?title=Analog_Devices&oldid=1033565321,https://en.wikipedia.org/wiki/Analog_Devices
2021,McCormick,,482,Lawrence E. Kurzius,Lawrence Kurzius,,,,,https://en.wikipedia.org/w/index.php?title=McCormick&oldid=1018824517,https://en.wikipedia.org/wiki/McCormick
2021,Carvana,,483,Ernest Garcia III,,,,,,https://en.wikipedia.org/w/index.php?title=Carvana&oldid=1033476105,https://en.wikipedia.org/wiki/Carvana
2021,Franklin Resources,,484,Jennifer M. Johnson,,,,,,https://en.wikipedia.org/w/index.php?title=Franklin_Templeton&oldid=1046432655,https://en.wikipedia.org/wiki/Franklin_Templeton
2021,Electronic Arts,,485,Andrew Wilson,,,,,,https://en.wikipedia.org/w/index.php?title=Electronic_Arts&oldid=1033730012,https://en.wikipedia.org/wiki/Electronic_Arts
2021,MDU Resources Group,,486,David L. Goodin,David Goodin,,,,,,
2021,Select Medical Holdings,,487,David Chernow,,,,,,,
2021,Roper Technologies,,488,Neil Hunn,,,,,,https://en.wikipedia.org/w/index.php?title=Roper_Technologies&oldid=1034110468,https://en.wikipedia.org/wiki/Roper_Technologies
2021,RPM International,,489,Frank C. Sullivan,,,,,,https://en.wikipedia.org/w/index.php?title=RPM_International&oldid=1033243686,https://en.wikipedia.org/wiki/RPM_International
2021,Cerner,,490,Brent Shafer,,,,,,,
2021,Patterson,,491,Mark S. Walchirk,Mark Walchirk,,,,,https://en.wikipedia.org/w/index.php?title=Patterson&oldid=1035837474,https://en.wikipedia.org/wiki/Patterson
2021,Commercial Metals,,492,Barbara R. Smith,,,,,,https://en.wikipedia.org/w/index.php?title=Commercial_Metals_Company&oldid=1033316627,https://en.wikipedia.org/wiki/Commercial_Metals_Company
2021,Boise Cascade,,493,Nate Jorgensen,,,,,,https://en.wikipedia.org/w/index.php?title=Boise_Cascade&oldid=1035394313,https://en.wikipedia.org/wiki/Boise_Cascade
2021,Hasbro,,494,Brian Goldner,,,,,,https://en.wikipedia.org/w/index.php?title=Hasbro&oldid=1033787190,https://en.wikipedia.org/wiki/Hasbro
2021,Gold.com,A-Mark Precious Metals,495,Gregory Roberts,Gregory N. Roberts,,,,,https://en.wikipedia.org/w/index.php?title=A-Mark_Precious_Metals&oldid=1032262695,https://en.wikipedia.org/wiki/A-Mark_Precious_Metals
2021,Camping World Holdings,,496,Marcus Lemonis,,,,,,,
2021,NetApp,,497,George Kurian,,,,,,https://en.wikipedia.org/w/index.php?title=NetApp&oldid=1032900819,https://en.wikipedia.org/wiki/NetApp
2021,Avis Budget Group,,498,Joe Ferraro,,,,,,https://en.wikipedia.org/w/index.php?title=Avis_Budget_Group&oldid=1032037366,https://en.wikipedia.org/wiki/Avis_Budget_Group
2021,R.R. Donnelley & Sons,,499,Daniel L. Knotts,Daniel Knotts,,,,,,
2021,Moody's,,500,Rob Fauber,,,,,,https://en.wikipedia.org/w/index.php?title=Moody%27s_Corporation&oldid=1034290806,https://en.wikipedia.org/wiki/Moody's_Corporation
2020,Walmart,,1,Doug McMillon,,,,,,https://en.wikipedia.org/w/index.php?title=Walmart&oldid=967830216,https://en.wikipedia.org/wiki/Walmart
2020,Amazon,Amazon.com,2,Jeff Bezos,,,,,,https://en.wikipedia.org/w/index.php?title=Amazon_(company)&oldid=967496535,https://en.wikipedia.org/wiki/Amazon_(company)
2020,ExxonMobil Holdings,Exxon Mobil,3,Darren Woods,Darren W. Woods,,,,,https://en.wikipedia.org/w/index.php?title=ExxonMobil&oldid=967553604,https://en.wikipedia.org/wiki/ExxonMobil
2020,Apple,,4,Tim Cook,,,,,,https://en.wikipedia.org/w/index.php?title=Apple_Inc.&oldid=968056906,https://en.wikipedia.org/wiki/Apple_Inc.
2020,CVS Health,,5,Larry Merlo,,,,,,https://en.wikipedia.org/w/index.php?title=CVS_Health&oldid=968789840,https://en.wikipedia.org/wiki/CVS_Health
2020,Berkshire Hathaway,,6,Warren Buffett,Warren E. Buffett,,,,,https://en.wikipedia.org/w/index.php?title=Berkshire_Hathaway&oldid=968462449,https://en.wikipedia.org/wiki/Berkshire_Hathaway
2020,UnitedHealth Group,,7,Dave Wichmann,,,,,,https://en.wikipedia.org/w/index.php?title=UnitedHealth_Group&oldid=968200072,https://en.wikipedia.org/wiki/UnitedHealth_Group
2020,McKesson,,8,Brian S. Tyler,Brian Tyler,,,,,https://en.wikipedia.org/w/index.php?title=McKesson_Corporation&oldid=966511859,https://en.wikipedia.org/wiki/McKesson_Corporation
2020,AT&T,,9,John T. Stankey,John Stankey,,,,,https://en.wikipedia.org/w/index.php?title=AT&T&oldid=974587424,https://en.wikipedia.org/wiki/AT
2020,Cencora,AmerisourceBergen,10,Steven H. Collis,Steven Collis,,,,,https://en.wikipedia.org/w/index.php?title=Cencora&oldid=968162562,https://en.wikipedia.org/wiki/Cencora
2020,Alphabet,,11,Sundar Pichai,,,,,,https://en.wikipedia.org/w/index.php?title=Alphabet_Inc.&oldid=968050366,https://en.wikipedia.org/wiki/Alphabet_Inc.
2020,Ford Motor,,12,Jim Hackett,,,,,,https://en.wikipedia.org/w/index.php?title=Ford_Motor_Company&oldid=967723426,https://en.wikipedia.org/wiki/Ford_Motor_Company
2020,Cigna Group,,13,David Cordani,David M. Cordani,,,,,https://en.wikipedia.org/w/index.php?title=The_Cigna_Group&oldid=967623465,https://en.wikipedia.org/wiki/The_Cigna_Group
2020,Costco Wholesale,,14,W. Craig Jelinek,,,,,,https://en.wikipedia.org/w/index.php?title=Costco&oldid=968358807,https://en.wikipedia.org/wiki/Costco
2020,Chevron,,15,Michael K. Wirth,Michael Wirth,,,,,https://en.wikipedia.org/w/index.php?title=Chevron_Corporation&oldid=967727376,https://en.wikipedia.org/wiki/Chevron_Corporation
2020,Cardinal Health,,16,Michael Kaufmann,,,,,,https://en.wikipedia.org/w/index.php?title=Cardinal_Health&oldid=967423804,https://en.wikipedia.org/wiki/Cardinal_Health
2020,JPMorgan Chase,,17,Jamie Dimon,,,,,,https://en.wikipedia.org/w/index.php?title=JPMorgan_Chase&oldid=967236837,https://en.wikipedia.org/wiki/JPMorgan_Chase
2020,General Motors,,18,Mary T. Barra,Mary Barra,,,,,https://en.wikipedia.org/w/index.php?title=General_Motors&oldid=967348681,https://en.wikipedia.org/wiki/General_Motors
2020,Walgreens Boots Alliance,,19,Stefano Pessina,,,,,,https://en.wikipedia.org/w/index.php?title=Walgreens_Boots_Alliance&oldid=968693103,https://en.wikipedia.org/wiki/Walgreens_Boots_Alliance
2020,Verizon Communications,,20,Hans Vestberg,Hans E. Vestberg,,,,,https://en.wikipedia.org/w/index.php?title=Verizon&oldid=968016250,https://en.wikipedia.org/wiki/Verizon
2020,Microsoft,,21,Satya Nadella,,,,,,https://en.wikipedia.org/w/index.php?title=Microsoft&oldid=967667339,https://en.wikipedia.org/wiki/Microsoft
2020,Marathon Petroleum,,22,Michael J. Hennigan,Michael Hennigan,,,,,https://en.wikipedia.org/w/index.php?title=Marathon_Petroleum&oldid=967812368,https://en.wikipedia.org/wiki/Marathon_Petroleum
2020,Kroger,,23,Rodney McMullen,,,,,,https://en.wikipedia.org/w/index.php?title=Kroger&oldid=968222754,https://en.wikipedia.org/wiki/Kroger
2020,Fannie Mae,,24,Hugh R. Frater,,,,,,https://en.wikipedia.org/w/index.php?title=Fannie_Mae&oldid=966427141,https://en.wikipedia.org/wiki/Fannie_Mae
2020,Bank of America,,25,Brian Moynihan,,,,,,https://en.wikipedia.org/w/index.php?title=Bank_of_America&oldid=967242294,https://en.wikipedia.org/wiki/Bank_of_America
2020,Home Depot,,26,Craig Menear,,,,,,https://en.wikipedia.org/w/index.php?title=Home_Depot&oldid=968693013,https://en.wikipedia.org/wiki/Home_Depot
2020,Phillips 66,,27,Greg Garland,,,,,,https://en.wikipedia.org/w/index.php?title=Phillips_66&oldid=965337879,https://en.wikipedia.org/wiki/Phillips_66
2020,Comcast,,28,Brian L. Roberts,Brian Roberts,,,,,https://en.wikipedia.org/w/index.php?title=Comcast&oldid=967824466,https://en.wikipedia.org/wiki/Comcast
2020,Elevance Health,,29,Gail Koziara Boudreaux,,,,,,https://en.wikipedia.org/w/index.php?title=Elevance_Health&oldid=960838606,https://en.wikipedia.org/wiki/Elevance_Health
2020,Wells Fargo,,30,Charles Scharf,Charles W. Scharf,,,,,https://en.wikipedia.org/w/index.php?title=Wells_Fargo&oldid=968256997,https://en.wikipedia.org/wiki/Wells_Fargo
2020,Citigroup,,31,Michael Corbat,,,,,,https://en.wikipedia.org/w/index.php?title=Citigroup&oldid=968344714,https://en.wikipedia.org/wiki/Citigroup
2020,Valero Energy,,32,Joseph W. Gorder,Joseph Gorder,,,,,https://en.wikipedia.org/w/index.php?title=Valero_Energy&oldid=966834571,https://en.wikipedia.org/wiki/Valero_Energy
2020,GE Aerospace,General Electric,33,David L. Joyce,,,,,,https://en.wikipedia.org/w/index.php?title=GE_Aerospace&oldid=965524997,https://en.wikipedia.org/wiki/GE_Aerospace
2020,Dell Technologies,,34,Michael Dell,Michael S. Dell,,,,,https://en.wikipedia.org/w/index.php?title=Dell_Technologies&oldid=965872960,https://en.wikipedia.org/wiki/Dell_Technologies
2020,Johnson & Johnson,,35,Alex Gorsky,,,,,,https://en.wikipedia.org/w/index.php?title=Johnson_%26_Johnson&oldid=968204273,https://en.wikipedia.org/wiki/Johnson_&_Johnson
2020,State Farm Insurance,,36,Michael L. Tipsord,Michael Tipsord,,,,,https://en.wikipedia.org/w/index.php?title=State_Farm&oldid=968396384,https://en.wikipedia.org/wiki/State_Farm
2020,Target,,37,Brian C. Cornell,Brian Cornell,,,,,https://en.wikipedia.org/w/index.php?title=Target_Corporation&oldid=967722422,https://en.wikipedia.org/wiki/Target_Corporation
2020,IBM,International Business Machines,38,Arvind Krishna,,,,,,https://en.wikipedia.org/w/index.php?title=IBM&oldid=967852766,https://en.wikipedia.org/wiki/IBM
2020,Boeing,,40,Dave Calhoun,,,,,,https://en.wikipedia.org/w/index.php?title=Boeing&oldid=967940932,https://en.wikipedia.org/wiki/Boeing
2020,Freddie Mac,,41,David Brickman,,,,,,https://en.wikipedia.org/w/index.php?title=Freddie_Mac&oldid=968313771,https://en.wikipedia.org/wiki/Freddie_Mac
2020,Centene,,42,Michael F. Neidorff,,,,,,https://en.wikipedia.org/w/index.php?title=Centene_Corporation&oldid=967623047,https://en.wikipedia.org/wiki/Centene_Corporation
2020,UPS,United Parcel Service,43,Carol Tomé,,,,,,https://en.wikipedia.org/w/index.php?title=United_Parcel_Service&oldid=965707856,https://en.wikipedia.org/wiki/United_Parcel_Service
2020,Lowe's,,44,Marvin Ellison,Marvin R. Ellison,,,,,https://en.wikipedia.org/w/index.php?title=Lowe's&oldid=967601087,https://en.wikipedia.org/wiki/Lowe's
2020,Intel,,45,Bob Swan,,,,,,https://en.wikipedia.org/w/index.php?title=Intel&oldid=967991457,https://en.wikipedia.org/wiki/Intel
2020,Meta Platforms,,46,Mark Zuckerberg,,,,,,https://en.wikipedia.org/w/index.php?title=Meta_Platforms&oldid=967312637,https://en.wikipedia.org/wiki/Meta_Platforms
2020,FedEx,,47,Frederick W. Smith,,,,,,https://en.wikipedia.org/w/index.php?title=FedEx&oldid=968531439,https://en.wikipedia.org/wiki/FedEx
2020,MetLife,,48,Michel A. Khalaf,Michel Khalaf,,,,,https://en.wikipedia.org/w/index.php?title=MetLife&oldid=965791920,https://en.wikipedia.org/wiki/MetLife
2020,Walt Disney,,49,Bob Chapek,,,,,,https://en.wikipedia.org/w/index.php?title=The_Walt_Disney_Company&oldid=967942449,https://en.wikipedia.org/wiki/The_Walt_Disney_Company
2020,Procter & Gamble,,50,David S. Taylor,,,,,,https://en.wikipedia.org/w/index.php?title=Procter_%26_Gamble&oldid=967744463,https://en.wikipedia.org/wiki/Procter_&_Gamble
2020,PepsiCo,,51,Ramon Laguarta,Ramon L. Laguarta,,,,,https://en.wikipedia.org/w/index.php?title=PepsiCo&oldid=968299471,https://en.wikipedia.org/wiki/PepsiCo
2020,Humana,,52,Bruce D. Broussard,Bruce Broussard,,,,,https://en.wikipedia.org/w/index.php?title=Humana&oldid=966467977,https://en.wikipedia.org/wiki/Humana
2020,Prudential Financial,,53,Charles Lowrey,Charles F. Lowrey,,,,,https://en.wikipedia.org/w/index.php?title=Prudential_Financial&oldid=967668937,https://en.wikipedia.org/wiki/Prudential_Financial
2020,Archer Daniels Midland,,54,Juan Luciano,Juan R. Luciano,,,,,https://en.wikipedia.org/w/index.php?title=Archer_Daniels_Midland&oldid=969544254,https://en.wikipedia.org/wiki/Archer_Daniels_Midland
2020,Albertsons,,55,WISCTV Sankaran,,,,,,https://en.wikipedia.org/w/index.php?title=Albertsons&oldid=967886192,https://en.wikipedia.org/wiki/Albertsons
2020,Sysco,,56,Kevin Hourican,,,,,,https://en.wikipedia.org/w/index.php?title=Sysco&oldid=966622144,https://en.wikipedia.org/wiki/Sysco
2020,Lockheed Martin,,57,Jim Taiclet,,,,,,https://en.wikipedia.org/w/index.php?title=Lockheed_Martin&oldid=967890614,https://en.wikipedia.org/wiki/Lockheed_Martin
2020,HP,,58,Enrique Lores,Enrique J. Lores,,,,,https://en.wikipedia.org/w/index.php?title=HP_Inc.&oldid=966877092,https://en.wikipedia.org/wiki/HP_Inc.
2020,Energy Transfer,,59,Kelcy Warren,,,,,,https://en.wikipedia.org/w/index.php?title=Energy_Transfer&oldid=969681592,https://en.wikipedia.org/wiki/Energy_Transfer
2020,Goldman Sachs Group,,60,David M. Solomon,David Solomon,,,,,https://en.wikipedia.org/w/index.php?title=Goldman_Sachs&oldid=967970388,https://en.wikipedia.org/wiki/Goldman_Sachs
2020,Morgan Stanley,,61,James P. Gorman,James Gorman,,,,,https://en.wikipedia.org/w/index.php?title=Morgan_Stanley&oldid=968791415,https://en.wikipedia.org/wiki/Morgan_Stanley
2020,Caterpillar,,62,Jim Umpleby,,,,,,https://en.wikipedia.org/w/index.php?title=Caterpillar_Inc.&oldid=967828658,https://en.wikipedia.org/wiki/Caterpillar_Inc.
2020,Cisco Systems,,63,Chuck Robbins,,,,,,https://en.wikipedia.org/w/index.php?title=Cisco&oldid=967410805,https://en.wikipedia.org/wiki/Cisco
2020,Pfizer,,64,Albert Bourla,,,,,,https://en.wikipedia.org/w/index.php?title=Pfizer&oldid=967780386,https://en.wikipedia.org/wiki/Pfizer
2020,HCA Healthcare,,65,Samuel N. Hazen,Samuel Hazen; Sam Hazen,,,,,https://en.wikipedia.org/w/index.php?title=HCA_Healthcare&oldid=968165390,https://en.wikipedia.org/wiki/HCA_Healthcare
2020,AIG,American International Group,66,Brian Duperreault,,,,,,https://en.wikipedia.org/w/index.php?title=American_International_Group&oldid=967978744,https://en.wikipedia.org/wiki/American_International_Group
2020,American Express,,67,Stephen J. Squeri,Stephen Squeri,,,,,https://en.wikipedia.org/w/index.php?title=American_Express&oldid=967237163,https://en.wikipedia.org/wiki/American_Express
2020,Delta Air Lines,,68,Ed Bastian,,,,,,https://en.wikipedia.org/w/index.php?title=Delta_Air_Lines&oldid=967510670,https://en.wikipedia.org/wiki/Delta_Air_Lines
2020,Merck,,69,Kenneth C. Frazier,,,,,,https://en.wikipedia.org/w/index.php?title=Merck_%26_Co.&oldid=967304484,https://en.wikipedia.org/wiki/Merck_&_Co.
2020,American Airlines Group,,70,Doug Parker,,,,,,https://en.wikipedia.org/w/index.php?title=American_Airlines_Group&oldid=965518829,https://en.wikipedia.org/wiki/American_Airlines_Group
2020,Charter Communications,,71,Tom Rutledge,,,,,,https://en.wikipedia.org/w/index.php?title=Charter_Communications&oldid=968301370,https://en.wikipedia.org/wiki/Charter_Communications
2020,Allstate,,72,Thomas J. Wilson,,,,,,https://en.wikipedia.org/w/index.php?title=Allstate&oldid=967045035,https://en.wikipedia.org/wiki/Allstate
2020,New York Life Insurance,,73,Ted Mathas,,,,,,https://en.wikipedia.org/w/index.php?title=New_York_Life_Insurance_Company&oldid=961780846,https://en.wikipedia.org/wiki/New_York_Life_Insurance_Company
2020,Nationwide,,74,Kirt Walker,Kirt A. Walker,,,,,https://en.wikipedia.org/w/index.php?title=Nationwide_Mutual_Insurance_Company&oldid=965562087,https://en.wikipedia.org/wiki/Nationwide_Mutual_Insurance_Company
2020,Best Buy,,75,Corie Barry,Corie S. Barry,,,,,https://en.wikipedia.org/w/index.php?title=Best_Buy&oldid=967720373,https://en.wikipedia.org/wiki/Best_Buy
2020,United Airlines Holdings,,76,John Scott Kirby,Scott Kirby,,,,,https://en.wikipedia.org/w/index.php?title=United_Airlines&oldid=966853323,https://en.wikipedia.org/wiki/United_Airlines
2020,Liberty Mutual Insurance Group,,77,David H. Long,,,,,,https://en.wikipedia.org/w/index.php?title=Liberty_Mutual&oldid=958957100,https://en.wikipedia.org/wiki/Liberty_Mutual
2020,Dow,,78,Jim Fitterling,,,,,,https://en.wikipedia.org/w/index.php?title=Dow_Chemical_Company&oldid=970905223,https://en.wikipedia.org/wiki/Dow_Chemical_Company
2020,Tyson Foods,,79,Dean Banks,,,,,,https://en.wikipedia.org/w/index.php?title=Tyson_Foods&oldid=967763278,https://en.wikipedia.org/wiki/Tyson_Foods
2020,TJX,,80,Ernie Herrman,Ernie L. Herrman,,,,,https://en.wikipedia.org/w/index.php?title=TJX&oldid=967201526,https://en.wikipedia.org/wiki/TJX
2020,TIAA,,81,Roger W. Ferguson Jr.,,,,,,https://en.wikipedia.org/w/index.php?title=TIAA&oldid=968356058,https://en.wikipedia.org/wiki/TIAA
2020,Oracle,,82,Safra Catz,Safra A. Catz,,,,,https://en.wikipedia.org/w/index.php?title=Oracle_Corporation&oldid=968572972,https://en.wikipedia.org/wiki/Oracle_Corporation
2020,General Dynamics,,83,Phebe Novakovic,Phebe N. Novakovic,,,,,https://en.wikipedia.org/w/index.php?title=General_Dynamics&oldid=969329895,https://en.wikipedia.org/wiki/General_Dynamics
2020,Deere,,84,John C. May,John May,,,,,https://en.wikipedia.org/w/index.php?title=John_Deere&oldid=967757047,https://en.wikipedia.org/wiki/John_Deere
2020,Nike,,85,John Donahoe,,,,,,"https://en.wikipedia.org/w/index.php?title=Nike,_Inc.&oldid=966917618","https://en.wikipedia.org/wiki/Nike,_Inc."
2020,Progressive,,86,Tricia Griffith,,,,,,https://en.wikipedia.org/w/index.php?title=Progressive_Corporation&oldid=966781558,https://en.wikipedia.org/wiki/Progressive_Corporation
2020,Publix Super Markets,,87,Todd Jones,,,,,,https://en.wikipedia.org/w/index.php?title=Publix&oldid=967735542,https://en.wikipedia.org/wiki/Publix
2020,Coca-Cola,,88,James Quincey,James R. Quincey,,,,,https://en.wikipedia.org/w/index.php?title=The_Coca-Cola_Company&oldid=968984078,https://en.wikipedia.org/wiki/The_Coca-Cola_Company
2020,Massachusetts Mutual Life,Massachusetts Mutual Life Insurance,89,Roger W. Crandall,,,,,,https://en.wikipedia.org/w/index.php?title=MassMutual&oldid=967389469,https://en.wikipedia.org/wiki/MassMutual
2020,Tech Data,,90,Richard T. Hume,Richard Hume; Rich Hume,,,,,https://en.wikipedia.org/w/index.php?title=Tech_Data&oldid=966421249,https://en.wikipedia.org/wiki/Tech_Data
2020,World Kinect,World Fuel Services,91,Michael J. Kasbar,,,,,,https://en.wikipedia.org/w/index.php?title=World_Kinect_Corporation&oldid=972844708,https://en.wikipedia.org/wiki/World_Kinect_Corporation
2020,Honeywell International,,92,Darius Adamczyk,,,,,,https://en.wikipedia.org/w/index.php?title=Honeywell&oldid=967872693,https://en.wikipedia.org/wiki/Honeywell
2020,ConocoPhillips,,93,Ryan Lance,Ryan M. Lance,,,,,https://en.wikipedia.org/w/index.php?title=ConocoPhillips&oldid=970800630,https://en.wikipedia.org/wiki/ConocoPhillips
2020,USAA,United Services Automobile Assn.,94,Wayne Peacock,,,,,,https://en.wikipedia.org/w/index.php?title=USAA&oldid=970464303,https://en.wikipedia.org/wiki/USAA
2020,Exelon,,95,Christopher Crane,,,,,,https://en.wikipedia.org/w/index.php?title=Exelon&oldid=969170485,https://en.wikipedia.org/wiki/Exelon
2020,Northrop Grumman,,96,Kathy J. Warden,,,,,,https://en.wikipedia.org/w/index.php?title=Northrop_Grumman&oldid=967351569,https://en.wikipedia.org/wiki/Northrop_Grumman
2020,Capital One Financial,,97,Richard Fairbank,Richard D. Fairbank,,,,,https://en.wikipedia.org/w/index.php?title=Capital_One&oldid=967459210,https://en.wikipedia.org/wiki/Capital_One
2020,Plains GP Holdings,,98,Willie Chang,,,,,,https://en.wikipedia.org/w/index.php?title=Plains_All_American_Pipeline&oldid=970789066,https://en.wikipedia.org/wiki/Plains_All_American_Pipeline
2020,AbbVie,,99,Richard A. Gonzalez,Richard Gonzalez,,,,,https://en.wikipedia.org/w/index.php?title=AbbVie&oldid=967569042,https://en.wikipedia.org/wiki/AbbVie
2020,StoneX Group,,100,Sean M. O'Connor,Sean O'Connor,,,,,https://en.wikipedia.org/w/index.php?title=StoneX_Group_Inc.&oldid=970500825,https://en.wikipedia.org/wiki/StoneX_Group_Inc.
2020,Enterprise Products Partners,,101,W. Randall Fowler,,James Teague,A.J. Teague; Jim Teague,,,https://en.wikipedia.org/w/index.php?title=Enterprise_Products&oldid=969676834,https://en.wikipedia.org/wiki/Enterprise_Products
2020,Northwestern Mutual,,102,John Schlifske,,,,,,https://en.wikipedia.org/w/index.php?title=Northwestern_Mutual&oldid=968323001,https://en.wikipedia.org/wiki/Northwestern_Mutual
2020,3M,,103,Mike Roman,,,,,,https://en.wikipedia.org/w/index.php?title=3M&oldid=969470830,https://en.wikipedia.org/wiki/3M
2020,Abbott Laboratories,,104,Robert B. Ford,Robert Ford,,,,,https://en.wikipedia.org/w/index.php?title=Abbott_Laboratories&oldid=967569393,https://en.wikipedia.org/wiki/Abbott_Laboratories
2020,CHS,,105,Jay Debertin,Jay D. Debertin,,,,,https://en.wikipedia.org/w/index.php?title=CHS_Inc.&oldid=974292734,https://en.wikipedia.org/wiki/CHS_Inc.
2020,Travelers,,106,Alan D. Schnitzer,,,,,,https://en.wikipedia.org/w/index.php?title=The_Travelers_Companies&oldid=967751890,https://en.wikipedia.org/wiki/The_Travelers_Companies
2020,Philip Morris International,,107,André Calantzopoulos,,,,,,https://en.wikipedia.org/w/index.php?title=Philip_Morris_International&oldid=967691549,https://en.wikipedia.org/wiki/Philip_Morris_International
2020,RTX,Raytheon Technologies,108,Gregory J. Hayes,Gregory Hayes,,,,,https://en.wikipedia.org/w/index.php?title=RTX_Corporation&oldid=967890445,https://en.wikipedia.org/wiki/RTX_Corporation
2020,Hewlett Packard Enterprise,,109,Antonio Neri,Antonio F. Neri,,,,,https://en.wikipedia.org/w/index.php?title=Hewlett_Packard_Enterprise&oldid=967918422,https://en.wikipedia.org/wiki/Hewlett_Packard_Enterprise
2020,Arrow Electronics,,110,Michael J. Long,,,,,,https://en.wikipedia.org/w/index.php?title=Arrow_Electronics&oldid=968018495,https://en.wikipedia.org/wiki/Arrow_Electronics
2020,Paramount Skydance,Paramount Global,111,Robert M. Bakish,Robert Bakish; Bob Bakish,,,,,,
2020,Dollar General,,112,Todd Vasos,,,,,,https://en.wikipedia.org/w/index.php?title=Dollar_General&oldid=968690927,https://en.wikipedia.org/wiki/Dollar_General
2020,U.S. Bancorp,,113,Andrew Cecere,Andrew J. Cecere,,,,,https://en.wikipedia.org/w/index.php?title=U.S._Bancorp&oldid=966735885,https://en.wikipedia.org/wiki/U.S._Bancorp
2020,Starbucks,,114,Kevin Johnson,,,,,,https://en.wikipedia.org/w/index.php?title=Starbucks&oldid=967790371,https://en.wikipedia.org/wiki/Starbucks
2020,Bristol-Myers Squibb,,115,,,,,,,https://en.wikipedia.org/w/index.php?title=Bristol-Myers_Squibb&oldid=971830159,https://en.wikipedia.org/wiki/Bristol-Myers_Squibb
2020,US Foods Holding,,116,Pietro Satriano,,,,,,https://en.wikipedia.org/w/index.php?title=US_Foods&oldid=978913754,https://en.wikipedia.org/wiki/US_Foods
2020,Mondelez International,,117,Dirk Van de Put,,,,,,https://en.wikipedia.org/w/index.php?title=Mondelez_International&oldid=966856802,https://en.wikipedia.org/wiki/Mondelez_International
2020,Paccar,,118,Preston Feight,,,,,,https://en.wikipedia.org/w/index.php?title=Paccar&oldid=967742869,https://en.wikipedia.org/wiki/Paccar
2020,Thermo Fisher Scientific,,119,Marc N. Casper,Marc Casper,,,,,https://en.wikipedia.org/w/index.php?title=Thermo_Fisher_Scientific&oldid=968135578,https://en.wikipedia.org/wiki/Thermo_Fisher_Scientific
2020,Macy's,,120,Jeff Gennette,,,,,,https://en.wikipedia.org/w/index.php?title=Macy's&oldid=968690808,https://en.wikipedia.org/wiki/Macy's
2020,Jabil,,121,Mark Mondello,,,,,,https://en.wikipedia.org/w/index.php?title=Jabil&oldid=965024174,https://en.wikipedia.org/wiki/Jabil
2020,Kraft Heinz,,122,Miguel Patricio,,,,,,https://en.wikipedia.org/w/index.php?title=Kraft_Heinz&oldid=967435126,https://en.wikipedia.org/wiki/Kraft_Heinz
2020,Duke Energy,,123,Lynn J. Good,Lynn Good,,,,,https://en.wikipedia.org/w/index.php?title=Duke_Energy&oldid=968700852,https://en.wikipedia.org/wiki/Duke_Energy
2020,Tesla,,124,Elon Musk,,,,,,"https://en.wikipedia.org/w/index.php?title=Tesla,_Inc.&oldid=967830990","https://en.wikipedia.org/wiki/Tesla,_Inc."
2020,PBF Energy,,125,Thomas J. Nimbley,Thomas Nimbley,,,,,https://en.wikipedia.org/w/index.php?title=PBF_Energy&oldid=980724945,https://en.wikipedia.org/wiki/PBF_Energy
2020,Qualcomm,,126,Steven Mollenkopf,,,,,,https://en.wikipedia.org/w/index.php?title=Qualcomm&oldid=967686970,https://en.wikipedia.org/wiki/Qualcomm
2020,NGL Energy Partners,,127,H. Michael Krimbill,Michael Krimbill,,,,,,
2020,CBRE Group,,128,Robert E. Sulentic,Robert Sulentic; Bob Sulentic,,,,,https://en.wikipedia.org/w/index.php?title=CBRE_Group&oldid=966997691,https://en.wikipedia.org/wiki/CBRE_Group
2020,Baker Hughes,,129,Lorenzo Simonelli,,,,,,https://en.wikipedia.org/w/index.php?title=Baker_Hughes&oldid=968978982,https://en.wikipedia.org/wiki/Baker_Hughes
2020,TD Synnex,,130,Richard T. Hume,Richard Hume; Rich Hume,,,,,,
2020,Dollar Tree,,131,Gary Philbin,,,,,,https://en.wikipedia.org/w/index.php?title=Dollar_Tree&oldid=967730638,https://en.wikipedia.org/wiki/Dollar_Tree
2020,Cummins,,132,N. Thomas Linebarger,,,,,,https://en.wikipedia.org/w/index.php?title=Cummins&oldid=968636614,https://en.wikipedia.org/wiki/Cummins
2020,United Natural Foods,,133,Steven L. Spinner,,,,,,https://en.wikipedia.org/w/index.php?title=United_Natural_Foods&oldid=969999983,https://en.wikipedia.org/wiki/United_Natural_Foods
2020,Micron Technology,,134,Sanjay Mehrotra,,,,,,https://en.wikipedia.org/w/index.php?title=Micron_Technology&oldid=962708808,https://en.wikipedia.org/wiki/Micron_Technology
2020,Amgen,,135,Robert A. Bradway,Robert Bradway,,,,,https://en.wikipedia.org/w/index.php?title=Amgen&oldid=962747128,https://en.wikipedia.org/wiki/Amgen
2020,Penske Automotive Group,,136,Roger Penske,Roger S. Penske,,,,,https://en.wikipedia.org/w/index.php?title=Penske_Automotive_Group&oldid=965571153,https://en.wikipedia.org/wiki/Penske_Automotive_Group
2020,Visa,,137,Alfred F. Kelly,,,,,,https://en.wikipedia.org/w/index.php?title=Visa_Inc.&oldid=967295066,https://en.wikipedia.org/wiki/Visa_Inc.
2020,Broadcom,,138,Tan Hock Eng,,,,,,https://en.wikipedia.org/w/index.php?title=Broadcom&oldid=966601888,https://en.wikipedia.org/wiki/Broadcom
2020,Nucor,,139,Leon J. Topalian,,,,,,https://en.wikipedia.org/w/index.php?title=Nucor&oldid=975063818,https://en.wikipedia.org/wiki/Nucor
2020,Gilead Sciences,,140,Daniel O'Day,Daniel P. O'Day,,,,,https://en.wikipedia.org/w/index.php?title=Gilead_Sciences&oldid=967343646,https://en.wikipedia.org/wiki/Gilead_Sciences
2020,Southwest Airlines,,141,Gary C. Kelly,,,,,,https://en.wikipedia.org/w/index.php?title=Southwest_Airlines&oldid=967454815,https://en.wikipedia.org/wiki/Southwest_Airlines
2020,Halliburton,,142,Jeff Miller,,,,,,https://en.wikipedia.org/w/index.php?title=Halliburton&oldid=966826377,https://en.wikipedia.org/wiki/Halliburton
2020,Lumen Technologies,,143,Jeff Storey,,,,,,https://en.wikipedia.org/w/index.php?title=Lumen_Technologies&oldid=968208339,https://en.wikipedia.org/wiki/Lumen_Technologies
2020,International Paper,,144,Mark S. Sutton,Mark Sutton,,,,,https://en.wikipedia.org/w/index.php?title=International_Paper&oldid=969960579,https://en.wikipedia.org/wiki/International_Paper
2020,Eli Lilly,,145,David A. Ricks,David Ricks,,,,,https://en.wikipedia.org/w/index.php?title=Eli_Lilly_and_Company&oldid=968163198,https://en.wikipedia.org/wiki/Eli_Lilly_and_Company
2020,Aflac,,146,Dan Amos,,,,,,https://en.wikipedia.org/w/index.php?title=Aflac&oldid=969842599,https://en.wikipedia.org/wiki/Aflac
2020,Lennar,,147,Rick Beckwitt,,,,,,https://en.wikipedia.org/w/index.php?title=Lennar&oldid=965346406,https://en.wikipedia.org/wiki/Lennar
2020,Occidental Petroleum,,148,Vicki Hollub,,,,,,https://en.wikipedia.org/w/index.php?title=Occidental_Petroleum&oldid=969736829,https://en.wikipedia.org/wiki/Occidental_Petroleum
2020,Union Pacific,,149,Lance M. Fritz,Lance Fritz,,,,,https://en.wikipedia.org/w/index.php?title=Union_Pacific_Corporation&oldid=978713357,https://en.wikipedia.org/wiki/Union_Pacific_Corporation
2020,Rite Aid,,150,Heyward Donigan,,,,,,https://en.wikipedia.org/w/index.php?title=Rite_Aid&oldid=968700889,https://en.wikipedia.org/wiki/Rite_Aid
2020,PNC Financial Services Group,,151,William S. Demchak,William Demchak,,,,,https://en.wikipedia.org/w/index.php?title=PNC_Financial_Services&oldid=970562962,https://en.wikipedia.org/wiki/PNC_Financial_Services
2020,DuPont,,152,Edward D. Breen,Edward Breen,,,,,https://en.wikipedia.org/w/index.php?title=DuPont&oldid=966408023,https://en.wikipedia.org/wiki/DuPont
2020,Southern,,153,Thomas A. Fanning,,,,,,https://en.wikipedia.org/w/index.php?title=Southern_Company&oldid=972343763,https://en.wikipedia.org/wiki/Southern_Company
2020,AutoNation,,154,Cheryl Miller,,,,,,https://en.wikipedia.org/w/index.php?title=AutoNation&oldid=967811250,https://en.wikipedia.org/wiki/AutoNation
2020,DXC Technology,,155,Mike Salvino,,,,,,https://en.wikipedia.org/w/index.php?title=DXC_Technology&oldid=969267076,https://en.wikipedia.org/wiki/DXC_Technology
2020,McDonald's,,156,Chris Kempczinski,,,,,,https://en.wikipedia.org/w/index.php?title=McDonald's&oldid=968463461,https://en.wikipedia.org/wiki/McDonald's
2020,Marriott International,,157,Arne Sorenson,,,,,,https://en.wikipedia.org/w/index.php?title=Marriott_International&oldid=966896119,https://en.wikipedia.org/wiki/Marriott_International
2020,ManpowerGroup,,158,Jonas Prising,,,,,,https://en.wikipedia.org/w/index.php?title=ManpowerGroup&oldid=973544362,https://en.wikipedia.org/wiki/ManpowerGroup
2020,Bank of New York (BNY),Bank of New York Mellon,159,Thomas P.,,,,,,https://en.wikipedia.org/w/index.php?title=BNY&oldid=967408972,https://en.wikipedia.org/wiki/BNY
2020,Hartford Insurance Group,Hartford Financial Services Group,160,Christopher J. Swift,Christopher Swift,,,,,https://en.wikipedia.org/w/index.php?title=The_Hartford&oldid=969206076,https://en.wikipedia.org/wiki/The_Hartford
2020,Danaher,,161,Thomas P. Joyce Jr.,Thomas Joyce,,,,,https://en.wikipedia.org/w/index.php?title=Danaher_Corporation&oldid=966566686,https://en.wikipedia.org/wiki/Danaher_Corporation
2020,Whirlpool,,162,Marc R. Bitzer,Marc Bitzer,,,,,https://en.wikipedia.org/w/index.php?title=Whirlpool_Corporation&oldid=968590896,https://en.wikipedia.org/wiki/Whirlpool_Corporation
2020,AECOM,,163,Michael S. Burke,,,,,,https://en.wikipedia.org/w/index.php?title=AECOM&oldid=965728998,https://en.wikipedia.org/wiki/AECOM
2020,Netflix,,164,Reed Hastings,,Ted Sarandos,,,,https://en.wikipedia.org/w/index.php?title=Netflix&oldid=968048859,https://en.wikipedia.org/wiki/Netflix
2020,Kohl's,,165,Michelle Gass,,,,,,https://en.wikipedia.org/w/index.php?title=Kohl's&oldid=965905716,https://en.wikipedia.org/wiki/Kohl's
2020,Lear,,166,Ray Scott,,,,,,https://en.wikipedia.org/w/index.php?title=Lear_Corporation&oldid=966847119,https://en.wikipedia.org/wiki/Lear_Corporation
2020,Altria Group,,167,Billy Gifford,,,,,,https://en.wikipedia.org/w/index.php?title=Altria&oldid=970875198,https://en.wikipedia.org/wiki/Altria
2020,Performance Food Group,,168,George L. Holm,George Holm,,,,,,
2020,Avnet,,169,Phil Gallagher,,,,,,https://en.wikipedia.org/w/index.php?title=Avnet&oldid=971656536,https://en.wikipedia.org/wiki/Avnet
2020,Synchrony,Synchrony Financial,170,Margaret M. Keane,,,,,,https://en.wikipedia.org/w/index.php?title=Synchrony_Financial&oldid=965553476,https://en.wikipedia.org/wiki/Synchrony_Financial
2020,Genuine Parts,,171,Paul D. Donohue,,,,,,https://en.wikipedia.org/w/index.php?title=Genuine_Parts_Company&oldid=965889866,https://en.wikipedia.org/wiki/Genuine_Parts_Company
2020,NextEra Energy,,172,James L. Robo,,,,,,https://en.wikipedia.org/w/index.php?title=NextEra_Energy&oldid=966655840,https://en.wikipedia.org/wiki/NextEra_Energy
2020,CarMax,,173,William D. Nash,William Nash; Bill Nash,,,,,https://en.wikipedia.org/w/index.php?title=CarMax&oldid=970894686,https://en.wikipedia.org/wiki/CarMax
2020,Tenet Healthcare,,174,Ronald Rittenmeyer,,,,,,https://en.wikipedia.org/w/index.php?title=Tenet_Healthcare&oldid=968562981,https://en.wikipedia.org/wiki/Tenet_Healthcare
2020,Kimberly-Clark,,175,Michael D. Hsu,,,,,,https://en.wikipedia.org/w/index.php?title=Kimberly-Clark&oldid=961334754,https://en.wikipedia.org/wiki/Kimberly-Clark
2020,Emerson Electric,,176,David N. Farr,,,,,,https://en.wikipedia.org/w/index.php?title=Emerson_Electric&oldid=967965265,https://en.wikipedia.org/wiki/Emerson_Electric
2020,WestRock,,177,Steve C. Voorhees,,,,,,https://en.wikipedia.org/w/index.php?title=WestRock&oldid=975511127,https://en.wikipedia.org/wiki/WestRock
2020,CDW,,178,Christine Leahy,,,,,,https://en.wikipedia.org/w/index.php?title=CDW&oldid=961185609,https://en.wikipedia.org/wiki/CDW
2020,Jones Lang LaSalle,,179,Christian Ulbrich,,,,,,https://en.wikipedia.org/w/index.php?title=JLL_(company)&oldid=972785696,https://en.wikipedia.org/wiki/JLL_(company)
2020,Sherwin-Williams,,180,John G. Morikis,,,,,,https://en.wikipedia.org/w/index.php?title=Sherwin-Williams&oldid=967758540,https://en.wikipedia.org/wiki/Sherwin-Williams
2020,Fluor,,181,Carlos Hernandez,,,,,,https://en.wikipedia.org/w/index.php?title=Fluor_Corporation&oldid=970910318,https://en.wikipedia.org/wiki/Fluor_Corporation
2020,PayPal Holdings,,182,Daniel H. Schulman,Daniel Schulman; Dan Schulman,,,,,https://en.wikipedia.org/w/index.php?title=PayPal&oldid=967755295,https://en.wikipedia.org/wiki/PayPal
2020,D.R. Horton,,183,David V. Auld,,,,,,https://en.wikipedia.org/w/index.php?title=D._R._Horton&oldid=967933486,https://en.wikipedia.org/wiki/D._R._Horton
2020,HF Sinclair,,184,Michael Jennings,,,,,,https://en.wikipedia.org/w/index.php?title=HF_Sinclair&oldid=963886918,https://en.wikipedia.org/wiki/HF_Sinclair
2020,Tenneco,,185,Brian Kesseler,,,,,,https://en.wikipedia.org/w/index.php?title=Tenneco&oldid=973862242,https://en.wikipedia.org/wiki/Tenneco
2020,EOG Resources,,186,William R. Thomas,,,,,,https://en.wikipedia.org/w/index.php?title=EOG_Resources&oldid=973499508,https://en.wikipedia.org/wiki/EOG_Resources
2020,Becton Dickinson,,187,Tom Polen,,,,,,https://en.wikipedia.org/w/index.php?title=Becton_Dickinson&oldid=949634591,https://en.wikipedia.org/wiki/Becton_Dickinson
2020,Lincoln National,,188,Dennis Glass,,,,,,https://en.wikipedia.org/w/index.php?title=Lincoln_National_Corporation&oldid=962968082,https://en.wikipedia.org/wiki/Lincoln_National_Corporation
2020,PG&E,,189,Bill Johnson,,,,,,https://en.wikipedia.org/w/index.php?title=PG&E&oldid=968985400,https://en.wikipedia.org/wiki/PG
2020,Salesforce,,190,Marc Benioff,Marc R. Benioff,,,,,https://en.wikipedia.org/w/index.php?title=Salesforce&oldid=968464507,https://en.wikipedia.org/wiki/Salesforce
2020,Mastercard,,191,Ajaypal Singh Banga,,,,,,https://en.wikipedia.org/w/index.php?title=Mastercard&oldid=966429529,https://en.wikipedia.org/wiki/Mastercard
2020,General Mills,,192,Jeffrey Harmening,Jeffrey L. Harmening,,,,,https://en.wikipedia.org/w/index.php?title=General_Mills&oldid=966707854,https://en.wikipedia.org/wiki/General_Mills
2020,Molina Healthcare,,193,Joseph Zubretsky,Joseph M. Zubretsky,,,,,https://en.wikipedia.org/w/index.php?title=Molina_Healthcare&oldid=974229814,https://en.wikipedia.org/wiki/Molina_Healthcare
2020,Cognizant Technology Solutions,,194,Brian Humphries,,,,,,https://en.wikipedia.org/w/index.php?title=Cognizant&oldid=966510756,https://en.wikipedia.org/wiki/Cognizant
2020,Marsh & McLennan,,195,Daniel S. Glaser,,,,,,https://en.wikipedia.org/w/index.php?title=Marsh_&_McLennan&oldid=958121992,https://en.wikipedia.org/wiki/Marsh_
2020,XPO,,196,Bradley S. Jacobs,,,,,,"https://en.wikipedia.org/w/index.php?title=XPO,_Inc.&oldid=969625636","https://en.wikipedia.org/wiki/XPO,_Inc."
2020,Dominion Energy,,197,Thomas Farrell,,,,,,https://en.wikipedia.org/w/index.php?title=Dominion_Energy&oldid=966371570,https://en.wikipedia.org/wiki/Dominion_Energy
2020,Western Digital,,198,David V. Goeckeler,David Goeckeler,,,,,https://en.wikipedia.org/w/index.php?title=Western_Digital&oldid=967395881,https://en.wikipedia.org/wiki/Western_Digital
2020,Gap,,199,Sonia Syngal,,,,,,https://en.wikipedia.org/w/index.php?title=Gap_Inc.&oldid=967184558,https://en.wikipedia.org/wiki/Gap_Inc.
2020,Aramark,,200,John J. Zillmer,John Zillmer,,,,,https://en.wikipedia.org/w/index.php?title=Aramark&oldid=966689426,https://en.wikipedia.org/wiki/Aramark
2020,Principal Financial,,201,Daniel J. Houston,Daniel Houston,,,,,https://en.wikipedia.org/w/index.php?title=Principal_Financial_Group&oldid=974514403,https://en.wikipedia.org/wiki/Principal_Financial_Group
2020,Ross Stores,,202,Barbara Rentler,,,,,,https://en.wikipedia.org/w/index.php?title=Ross_Stores&oldid=966350474,https://en.wikipedia.org/wiki/Ross_Stores
2020,Colgate-Palmolive,,203,Ian Cook,,,,,,https://en.wikipedia.org/w/index.php?title=Colgate-Palmolive&oldid=969429248,https://en.wikipedia.org/wiki/Colgate-Palmolive
2020,American Electric Power,,204,Nick Akins,,,,,,https://en.wikipedia.org/w/index.php?title=American_Electric_Power&oldid=967916149,https://en.wikipedia.org/wiki/American_Electric_Power
2020,Nordstrom,,205,Erik Nordstrom,Erik B. Nordstrom,,,,,https://en.wikipedia.org/w/index.php?title=Nordstrom&oldid=968431909,https://en.wikipedia.org/wiki/Nordstrom
2020,Jacobs Solutions,,206,Steven J. Demetriou,,,,,,https://en.wikipedia.org/w/index.php?title=Jacobs_Solutions&oldid=968408560,https://en.wikipedia.org/wiki/Jacobs_Solutions
2020,Waste Management,,207,James C. Fish Jr.,,,,,,"https://en.wikipedia.org/w/index.php?title=Waste_Management,_Inc.&oldid=970963275","https://en.wikipedia.org/wiki/Waste_Management,_Inc."
2020,C.H. Robinson Worldwide,,208,Robert C. Biesterfeld Jr.,,,,,,https://en.wikipedia.org/w/index.php?title=C._H._Robinson&oldid=966968341,https://en.wikipedia.org/wiki/C._H._Robinson
2020,PPG Industries,,209,Michael H. McGarry,,,,,,https://en.wikipedia.org/w/index.php?title=PPG_Industries&oldid=968197685,https://en.wikipedia.org/wiki/PPG_Industries
2020,Booking Holdings,,210,Glenn D. Fogel,Glenn Fogel,,,,,https://en.wikipedia.org/w/index.php?title=Booking_Holdings&oldid=970647043,https://en.wikipedia.org/wiki/Booking_Holdings
2020,Omnicom Group,,211,John D. Wren,John Wren,,,,,https://en.wikipedia.org/w/index.php?title=Omnicom_Group&oldid=965586449,https://en.wikipedia.org/wiki/Omnicom_Group
2020,Loews,,212,James Tisch,,,,,,https://en.wikipedia.org/w/index.php?title=Loews_Corporation&oldid=970109799,https://en.wikipedia.org/wiki/Loews_Corporation
2020,Ecolab,,213,Douglas M. Baker Jr.,,,,,,https://en.wikipedia.org/w/index.php?title=Ecolab&oldid=966889347,https://en.wikipedia.org/wiki/Ecolab
2020,Stryker,,214,Kevin A. Lobo,Kevin Lobo,,,,,https://en.wikipedia.org/w/index.php?title=Stryker_Corporation&oldid=967789753,https://en.wikipedia.org/wiki/Stryker_Corporation
2020,Estée Lauder,,215,Fabrizio Freda,,,,,,https://en.wikipedia.org/w/index.php?title=Est%C3%A9e_Lauder_Companies&oldid=973502406,https://en.wikipedia.org/wiki/Estée_Lauder_Companies
2020,Goodyear Tire & Rubber,,216,Richard J. Kramer,Richard Kramer,,,,,https://en.wikipedia.org/w/index.php?title=Goodyear_Tire_and_Rubber_Company&oldid=966934716,https://en.wikipedia.org/wiki/Goodyear_Tire_and_Rubber_Company
2020,Truist Financial,,217,Kelly King,,,,,,https://en.wikipedia.org/w/index.php?title=Truist&oldid=965133704,https://en.wikipedia.org/wiki/Truist
2020,Applied Materials,,218,Gary E. Dickerson,Gary Dickerson,,,,,https://en.wikipedia.org/w/index.php?title=Applied_Materials&oldid=967884601,https://en.wikipedia.org/wiki/Applied_Materials
2020,BlackRock,,219,Larry Fink,,,,,,https://en.wikipedia.org/w/index.php?title=BlackRock&oldid=969569711,https://en.wikipedia.org/wiki/BlackRock
2020,Stanley Black & Decker,,220,James M. Loree,,,,,,https://en.wikipedia.org/w/index.php?title=Stanley_Black_&_Decker&oldid=975154589,https://en.wikipedia.org/wiki/Stanley_Black_
2020,Freeport-McMoRan,,221,Richard Adkerson,,,,,,https://en.wikipedia.org/w/index.php?title=Freeport-McMoRan&oldid=970911711,https://en.wikipedia.org/wiki/Freeport-McMoRan
2020,Texas Instruments,,222,Rich Templeton,,,,,,https://en.wikipedia.org/w/index.php?title=Texas_Instruments&oldid=968086816,https://en.wikipedia.org/wiki/Texas_Instruments
2020,Biogen,,223,Michel Vounatsos,,,,,,https://en.wikipedia.org/w/index.php?title=Biogen&oldid=968240647,https://en.wikipedia.org/wiki/Biogen
2020,Parker-Hannifin,,224,Thomas L. Williams,,,,,,https://en.wikipedia.org/w/index.php?title=Parker_Hannifin&oldid=960862850,https://en.wikipedia.org/wiki/Parker_Hannifin
2020,Reinsurance Group of America,,225,Anna Manning,,,,,,https://en.wikipedia.org/w/index.php?title=Reinsurance_Group_of_America&oldid=959509694,https://en.wikipedia.org/wiki/Reinsurance_Group_of_America
2020,Howmet Aerospace,,226,John C. Plant,,Tolga Oal,,,,https://en.wikipedia.org/w/index.php?title=Howmet_Aerospace&oldid=968475147,https://en.wikipedia.org/wiki/Howmet_Aerospace
2020,Automatic Data Processing,,227,Carlos A. Rodriguez,,,,,,https://en.wikipedia.org/w/index.php?title=ADP_(company)&oldid=966843362,https://en.wikipedia.org/wiki/ADP_(company)
2020,Uber Technologies,,228,Dara Khosrowshahi,,,,,,https://en.wikipedia.org/w/index.php?title=Uber&oldid=968113162,https://en.wikipedia.org/wiki/Uber
2020,Illinois Tool Works,,229,E. Scott Santi,,,,,,https://en.wikipedia.org/w/index.php?title=Illinois_Tool_Works&oldid=964391587,https://en.wikipedia.org/wiki/Illinois_Tool_Works
2020,DaVita,,230,Javier J. Rodriguez,,,,,,https://en.wikipedia.org/w/index.php?title=DaVita&oldid=960763591,https://en.wikipedia.org/wiki/DaVita
2020,Discover,Discover Financial Services,231,,,,,,,https://en.wikipedia.org/w/index.php?title=Discover&oldid=983819453,https://en.wikipedia.org/wiki/Discover
2020,Land O'Lakes,,232,Beth Ford,Beth E. Ford,,,,,https://en.wikipedia.org/w/index.php?title=Land_O'Lakes&oldid=968164898,https://en.wikipedia.org/wiki/Land_O'Lakes
2020,VF,,233,Steve Rendle,,,,,,https://en.wikipedia.org/w/index.php?title=VF_Corporation&oldid=964722656,https://en.wikipedia.org/wiki/VF_Corporation
2020,Corteva,,234,James Collins,Jim Collins,,,,,https://en.wikipedia.org/w/index.php?title=Corteva&oldid=971205457,https://en.wikipedia.org/wiki/Corteva
2020,Las Vegas Sands,,235,Sheldon Adelson,,,,,,https://en.wikipedia.org/w/index.php?title=Las_Vegas_Sands&oldid=970111148,https://en.wikipedia.org/wiki/Las_Vegas_Sands
2020,Textron,,236,Scott C. Donnelly,Scott Donnelly,,,,,https://en.wikipedia.org/w/index.php?title=Textron&oldid=968883578,https://en.wikipedia.org/wiki/Textron
2020,Kellanova,Kellogg,237,Steven Cahillane,Steven A. Cahillane,,,,,,
2020,Guardian Life Ins. Co. of America,,238,Andrew McMahon,,,,,,https://en.wikipedia.org/w/index.php?title=The_Guardian_Life_Insurance_Company_of_America&oldid=965540919,https://en.wikipedia.org/wiki/The_Guardian_Life_Insurance_Company_of_America
2020,QVC Group,Qurate Retail,239,Greg Maffei,,,,,,https://en.wikipedia.org/w/index.php?title=QVC_Group&oldid=970945889,https://en.wikipedia.org/wiki/QVC_Group
2020,Core-Mark Holding,,240,Scott E. McPherson,Scott McPherson,,,,,,
2020,Community Health Systems,,241,Wayne T. Smith,,,,,,https://en.wikipedia.org/w/index.php?title=Community_Health_Systems&oldid=967382713,https://en.wikipedia.org/wiki/Community_Health_Systems
2020,Kinder Morgan,,242,Steven J. Kean,Steven Kean,,,,,https://en.wikipedia.org/w/index.php?title=Kinder_Morgan&oldid=967673006,https://en.wikipedia.org/wiki/Kinder_Morgan
2020,BJ's Wholesale Club,,243,Lee Delaney,,,,,,https://en.wikipedia.org/w/index.php?title=BJ's_Wholesale_Club&oldid=971069074,https://en.wikipedia.org/wiki/BJ's_Wholesale_Club
2020,State Street,,244,Ron O'Hanley,,,,,,https://en.wikipedia.org/w/index.php?title=State_Street_Corporation&oldid=958862582,https://en.wikipedia.org/wiki/State_Street_Corporation
2020,Ameriprise Financial,,245,James M. Cracchiolo,,,,,,https://en.wikipedia.org/w/index.php?title=Ameriprise_Financial&oldid=960766111,https://en.wikipedia.org/wiki/Ameriprise_Financial
2020,Global Partners,,246,Eric Slifka,,,,,,https://en.wikipedia.org/w/index.php?title=Global_Partners&oldid=970918971,https://en.wikipedia.org/wiki/Global_Partners
2020,United States Steel,,247,David Burritt,David B. Burritt,,,,,https://en.wikipedia.org/w/index.php?title=U.S._Steel&oldid=969308327,https://en.wikipedia.org/wiki/U.S._Steel
2020,Bath & Body Works,,248,Andrew Meslow,,,,,,https://en.wikipedia.org/w/index.php?title=Bath_&_Body_Works&oldid=968199875,https://en.wikipedia.org/wiki/Bath_
2020,MGM Resorts International,,249,Bill Hornbuckle,,,,,,https://en.wikipedia.org/w/index.php?title=MGM_Resorts_International&oldid=968687693,https://en.wikipedia.org/wiki/MGM_Resorts_International
2020,L3Harris Technologies,,250,Bill Brown,,,,,,https://en.wikipedia.org/w/index.php?title=L3Harris&oldid=962153058,https://en.wikipedia.org/wiki/L3Harris
2020,DISH Network,,251,Erik Carlson,,,,,,,
2020,Lithia Motors,,252,Bryan DeBoer,,,,,,https://en.wikipedia.org/w/index.php?title=Lithia_Motors&oldid=963337521,https://en.wikipedia.org/wiki/Lithia_Motors
2020,DTE Energy,,253,Gerardo Norcia,,,,,,https://en.wikipedia.org/w/index.php?title=DTE_Energy&oldid=967823843,https://en.wikipedia.org/wiki/DTE_Energy
2020,American Family Insurance Group,,254,Jack Salzwedel,,,,,,https://en.wikipedia.org/w/index.php?title=American_Family_Insurance&oldid=964712435,https://en.wikipedia.org/wiki/American_Family_Insurance
2020,Farmers Insurance Exchange,,255,Jeffrey J. Dailey,,,,,,https://en.wikipedia.org/w/index.php?title=Farmers_Insurance_Group&oldid=969473718,https://en.wikipedia.org/wiki/Farmers_Insurance_Group
2020,Consolidated Edison,,256,John McAvoy,,,,,,https://en.wikipedia.org/w/index.php?title=Consolidated_Edison&oldid=969854724,https://en.wikipedia.org/wiki/Consolidated_Edison
2020,LKQ,,257,Dominick P. Zarcone,,,,,,https://en.wikipedia.org/w/index.php?title=LKQ_Corporation&oldid=963737681,https://en.wikipedia.org/wiki/LKQ_Corporation
2020,Sempra,,258,Jeffrey W. Martin,,,,,,https://en.wikipedia.org/w/index.php?title=Sempra&oldid=970211517,https://en.wikipedia.org/wiki/Sempra
2020,Edison International,,259,Pedro J. Pizarro,Pedro Pizarro,,,,,https://en.wikipedia.org/w/index.php?title=Edison_International&oldid=957432038,https://en.wikipedia.org/wiki/Edison_International
2020,CenterPoint Energy,,260,David J. Lesar,,,,,,https://en.wikipedia.org/w/index.php?title=CenterPoint_Energy&oldid=968249738,https://en.wikipedia.org/wiki/CenterPoint_Energy
2020,Quanta Services,,261,Earl C. Austin,Earl Austin; Duke Austin; Earl C. Austin Jr.,,,,,https://en.wikipedia.org/w/index.php?title=Quanta_Services&oldid=941403270,https://en.wikipedia.org/wiki/Quanta_Services
2020,Murphy USA,,262,R. Andrew Clyde,,,,,,https://en.wikipedia.org/w/index.php?title=Murphy_USA&oldid=994290284,https://en.wikipedia.org/wiki/Murphy_USA
2020,Expedia Group,,263,Peter M. Kern,Peter Kern,,,,,https://en.wikipedia.org/w/index.php?title=Expedia_Group&oldid=969104411,https://en.wikipedia.org/wiki/Expedia_Group
2020,Group 1 Automotive,,264,Earl J. Hesterberg,,,,,,https://en.wikipedia.org/w/index.php?title=Group_1_Automotive&oldid=953842372,https://en.wikipedia.org/wiki/Group_1_Automotive
2020,Bed Bath & Beyond,,265,Mark Tritton,,,,,,,
2020,Unum Group,,266,Rick McKenney,,,,,,https://en.wikipedia.org/w/index.php?title=Unum&oldid=968040124,https://en.wikipedia.org/wiki/Unum
2020,CSX,,267,Steve Angel,,,,,,https://en.wikipedia.org/w/index.php?title=CSX_Transportation&oldid=967501347,https://en.wikipedia.org/wiki/CSX_Transportation
2020,AutoZone,,268,William C. Rhodes III,,,,,,https://en.wikipedia.org/w/index.php?title=AutoZone&oldid=965470805,https://en.wikipedia.org/wiki/AutoZone
2020,Pacific Life,,269,James T. Morris,,,,,,https://en.wikipedia.org/w/index.php?title=Pacific_Life&oldid=968328011,https://en.wikipedia.org/wiki/Pacific_Life
2020,Vistra,,270,Curtis A. Morgan,Curtis Morgan; Curt Morgan,,,,,,
2020,Charles Schwab,,271,Walter W. Bettinger II,,,,,,https://en.wikipedia.org/w/index.php?title=Charles_Schwab_Corporation&oldid=965665565,https://en.wikipedia.org/wiki/Charles_Schwab_Corporation
2020,Crown Holdings,,272,Timothy J. Donahue,Timothy Donahue,,,,,https://en.wikipedia.org/w/index.php?title=Crown_Holdings&oldid=970415392,https://en.wikipedia.org/wiki/Crown_Holdings
2020,Ally Financial,,273,Jeffrey J. Brown,,,,,,https://en.wikipedia.org/w/index.php?title=Ally_Financial&oldid=967555112,https://en.wikipedia.org/wiki/Ally_Financial
2020,Labcorp Holdings,Laboratory Corp. of America,274,Adam H. Schechter,Adam Schechter,,,,,https://en.wikipedia.org/w/index.php?title=Labcorp&oldid=969854389,https://en.wikipedia.org/wiki/Labcorp
2020,Live Nation Entertainment,,275,Michael Rapino,,,,,,https://en.wikipedia.org/w/index.php?title=Live_Nation_Entertainment&oldid=972585644,https://en.wikipedia.org/wiki/Live_Nation_Entertainment
2020,Xcel Energy,,276,Ben Fowke,,,,,,https://en.wikipedia.org/w/index.php?title=Xcel_Energy&oldid=968659954,https://en.wikipedia.org/wiki/Xcel_Energy
2020,Corning,,277,Wendell P. Weeks,Wendell Weeks,,,,,https://en.wikipedia.org/w/index.php?title=Corning_Inc.&oldid=966065025,https://en.wikipedia.org/wiki/Corning_Inc.
2020,W.W. Grainger,,278,D.G. Macpherson,,,,,,https://en.wikipedia.org/w/index.php?title=W._W._Grainger&oldid=967396066,https://en.wikipedia.org/wiki/W._W._Grainger
2020,Ball,,279,John A Hayes,,,,,,https://en.wikipedia.org/w/index.php?title=Ball_Corporation&oldid=967525869,https://en.wikipedia.org/wiki/Ball_Corporation
2020,Fox,,280,Lachlan Murdoch,Lachlan K. Murdoch,,,,,https://en.wikipedia.org/w/index.php?title=Fox_Corporation&oldid=968492685,https://en.wikipedia.org/wiki/Fox_Corporation
2020,Universal Health Services,,281,Alan B. Miller,,,,,,https://en.wikipedia.org/w/index.php?title=Universal_Health_Services&oldid=968596418,https://en.wikipedia.org/wiki/Universal_Health_Services
2020,Baxter International,,282,José E. Almeida,,,,,,https://en.wikipedia.org/w/index.php?title=Baxter_International&oldid=964910220,https://en.wikipedia.org/wiki/Baxter_International
2020,Norfolk Southern,,283,James A. Squires,James Squires; Jim Squires,,,,,https://en.wikipedia.org/w/index.php?title=Norfolk_Southern_Railway&oldid=966894373,https://en.wikipedia.org/wiki/Norfolk_Southern_Railway
2020,Navistar International,,284,Troy A. Clarke,Troy Clarke,,,,,,
2020,Adobe,,285,Shantanu Narayen,,,,,,https://en.wikipedia.org/w/index.php?title=Adobe_Inc.&oldid=968079902,https://en.wikipedia.org/wiki/Adobe_Inc.
2020,J.C. Penney,,286,Jill Soltau,,,,,,https://en.wikipedia.org/w/index.php?title=J.C._Penney&oldid=953044004,https://en.wikipedia.org/wiki/J.C._Penney
2020,Warner Bros. Discovery,,287,David M. Zaslav,David Zaslav,,,,,,
2020,Keurig Dr Pepper,,288,Robert J. Gamgort,Robert J. Gamgort,,,,,https://en.wikipedia.org/w/index.php?title=Keurig_Dr_Pepper&oldid=969980706,https://en.wikipedia.org/wiki/Keurig_Dr_Pepper
2020,Leidos Holdings,,289,Roger Krone,,,,,,https://en.wikipedia.org/w/index.php?title=Leidos&oldid=967941703,https://en.wikipedia.org/wiki/Leidos
2020,IQVIA Holdings,,290,Ari Bousbib,,,,,,https://en.wikipedia.org/w/index.php?title=IQVIA&oldid=973661989,https://en.wikipedia.org/wiki/IQVIA
2020,Reliance,Reliance Steel & Aluminum,291,Jim Hoffman,,,,,,"https://en.wikipedia.org/w/index.php?title=Reliance,_Inc.&oldid=983821859","https://en.wikipedia.org/wiki/Reliance,_Inc."
2020,Nvidia,,292,Jensen Huang,,,,,,https://en.wikipedia.org/w/index.php?title=Nvidia&oldid=967754081,https://en.wikipedia.org/wiki/Nvidia
2020,Entergy,,293,Leo Denault,,,,,,https://en.wikipedia.org/w/index.php?title=Entergy&oldid=960929707,https://en.wikipedia.org/wiki/Entergy
2020,FirstEnergy,,294,Chuck Jones,,,,,,https://en.wikipedia.org/w/index.php?title=FirstEnergy&oldid=968863381,https://en.wikipedia.org/wiki/FirstEnergy
2020,Ebay,,295,Jamie Iannone,,,,,,https://en.wikipedia.org/w/index.php?title=Ebay&oldid=958813237,https://en.wikipedia.org/wiki/Ebay
2020,Boston Scientific,,296,Michael F. Mahoney,,,,,,https://en.wikipedia.org/w/index.php?title=Boston_Scientific&oldid=966845834,https://en.wikipedia.org/wiki/Boston_Scientific
2020,ODP,,297,Gerry P. Smith,Gerry Smith,,,,,,
2020,Molson Coors Beverage,,298,Gavin Hattersley,,,,,,https://en.wikipedia.org/w/index.php?title=Molson_Coors&oldid=969026883,https://en.wikipedia.org/wiki/Molson_Coors
2020,Steel Dynamics,,299,Mark D. Millett,Mark Millett,,,,,https://en.wikipedia.org/w/index.php?title=Steel_Dynamics&oldid=947793399,https://en.wikipedia.org/wiki/Steel_Dynamics
2020,Mutual of Omaha,Mutual of Omaha Insurance,300,James Blackledge,James T. Blackledge,,,,,https://en.wikipedia.org/w/index.php?title=Mutual_of_Omaha&oldid=967833462,https://en.wikipedia.org/wiki/Mutual_of_Omaha
2020,Sonic Automotive,,301,David Smith,,,,,,https://en.wikipedia.org/w/index.php?title=Sonic_Automotive&oldid=984875323,https://en.wikipedia.org/wiki/Sonic_Automotive
2020,Alcoa,,302,Roy C. Harvey,Roy Harvey,,,,,https://en.wikipedia.org/w/index.php?title=Alcoa&oldid=961761665,https://en.wikipedia.org/wiki/Alcoa
2020,Fidelity National Information (FIS),Fidelity National Information Services,303,Gary A. Norcross,,,,,,https://en.wikipedia.org/w/index.php?title=FIS_(company)&oldid=970430721,https://en.wikipedia.org/wiki/FIS_(company)
2020,Henry Schein,,304,Stanley M. Bergman,Stanley Bergman,,,,,https://en.wikipedia.org/w/index.php?title=Henry_Schein&oldid=967919197,https://en.wikipedia.org/wiki/Henry_Schein
2020,Republic Services,,305,Donald W. Slager,,,,,,https://en.wikipedia.org/w/index.php?title=Republic_Services&oldid=963209768,https://en.wikipedia.org/wiki/Republic_Services
2020,Liberty Media,,306,Greg Maffei,,,,,,https://en.wikipedia.org/w/index.php?title=Liberty_Media&oldid=971016655,https://en.wikipedia.org/wiki/Liberty_Media
2020,Peter Kiewit Sons',,307,Rick Lanoha,,,,,,https://en.wikipedia.org/w/index.php?title=Kiewit_Corporation&oldid=967315626,https://en.wikipedia.org/wiki/Kiewit_Corporation
2020,Interpublic Group,,308,Michael I. Roth,,,,,,https://en.wikipedia.org/w/index.php?title=The_Interpublic_Group_of_Companies&oldid=968699944,https://en.wikipedia.org/wiki/The_Interpublic_Group_of_Companies
2020,PulteGroup,,309,Ryan R. Marshall,,,,,,https://en.wikipedia.org/w/index.php?title=PulteGroup&oldid=969130951,https://en.wikipedia.org/wiki/PulteGroup
2020,AES,,310,Andres Gluski,Andres R. Gluski,,,,,https://en.wikipedia.org/w/index.php?title=AES_Corporation&oldid=966383907,https://en.wikipedia.org/wiki/AES_Corporation
2020,Fiserv,,311,Jeffery Yabuki,,,,,,https://en.wikipedia.org/w/index.php?title=Fiserv&oldid=967855733,https://en.wikipedia.org/wiki/Fiserv
2020,BorgWarner,,312,Frédéric Lissalde,,,,,,https://en.wikipedia.org/w/index.php?title=BorgWarner&oldid=964057644,https://en.wikipedia.org/wiki/BorgWarner
2020,Oneok,,313,Terry K. Spencer,,,,,,https://en.wikipedia.org/w/index.php?title=Oneok&oldid=967304122,https://en.wikipedia.org/wiki/Oneok
2020,O'Reilly Automotive,,314,Gregory D. Johnson,Gregory Johnson; Greg Johnson,,,,,https://en.wikipedia.org/w/index.php?title=O%27Reilly_Auto_Parts&oldid=967586110,https://en.wikipedia.org/wiki/O'Reilly_Auto_Parts
2020,Assurant,,315,Alan B. Colberg,,,,,,https://en.wikipedia.org/w/index.php?title=Assurant&oldid=970132959,https://en.wikipedia.org/wiki/Assurant
2020,Newell Brands,,316,Ravi Saligram,,,,,,https://en.wikipedia.org/w/index.php?title=Newell_Brands&oldid=962892203,https://en.wikipedia.org/wiki/Newell_Brands
2020,Public Service Enterprise Group,,317,Ralph Izzo,,,,,,https://en.wikipedia.org/w/index.php?title=Public_Service_Enterprise_Group&oldid=963678673,https://en.wikipedia.org/wiki/Public_Service_Enterprise_Group
2020,News Corp.,,318,Robert James Thomson,,,,,,https://en.wikipedia.org/w/index.php?title=News_Corp&oldid=967831930,https://en.wikipedia.org/wiki/News_Corp
2020,Calpine,,319,Thad Hill,,,,,,https://en.wikipedia.org/w/index.php?title=Calpine&oldid=944800575,https://en.wikipedia.org/wiki/Calpine
2020,Auto-Owners Insurance,,320,Jeffrey S. Tagsold,,,,,,https://en.wikipedia.org/w/index.php?title=Auto-Owners_Insurance&oldid=967751574,https://en.wikipedia.org/wiki/Auto-Owners_Insurance
2020,Mohawk Industries,,321,Jeffrey Lorberbaum,Jeffrey S. Lorberbaum,,,,,https://en.wikipedia.org/w/index.php?title=Mohawk_Industries&oldid=956288759,https://en.wikipedia.org/wiki/Mohawk_Industries
2020,Campbell's,Campbell Soup,322,Mark Clouse,Mark A. Clouse,,,,,https://en.wikipedia.org/w/index.php?title=Campbell's&oldid=970456276,https://en.wikipedia.org/wiki/Campbell's
2020,PVH,,322,Emanuel Chirico,,,,,,https://en.wikipedia.org/w/index.php?title=PVH_Corp.&oldid=967901233,https://en.wikipedia.org/wiki/PVH_Corp.
2020,NRG Energy,,324,Mauricio Gutierrez,,,,,,https://en.wikipedia.org/w/index.php?title=NRG_Energy&oldid=968900944,https://en.wikipedia.org/wiki/NRG_Energy
2020,Fifth Third Bancorp,,325,Greg D. Carmichael,,,,,,https://en.wikipedia.org/w/index.php?title=Fifth_Third_Bank&oldid=965996364,https://en.wikipedia.org/wiki/Fifth_Third_Bank
2020,Hertz Global Holdings,,326,Paul Stone,,,,,,https://en.wikipedia.org/w/index.php?title=Hertz_Global_Holdings&oldid=969408497,https://en.wikipedia.org/wiki/Hertz_Global_Holdings
2020,Optimum Communications,Altice USA,327,Dexter Goei,,,,,,https://en.wikipedia.org/w/index.php?title=Optimum_Communications&oldid=968318493,https://en.wikipedia.org/wiki/Optimum_Communications
2020,Newmont,,328,Tom Palmer,,,,,,https://en.wikipedia.org/w/index.php?title=Newmont&oldid=968059557,https://en.wikipedia.org/wiki/Newmont
2020,Cheniere Energy,,329,Jack Fusco,,,,,,https://en.wikipedia.org/w/index.php?title=Cheniere_Energy&oldid=969579745,https://en.wikipedia.org/wiki/Cheniere_Energy
2020,Advance Auto Parts,,330,Tom Greco,,,,,,https://en.wikipedia.org/w/index.php?title=Advance_Auto_Parts&oldid=968266612,https://en.wikipedia.org/wiki/Advance_Auto_Parts
2020,Lam Research,,331,Tim Archer,,,,,,https://en.wikipedia.org/w/index.php?title=Lam_Research&oldid=966154025,https://en.wikipedia.org/wiki/Lam_Research
2020,Accendra Health,,332,Edward A. Pesicka,,,,,,https://en.wikipedia.org/w/index.php?title=Accendra_Health&oldid=969138217,https://en.wikipedia.org/wiki/Accendra_Health
2020,Equitable Holdings,,333,Mark Pearson,,,,,,https://en.wikipedia.org/w/index.php?title=Equitable_Holdings&oldid=964881301,https://en.wikipedia.org/wiki/Equitable_Holdings
2020,Conagra Brands,,334,Sean Connolly,Sean M. Connolly,,,,,https://en.wikipedia.org/w/index.php?title=Conagra_Brands&oldid=968007874,https://en.wikipedia.org/wiki/Conagra_Brands
2020,Markel Group,Markel,335,Thomas S. Gayner,,Richard R. Whitt. III ,,,,https://en.wikipedia.org/w/index.php?title=Markel_Group&oldid=972186692,https://en.wikipedia.org/wiki/Markel_Group
2020,Jones Financial (Edward Jones),,336,Penny Pennington,,,,,,https://en.wikipedia.org/w/index.php?title=Edward_Jones_Investments&oldid=977603097,https://en.wikipedia.org/wiki/Edward_Jones_Investments
2020,Hormel Foods,,337,James Snee,,,,,,https://en.wikipedia.org/w/index.php?title=Hormel_Foods&oldid=970688895,https://en.wikipedia.org/wiki/Hormel_Foods
2020,Hilton Worldwide Holdings,,338,Christopher J. Nassetta,Christopher Nassetta,,,,,https://en.wikipedia.org/w/index.php?title=Hilton_Worldwide&oldid=972995136,https://en.wikipedia.org/wiki/Hilton_Worldwide
2020,Univar Solutions,,339,David Jukes,,,,,,https://en.wikipedia.org/w/index.php?title=Univar_Solutions&oldid=967040184,https://en.wikipedia.org/wiki/Univar_Solutions
2020,United Rentals,,340,Matthew Flannery,Matthew J. Flannery,,,,,https://en.wikipedia.org/w/index.php?title=United_Rentals&oldid=963715982,https://en.wikipedia.org/wiki/United_Rentals
2020,Pioneer Natural Resources,,341,Scott D. Sheffield,,,,,,https://en.wikipedia.org/w/index.php?title=Pioneer_Natural_Resources&oldid=954751988,https://en.wikipedia.org/wiki/Pioneer_Natural_Resources
2020,Delek US Holdings,,342,Ezra Uzi Yemin,,,,,,https://en.wikipedia.org/w/index.php?title=Delek_US&oldid=966948667,https://en.wikipedia.org/wiki/Delek_US
2020,Eastman Chemical,,343,Mark J. Costa,,,,,,https://en.wikipedia.org/w/index.php?title=Eastman_Chemical_Company&oldid=971215244,https://en.wikipedia.org/wiki/Eastman_Chemical_Company
2020,EMCOR Group,,344,Anthony J. Guzzi,,,,,,https://en.wikipedia.org/w/index.php?title=Emcor&oldid=967003574,https://en.wikipedia.org/wiki/Emcor
2020,Avis Budget Group,,345,Joe Ferraro,,,,,,https://en.wikipedia.org/w/index.php?title=Avis_Budget_Group&oldid=968364886,https://en.wikipedia.org/wiki/Avis_Budget_Group
2020,J.B. Hunt Transport Services,,346,John N. Roberts III,,,,,,https://en.wikipedia.org/w/index.php?title=J._B._Hunt&oldid=968079765,https://en.wikipedia.org/wiki/J._B._Hunt
2020,Xerox Holdings,,347,John Visentin,,,,,,https://en.wikipedia.org/w/index.php?title=Xerox_Holdings&oldid=974811640,https://en.wikipedia.org/wiki/Xerox_Holdings
2020,Wayfair,,348,Niraj Shah,Niraj S. Shah,,,,,https://en.wikipedia.org/w/index.php?title=Wayfair&oldid=967436860,https://en.wikipedia.org/wiki/Wayfair
2020,KKR,,349,Henry Kravis,,George R. Roberts,,,,https://en.wikipedia.org/w/index.php?title=KKR_%26_Co.&oldid=968739442,https://en.wikipedia.org/wiki/KKR_&_Co.
2020,AGCO,,350,Martin Richenhagen,,,,,,https://en.wikipedia.org/w/index.php?title=AGCO&oldid=967199159,https://en.wikipedia.org/wiki/AGCO
2020,Alleghany,,351,Weston M. Hicks,,,,,,,
2020,Icahn Enterprises,,352,Keith Cozza,,,,,,https://en.wikipedia.org/w/index.php?title=Icahn_Enterprises&oldid=967556102,https://en.wikipedia.org/wiki/Icahn_Enterprises
2020,Voya Financial,,353,Rodney O. Martin Jr.,,,,,,https://en.wikipedia.org/w/index.php?title=Voya_Financial&oldid=967246306,https://en.wikipedia.org/wiki/Voya_Financial
2020,Ryder System,,354,Robert E. Sanchez,Robert Sanchez,,,,,https://en.wikipedia.org/w/index.php?title=Ryder&oldid=967608134,https://en.wikipedia.org/wiki/Ryder
2020,Air Products & Chemicals,,355,Seifi Ghasemi,,,,,,https://en.wikipedia.org/w/index.php?title=Air_Products_&_Chemicals&oldid=971898268,https://en.wikipedia.org/wiki/Air_Products_
2020,Mosaic,,356,James C. O’Rourke,James O’Rourke; Joc O’Rourke,,,,,https://en.wikipedia.org/w/index.php?title=The_Mosaic_Company&oldid=957959543,https://en.wikipedia.org/wiki/The_Mosaic_Company
2020,Huntington Ingalls Industries,,357,C. Michael Petters,,,,,,https://en.wikipedia.org/w/index.php?title=Huntington_Ingalls_Industries&oldid=979675585,https://en.wikipedia.org/wiki/Huntington_Ingalls_Industries
2020,Berry Global Group,,358,Thomas E.,,,,,,https://en.wikipedia.org/w/index.php?title=Berry_Global&oldid=968937799,https://en.wikipedia.org/wiki/Berry_Global
2020,Anixter International,,359,William A. Galvin,Bill Galvin; William Galvin,,,,,,
2020,Alaska Air Group,,360,Brad Tilden,,,,,,https://en.wikipedia.org/w/index.php?title=Alaska_Air_Group&oldid=970874264,https://en.wikipedia.org/wiki/Alaska_Air_Group
2020,Yum China Holdings,,361,Joey Wat,,,,,,https://en.wikipedia.org/w/index.php?title=Yum_China&oldid=966639907,https://en.wikipedia.org/wiki/Yum_China
2020,Dick's Sporting Goods,,362,Edward W. Stack,,,,,,https://en.wikipedia.org/w/index.php?title=Dick's_Sporting_Goods&oldid=968538397,https://en.wikipedia.org/wiki/Dick's_Sporting_Goods
2020,Caesars Holdings,,363,Thomas R. Reeg,Thomas Reeg,,,,,,
2020,Genworth Financial,,364,Tom McInerney,,,,,,https://en.wikipedia.org/w/index.php?title=Genworth_Financial&oldid=968547299,https://en.wikipedia.org/wiki/Genworth_Financial
2020,Targa Resources,,365,Matthew J. Meloy,Matthew Meloy; Matt Meloy,,,,,,
2020,Coty,,366,Sue Nabi,,,,,,https://en.wikipedia.org/w/index.php?title=Coty&oldid=969689911,https://en.wikipedia.org/wiki/Coty
2020,Dana,,367,James K. Kamsickas,James Kamsickas,,,,,https://en.wikipedia.org/w/index.php?title=Dana_Incorporated&oldid=969552021,https://en.wikipedia.org/wiki/Dana_Incorporated
2020,Thrivent Financial,Thrivent Financial for Lutherans,368,Teresa J. Rasmussen,Teresa Rasmussen,,,,,https://en.wikipedia.org/w/index.php?title=Thrivent_Financial&oldid=973200070,https://en.wikipedia.org/wiki/Thrivent_Financial
2020,Autoliv,,369,Jan Carlson,,,,,,https://en.wikipedia.org/w/index.php?title=Autoliv&oldid=978676212,https://en.wikipedia.org/wiki/Autoliv
2020,SpartanNash,,370,Dennis Eidson,,,,,,https://en.wikipedia.org/w/index.php?title=SpartanNash&oldid=973788974,https://en.wikipedia.org/wiki/SpartanNash
2020,Eversource Energy,,371,James J. Judge,James Judge; Jim Judge,,,,,https://en.wikipedia.org/w/index.php?title=Eversource_Energy&oldid=968474095,https://en.wikipedia.org/wiki/Eversource_Energy
2020,Darden Restaurants,,372,Eugene Lee,,,,,,https://en.wikipedia.org/w/index.php?title=Darden_Restaurants&oldid=970901571,https://en.wikipedia.org/wiki/Darden_Restaurants
2020,Expand Energy,Chesapeake Energy,373,Robert Douglas Lawler,,,,,,https://en.wikipedia.org/w/index.php?title=Expand_Energy&oldid=967703862,https://en.wikipedia.org/wiki/Expand_Energy
2020,NOV,,374,Clay Williams,,,,,,https://en.wikipedia.org/w/index.php?title=NOV_Inc.&oldid=960381969,https://en.wikipedia.org/wiki/NOV_Inc.
2020,Fidelity National Financial,,375,Raymond R. Quirk,,,,,,https://en.wikipedia.org/w/index.php?title=Fidelity_National_Financial&oldid=962915416,https://en.wikipedia.org/wiki/Fidelity_National_Financial
2020,Erie Insurance Group,,376,Timothy G. NeCastro,,,,,,https://en.wikipedia.org/w/index.php?title=Erie_Insurance_Group&oldid=959868631,https://en.wikipedia.org/wiki/Erie_Insurance_Group
2020,Oshkosh,,377,Wilson R. Jones,,,,,,https://en.wikipedia.org/w/index.php?title=Oshkosh_Corporation&oldid=969171997,https://en.wikipedia.org/wiki/Oshkosh_Corporation
2020,Casey's General Stores,,378,Darren Rebelez,,,,,,https://en.wikipedia.org/w/index.php?title=Casey's_General_Stores&oldid=982237677,https://en.wikipedia.org/wiki/Casey's_General_Stores
2020,WESCO International,,379,John Engel,John J. Engel,,,,,https://en.wikipedia.org/w/index.php?title=WESCO_International&oldid=953680462,https://en.wikipedia.org/wiki/WESCO_International
2020,Tractor Supply,,380,Hal Lawton,,,,,,https://en.wikipedia.org/w/index.php?title=Tractor_Supply_Company&oldid=966913674,https://en.wikipedia.org/wiki/Tractor_Supply_Company
2020,Vistance Networks,CommScope Holding,381,Eddie Edwards,,,,,,,
2020,Huntsman,,382,Peter R. Huntsman,Peter Huntsman,,,,,https://en.wikipedia.org/w/index.php?title=Huntsman&oldid=981863569,https://en.wikipedia.org/wiki/Huntsman
2020,American Financial Group,,383,S. Craig Lindner,,Carl H. Lindner III,,,,https://en.wikipedia.org/w/index.php?title=American_Financial_Group&oldid=973894502,https://en.wikipedia.org/wiki/American_Financial_Group
2020,Masco,,384,Keith J. Allman,Keith Allman,,,,,https://en.wikipedia.org/w/index.php?title=Masco&oldid=968183479,https://en.wikipedia.org/wiki/Masco
2020,Sanmina,,385,Jure Sola,,,,,,https://en.wikipedia.org/w/index.php?title=Sanmina_Corporation&oldid=962116693,https://en.wikipedia.org/wiki/Sanmina_Corporation
2020,Amphenol,,386,R. Adam Norwitt,,,,,,https://en.wikipedia.org/w/index.php?title=Amphenol&oldid=978242631,https://en.wikipedia.org/wiki/Amphenol
2020,Williams,,387,Alan S. Armstrong,Alan Armstrong,,,,,https://en.wikipedia.org/w/index.php?title=Williams_Companies&oldid=973729270,https://en.wikipedia.org/wiki/Williams_Companies
2020,Westinghouse Air Brake,Westinghouse Air Brake Technologies,388,Rafael O. Santana,Rafael Santana,,,,,https://en.wikipedia.org/w/index.php?title=Westinghouse_Air_Brake_Company&oldid=963096255,https://en.wikipedia.org/wiki/Westinghouse_Air_Brake_Company
2020,Expeditors Intl. of Washington,Expeditors International of Washington,389,Jeffrey S. Musser,,,,,,https://en.wikipedia.org/w/index.php?title=Expeditors_International&oldid=982738626,https://en.wikipedia.org/wiki/Expeditors_International
2020,Andersons,,390,Patrick E. Bowe,Patrick Bowe,,,,,https://en.wikipedia.org/w/index.php?title=The_Andersons&oldid=964262379,https://en.wikipedia.org/wiki/The_Andersons
2020,Westlake,,391,Albert Chao,,,,,,https://en.wikipedia.org/w/index.php?title=Westlake_Corporation&oldid=994733870,https://en.wikipedia.org/wiki/Westlake_Corporation
2020,Constellation Brands,,392,Bill Newlands,,,,,,https://en.wikipedia.org/w/index.php?title=Constellation_Brands&oldid=969873759,https://en.wikipedia.org/wiki/Constellation_Brands
2020,Frontier Communications,,393,Bernie Han,,,,,,https://en.wikipedia.org/w/index.php?title=Frontier_Communications&oldid=967369345,https://en.wikipedia.org/wiki/Frontier_Communications
2020,JetBlue Airways,,394,Robin Hayes,,,,,,https://en.wikipedia.org/w/index.php?title=JetBlue&oldid=967817213,https://en.wikipedia.org/wiki/JetBlue
2020,Citizens Financial Group,,395,Bruce Van Saun,Bruce W. Van Saun,,,,,https://en.wikipedia.org/w/index.php?title=Citizens_Financial_Group&oldid=963100243,https://en.wikipedia.org/wiki/Citizens_Financial_Group
2020,Raymond James Financial,,396,Paul Reilly,Paul C. Reilly,,,,,https://en.wikipedia.org/w/index.php?title=Raymond_James_Financial&oldid=977776651,https://en.wikipedia.org/wiki/Raymond_James_Financial
2020,Foot Locker,,397,Richard A. Johnson,,,,,,https://en.wikipedia.org/w/index.php?title=Foot_Locker&oldid=966801335,https://en.wikipedia.org/wiki/Foot_Locker
2020,Hershey,,398,Michele Buck,Michele G. Buck,,,,,https://en.wikipedia.org/w/index.php?title=The_Hershey_Company&oldid=968801761,https://en.wikipedia.org/wiki/The_Hershey_Company
2020,Zimmer Biomet Holdings,,399,Bryan C. Hanson,,,,,,https://en.wikipedia.org/w/index.php?title=Zimmer_Biomet&oldid=978861344,https://en.wikipedia.org/wiki/Zimmer_Biomet
2020,Cincinnati Financial,,400,Steven J. Johnston,,,,,,https://en.wikipedia.org/w/index.php?title=Cincinnati_Financial&oldid=948544247,https://en.wikipedia.org/wiki/Cincinnati_Financial
2020,Western & Southern Financial Group,,401,John F. Barrett,John Barrett,,,,,https://en.wikipedia.org/w/index.php?title=Western_&_Southern_Financial_Group&oldid=966315151,https://en.wikipedia.org/wiki/Western_
2020,W.R. Berkley,,402,W. Robert Berkley Jr.,Robert Berkley,,,,,,
2020,Motorola Solutions,,403,Greg Brown,,,,,,https://en.wikipedia.org/w/index.php?title=Motorola_Solutions&oldid=966585896,https://en.wikipedia.org/wiki/Motorola_Solutions
2020,Thor Industries,,404,Robert Martin,,,,,,https://en.wikipedia.org/w/index.php?title=Thor_Industries&oldid=945530555,https://en.wikipedia.org/wiki/Thor_Industries
2020,Regeneron Pharmaceuticals,,405,Leonard Schleifer,Leonard S. Schleifer,,,,,https://en.wikipedia.org/w/index.php?title=Regeneron_Pharmaceuticals&oldid=962144136,https://en.wikipedia.org/wiki/Regeneron_Pharmaceuticals
2020,Spirit AeroSystems Holdings,,406,Tom Gentile,,,,,,,
2020,J.M. Smucker,,407,Mark T. Smucker,Mark Smucker,,,,,https://en.wikipedia.org/w/index.php?title=The_J.M._Smucker_Company&oldid=968344896,https://en.wikipedia.org/wiki/The_J.M._Smucker_Company
2020,PPL,,408,Vincent Sorgi,,,,,,https://en.wikipedia.org/w/index.php?title=PPL_Corporation&oldid=970331760,https://en.wikipedia.org/wiki/PPL_Corporation
2020,Insight Enterprises,,409,Ken Lamneck,,,,,,https://en.wikipedia.org/w/index.php?title=Insight_Enterprises&oldid=953924597,https://en.wikipedia.org/wiki/Insight_Enterprises
2020,Quest Diagnostics,,410,Steve Rusckowski,,,,,,https://en.wikipedia.org/w/index.php?title=Quest_Diagnostics&oldid=972484404,https://en.wikipedia.org/wiki/Quest_Diagnostics
2020,KeyCorp,,411,Christopher M. Gorman,,,,,,https://en.wikipedia.org/w/index.php?title=KeyBank&oldid=968605848,https://en.wikipedia.org/wiki/KeyBank
2020,Veritiv,,412,Mary A. Laschinger,,,,,,https://en.wikipedia.org/w/index.php?title=Veritiv&oldid=954967083,https://en.wikipedia.org/wiki/Veritiv
2020,DCP Midstream,,413,Wouter van Kempen,,,,,,,
2020,American Tower,,414,Tom Bartlett,,,,,,https://en.wikipedia.org/w/index.php?title=American_Tower&oldid=969297836,https://en.wikipedia.org/wiki/American_Tower
2020,Graybar Electric,,415,Kathleen Mazzarella,,,,,,https://en.wikipedia.org/w/index.php?title=Graybar&oldid=970919637,https://en.wikipedia.org/wiki/Graybar
2020,WEC Energy Group,,416,Kevin Fletcher,,,,,,https://en.wikipedia.org/w/index.php?title=WEC_Energy_Group&oldid=940480872,https://en.wikipedia.org/wiki/WEC_Energy_Group
2020,NVR,,417,Paul C. Saville,Paul Saville,,,,,"https://en.wikipedia.org/w/index.php?title=NVR,_Inc.&oldid=961418884","https://en.wikipedia.org/wiki/NVR,_Inc."
2020,Ulta Beauty,,418,Mary N. Dillon,Mary Dillon,,,,,https://en.wikipedia.org/w/index.php?title=Ulta_Beauty&oldid=966801363,https://en.wikipedia.org/wiki/Ulta_Beauty
2020,Devon Energy,,419,David A. Hager,,,,,,https://en.wikipedia.org/w/index.php?title=Devon_Energy&oldid=980780199,https://en.wikipedia.org/wiki/Devon_Energy
2020,Blackstone,,420,Stephen A. Schwarzman,,,,,,https://en.wikipedia.org/w/index.php?title=Blackstone_Inc.&oldid=968874212,https://en.wikipedia.org/wiki/Blackstone_Inc.
2020,Dean Foods,,421,Gary W. Rahlfs,,,,,,https://en.wikipedia.org/w/index.php?title=Dean_Foods&oldid=968663048,https://en.wikipedia.org/wiki/Dean_Foods
2020,Fortive,,422,Jim Lico,,,,,,https://en.wikipedia.org/w/index.php?title=Fortive&oldid=966595168,https://en.wikipedia.org/wiki/Fortive
2020,UGI,,423,John L. Walsh,John Walsh,,,,,,
2020,Burlington Stores,,424,Thomas A. Kingsbury,,,,,,https://en.wikipedia.org/w/index.php?title=Burlington_(department_store)&oldid=968308410,https://en.wikipedia.org/wiki/Burlington_(department_store)
2020,Builders FirstSource,,425,Chad Crow,,,,,,https://en.wikipedia.org/w/index.php?title=Builders_FirstSource&oldid=967306873,https://en.wikipedia.org/wiki/Builders_FirstSource
2020,Toll Brothers,,426,Douglas C. Yearley Jr.,,,,,,https://en.wikipedia.org/w/index.php?title=Toll_Brothers&oldid=977385293,https://en.wikipedia.org/wiki/Toll_Brothers
2020,Old Republic International,,427,Craig R. Smiddy,Craig Smiddy,,,,,https://en.wikipedia.org/w/index.php?title=Old_Republic_International&oldid=961495690,https://en.wikipedia.org/wiki/Old_Republic_International
2020,Asbury Automotive Group,,428,David W Hult,,,,,,https://en.wikipedia.org/w/index.php?title=Asbury_Automotive_Group&oldid=981536297,https://en.wikipedia.org/wiki/Asbury_Automotive_Group
2020,Arthur J. Gallagher,,429,J. Patrick Gallagher Jr.,,,,,,https://en.wikipedia.org/w/index.php?title=Arthur_J._Gallagher_%26_Co.&oldid=964533062,https://en.wikipedia.org/wiki/Arthur_J._Gallagher_&_Co.
2020,MasTec,,430,Jose Mas,,,,,,https://en.wikipedia.org/w/index.php?title=MasTec&oldid=954992556,https://en.wikipedia.org/wiki/MasTec
2020,Owens Corning,,431,Brian Chambers,,,,,,https://en.wikipedia.org/w/index.php?title=Owens_Corning&oldid=969602917,https://en.wikipedia.org/wiki/Owens_Corning
2020,Magellan Health,,432,Kenneth Fasola,,,,,,https://en.wikipedia.org/w/index.php?title=Magellan_Health&oldid=973872721,https://en.wikipedia.org/wiki/Magellan_Health
2020,Dover,,433,Richard J. Tobin,Richard Tobin,,,,,https://en.wikipedia.org/w/index.php?title=Dover_Corporation&oldid=957477068,https://en.wikipedia.org/wiki/Dover_Corporation
2020,QXO Building Products,Beacon Roofing Supply,434,Julian G. Francis,Julian Francis,,,,,https://en.wikipedia.org/w/index.php?title=QXO&oldid=959510683,https://en.wikipedia.org/wiki/QXO
2020,Avery Dennison,,435,Mitchell R. Butier,Mitchell Butier,,,,,https://en.wikipedia.org/w/index.php?title=Avery_Dennison&oldid=972186033,https://en.wikipedia.org/wiki/Avery_Dennison
2020,Hanesbrands,,436,Gerald W. Evans Jr.,,,,,,https://en.wikipedia.org/w/index.php?title=Hanesbrands&oldid=967400383,https://en.wikipedia.org/wiki/Hanesbrands
2020,Packaging Corp. of America,,437,Mark W. Kowlzan,Mark Kowlzan,,,,,https://en.wikipedia.org/w/index.php?title=Packaging_Corporation_of_America&oldid=968957133,https://en.wikipedia.org/wiki/Packaging_Corporation_of_America
2020,M&T Bank,,438,René F. Jones,René Jones,,,,,https://en.wikipedia.org/w/index.php?title=M&T_Bank&oldid=971487168,https://en.wikipedia.org/wiki/M
2020,NCR Voyix,NCR,439,Michael D. Hayford,Mike Hayford; Michael Hayford,,,,,https://en.wikipedia.org/w/index.php?title=NCR_Voyix&oldid=967851748,https://en.wikipedia.org/wiki/NCR_Voyix
2020,Northern Trust,,440,Michael G. O'Grady,,,,,,https://en.wikipedia.org/w/index.php?title=Northern_Trust&oldid=962444051,https://en.wikipedia.org/wiki/Northern_Trust
2020,Cintas,,441,Scott Farmer,,,,,,https://en.wikipedia.org/w/index.php?title=Cintas&oldid=971277548,https://en.wikipedia.org/wiki/Cintas
2020,Polaris,,442,Scott W. Wine,Scott Wine,,,,,https://en.wikipedia.org/w/index.php?title=Polaris&oldid=968786939,https://en.wikipedia.org/wiki/Polaris
2020,CMS Energy,,443,Patti Poppe,,,,,,https://en.wikipedia.org/w/index.php?title=CMS_Energy&oldid=963181213,https://en.wikipedia.org/wiki/CMS_Energy
2020,Seaboard,,444,Steven J. Bresky,,,,,,https://en.wikipedia.org/w/index.php?title=Seaboard_Corporation&oldid=967802943,https://en.wikipedia.org/wiki/Seaboard_Corporation
2020,Intuit,,445,Sasan Goodarzi,Sasan K. Goodarzi,,,,,https://en.wikipedia.org/w/index.php?title=Intuit&oldid=967778096,https://en.wikipedia.org/wiki/Intuit
2020,Regions Financial,,446,John M. Turner Jr.,,,,,,https://en.wikipedia.org/w/index.php?title=Regions_Financial_Corporation&oldid=962011202,https://en.wikipedia.org/wiki/Regions_Financial_Corporation
2020,FM,,447,Thomas A. Lawson,Thomas Lawson,,,,,https://en.wikipedia.org/w/index.php?title=FM_(insurance)&oldid=972844210,https://en.wikipedia.org/wiki/FM_(insurance)
2020,Advanced Micro Devices,,448,Lisa Su,Lisa T. Su,,,,,https://en.wikipedia.org/w/index.php?title=AMD&oldid=966891102,https://en.wikipedia.org/wiki/AMD
2020,Ovintiv,,449,Doug Suttles,,,,,,https://en.wikipedia.org/w/index.php?title=Ovintiv&oldid=968109817,https://en.wikipedia.org/wiki/Ovintiv
2020,Booz Allen Hamilton Holding,,450,Horacio D. Rozanski,Horacio Rozanski,,,,,https://en.wikipedia.org/w/index.php?title=Booz_Allen_Hamilton&oldid=967760264,https://en.wikipedia.org/wiki/Booz_Allen_Hamilton
2020,S&P Global,,451,Douglas L. Peterson,Douglas Peterson,,,,,https://en.wikipedia.org/w/index.php?title=S&P_Global&oldid=964183748,https://en.wikipedia.org/wiki/S
2020,Rockwell Automation,,452,Blake Moret,,,,,,https://en.wikipedia.org/w/index.php?title=Rockwell_Automation&oldid=968126731,https://en.wikipedia.org/wiki/Rockwell_Automation
2020,O-I Glass,,453,Andres A. Lopez,Andres Lopez,,,,,https://en.wikipedia.org/w/index.php?title=O-I_Glass&oldid=963570102,https://en.wikipedia.org/wiki/O-I_Glass
2020,Wynn Resorts,,454,Matthew Maddox,,,,,,https://en.wikipedia.org/w/index.php?title=Wynn_Resorts&oldid=959079269,https://en.wikipedia.org/wiki/Wynn_Resorts
2020,Securian Financial Group,,455,Christopher M. Hilger,,,,,,https://en.wikipedia.org/w/index.php?title=Securian_Financial_Group&oldid=968706264,https://en.wikipedia.org/wiki/Securian_Financial_Group
2020,Bread Financial Holdings,,456,Ralph Andretta,,,,,,,
2020,Brighthouse Financial,,457,Eric T. Steigerwalt,Eric Steigerwalt,,,,,https://en.wikipedia.org/w/index.php?title=Brighthouse_Financial&oldid=964081744,https://en.wikipedia.org/wiki/Brighthouse_Financial
2020,Weyerhaeuser,,457,Devin Stockfish,Devin W. Stockfish,,,,,https://en.wikipedia.org/w/index.php?title=Weyerhaeuser&oldid=961518453,https://en.wikipedia.org/wiki/Weyerhaeuser
2020,Intercontinental Exchange,,459,Jeffrey Sprecher,Jeffrey C. Sprecher,,,,,https://en.wikipedia.org/w/index.php?title=Intercontinental_Exchange&oldid=968831135,https://en.wikipedia.org/wiki/Intercontinental_Exchange
2020,Dauch,,460,Richard E. Dauch,Richard Dauch; Dick Dauch,,,,,,
2020,Hess,,461,John B. Hess,John Hess,,,,,https://en.wikipedia.org/w/index.php?title=Hess&oldid=978387981,https://en.wikipedia.org/wiki/Hess
2020,ABM Industries,,462,Scott Salmirs,Scott B. Salmirs,,,,,https://en.wikipedia.org/w/index.php?title=ABM_Industries&oldid=957732184,https://en.wikipedia.org/wiki/ABM_Industries
2020,Activision Blizzard,,463,Bobby Kotick,,,,,,https://en.wikipedia.org/w/index.php?title=Activision_Blizzard&oldid=967916064,https://en.wikipedia.org/wiki/Activision_Blizzard
2020,GameStop,,464,George Sherman,,,,,,https://en.wikipedia.org/w/index.php?title=GameStop&oldid=968666342,https://en.wikipedia.org/wiki/GameStop
2020,APA,,465,John J. Christmann IV,,,,,,https://en.wikipedia.org/w/index.php?title=APA_Corporation&oldid=968439536,https://en.wikipedia.org/wiki/APA_Corporation
2020,Science Applications International,,466,Nazzic S. Keene,Nazzic Keene,,,,,https://en.wikipedia.org/w/index.php?title=Science_Applications_International_Corporation&oldid=957480341,https://en.wikipedia.org/wiki/Science_Applications_International_Corporation
2020,AK Steel Holding,,467,Roger K. Newport,,,,,,,
2020,Dillard's,,468,William T. Dillard II,,,,,,https://en.wikipedia.org/w/index.php?title=Dillard's&oldid=964701754,https://en.wikipedia.org/wiki/Dillard's
2020,Ralph Lauren,,469,Ralph Lauren,,,,,,https://en.wikipedia.org/w/index.php?title=Ralph_Lauren&oldid=967690693,https://en.wikipedia.org/wiki/Ralph_Lauren
2020,Celanese,,470,Lori J. Ryerkerk,Lori Ryerkerk,,,,,https://en.wikipedia.org/w/index.php?title=Celanese&oldid=962105315,https://en.wikipedia.org/wiki/Celanese
2020,R.R. Donnelley & Sons,,471,Daniel L. Knotts,Daniel Knotts,,,,,,
2020,Zoetis,,472,Kristin Peck,Kristin C. Peck,,,,,https://en.wikipedia.org/w/index.php?title=Zoetis&oldid=974531923,https://en.wikipedia.org/wiki/Zoetis
2020,Mahwah Bergen Retail Group,,473,Gary Muto,,,,,,,
2020,Clorox,,474,Benno Dorer,,,,,,https://en.wikipedia.org/w/index.php?title=Clorox&oldid=967054386,https://en.wikipedia.org/wiki/Clorox
2020,Ingredion,,475,James Zallie,,,,,,https://en.wikipedia.org/w/index.php?title=Ingredion&oldid=965373191,https://en.wikipedia.org/wiki/Ingredion
2020,First American Financial,,476,Dennis J. Gilmore,Dennis Gilmore,,,,,,
2020,Graphic Packaging Holding,,477,Michael P. Doss,Michael Doss,,,,,https://en.wikipedia.org/w/index.php?title=Graphic_Packaging&oldid=970919595,https://en.wikipedia.org/wiki/Graphic_Packaging
2020,HD Supply Holdings,,478,Joseph DeAngelo,,,,,,,
2020,NetApp,,478,George Kurian,,,,,,https://en.wikipedia.org/w/index.php?title=NetApp&oldid=968678003,https://en.wikipedia.org/wiki/NetApp
2020,TravelCenters of America,,480,Jon Pertchik,,,,,,https://en.wikipedia.org/w/index.php?title=TravelCenters_of_America&oldid=962340061,https://en.wikipedia.org/wiki/TravelCenters_of_America
2020,Olin,,481,John E. Fischer,John Fischer,,,,,https://en.wikipedia.org/w/index.php?title=Olin&oldid=981727805,https://en.wikipedia.org/wiki/Olin
2020,Robert Half,Robert Half International,482,M. Keith Waddell,,,,,,https://en.wikipedia.org/w/index.php?title=Robert_Half&oldid=976327212,https://en.wikipedia.org/wiki/Robert_Half
2020,EnLink Midstream,,483,Barry E. Davis,Barry Davis,,,,,,
2020,Avantor,,484,Michael Stubblefield,,,,,,https://en.wikipedia.org/w/index.php?title=Avantor&oldid=977273202,https://en.wikipedia.org/wiki/Avantor
2020,Tapestry,,485,Joanne Crevoiserat,,,,,,https://en.wikipedia.org/w/index.php?title=Tapestry&oldid=968367100,https://en.wikipedia.org/wiki/Tapestry
2020,TD Ameritrade Holding,,486,Stephen Boyle,,,,,,,
2020,Analog Devices,,487,Vincent T. Roche,Vincent Roche,,,,,https://en.wikipedia.org/w/index.php?title=Analog_Devices&oldid=967883908,https://en.wikipedia.org/wiki/Analog_Devices
2020,Ameren,,488,Warner L. Baxter,,,,,,https://en.wikipedia.org/w/index.php?title=Ameren&oldid=967014243,https://en.wikipedia.org/wiki/Ameren
2020,Williams-Sonoma,,489,Laura Alber,,,,,,"https://en.wikipedia.org/w/index.php?title=Williams-Sonoma,_Inc.&oldid=968515488","https://en.wikipedia.org/wiki/Williams-Sonoma,_Inc."
2020,Anywhere Real Estate,,490,Ryan Schneider,,,,,,https://en.wikipedia.org/w/index.php?title=Anywhere_Real_Estate&oldid=965890874,https://en.wikipedia.org/wiki/Anywhere_Real_Estate
2020,Commercial Metals,,491,Barbara R. Smith,,,,,,https://en.wikipedia.org/w/index.php?title=Commercial_Metals_Company&oldid=971756750,https://en.wikipedia.org/wiki/Commercial_Metals_Company
2020,Rush Enterprises,,492,W. Marvin Rush,W.M. Rush; Rusy Rush,,,,,https://en.wikipedia.org/w/index.php?title=Rush_Enterprises&oldid=964287408,https://en.wikipedia.org/wiki/Rush_Enterprises
2020,Franklin Resources,,493,Jennifer M. Johnson,,,,,,https://en.wikipedia.org/w/index.php?title=Franklin_Templeton&oldid=968923545,https://en.wikipedia.org/wiki/Franklin_Templeton
2020,Fortune Brands Innovations,,494,Christopher Klein,,,,,,https://en.wikipedia.org/w/index.php?title=Fortune_Brands_Innovations&oldid=970910899,https://en.wikipedia.org/wiki/Fortune_Brands_Innovations
2020,Levi Strauss,,495,Chip Bergh,,,,,,https://en.wikipedia.org/w/index.php?title=Levi_Strauss&oldid=969173791,https://en.wikipedia.org/wiki/Levi_Strauss
2020,Crown Castle,,496,Jay A. Brown,Jay Brown,,,,,https://en.wikipedia.org/w/index.php?title=Crown_Castle&oldid=968967525,https://en.wikipedia.org/wiki/Crown_Castle
2020,Simon Property Group,,497,David E. Simon,,,,,,https://en.wikipedia.org/w/index.php?title=Simon_Property_Group&oldid=968552635,https://en.wikipedia.org/wiki/Simon_Property_Group
2020,Cerner,,498,Brent Shafer,,,,,,,
2020,Post Holdings,,499,Rob Vitale,,,,,,https://en.wikipedia.org/w/index.php?title=Post_Holdings&oldid=961921985,https://en.wikipedia.org/wiki/Post_Holdings
2020,Huntington Bancshares,,500,Stephen D. Steinour,,,,,,https://en.wikipedia.org/w/index.php?title=Huntington_Bancshares&oldid=970215410,https://en.wikipedia.org/wiki/Huntington_Bancshares
2020,KBR,,501,Stuart Bradie,,,,,,"https://en.wikipedia.org/w/index.php?title=KBR,_Inc.&oldid=966373690","https://en.wikipedia.org/wiki/KBR,_Inc."
